"","TCGA-FV-A495-01","TCGA-CC-A3MB-01","TCGA-BC-A3KF-01","TCGA-DD-A4NV-01","TCGA-CC-A1HT-01","TCGA-BD-A3EP-01","TCGA-CC-A3MA-01","TCGA-ZP-A9CV-01","TCGA-DD-AACY-01","TCGA-XR-A8TG-01","TCGA-CC-A9FW-01","TCGA-BC-A10Y-01","TCGA-KR-A7K7-01","TCGA-ED-A459-01","TCGA-PD-A5DF-01","TCGA-ED-A5KG-01","TCGA-DD-AAVX-01","TCGA-ED-A7PY-01","TCGA-RC-A7SF-01","TCGA-DD-AAW0-01","TCGA-ED-A66X-01","TCGA-DD-AAC8-01","TCGA-FV-A3I1-01","TCGA-RC-A7S9-01","TCGA-ZP-A9D2-01","TCGA-G3-A5SL-01","TCGA-CC-A3M9-01","TCGA-BC-A216-01","TCGA-ED-A7XP-01","TCGA-DD-A11A-01","TCGA-DD-A73B-01","TCGA-DD-AACA-01","TCGA-DD-A1EH-01","TCGA-DD-AA3A-01","TCGA-RG-A7D4-01","TCGA-DD-A73F-01","TCGA-WX-AA46-01","TCGA-K7-AAU7-01","TCGA-DD-A3A2-01","TCGA-EP-A26S-01","TCGA-FV-A2QQ-01","TCGA-3K-AAZ8-01","TCGA-DD-A3A5-01","TCGA-DD-AADP-01","TCGA-CC-5259-01","TCGA-DD-AAD2-01","TCGA-ES-A2HT-01","TCGA-CC-A8HU-01","TCGA-ES-A2HS-01","TCGA-2Y-A9H0-01","TCGA-2Y-A9GU-01","TCGA-RC-A7SB-01","TCGA-FV-A4ZP-01","TCGA-DD-AAD3-01","TCGA-DD-AAW2-01","TCGA-DD-A39V-01","TCGA-DD-AADD-01","TCGA-DD-AADW-01","TCGA-DD-AACS-01","TCGA-2Y-A9H4-01","TCGA-DD-AADV-01","TCGA-G3-A7M7-01","TCGA-DD-A4NK-01","TCGA-ED-A97K-01","TCGA-T1-A6J8-01","TCGA-DD-AACV-01","TCGA-DD-A4NF-01","TCGA-DD-A3A8-01","TCGA-G3-A25S-01","TCGA-DD-A1EL-01","TCGA-DD-AACH-01","TCGA-WQ-A9G7-01","TCGA-DD-A4NO-01","TCGA-G3-A7M9-01","TCGA-CC-5261-01","TCGA-ZS-A9CG-01","TCGA-CC-A123-01","TCGA-5R-AA1D-01","TCGA-BC-A69H-01","TCGA-DD-AAVZ-01","TCGA-DD-AAD0-01","TCGA-EP-A2KA-01","TCGA-2Y-A9HA-01","TCGA-DD-AACD-01","TCGA-DD-AAE7-01","TCGA-BC-A8YO-01","TCGA-DD-AAE2-01","TCGA-DD-AAEG-01","TCGA-XR-A8TF-01","TCGA-CC-A5UC-01","TCGA-KR-A7K0-01","TCGA-CC-5263-01","TCGA-K7-A5RG-01","TCGA-G3-AAV4-01","TCGA-ED-A627-01","TCGA-2Y-A9GZ-01","TCGA-DD-AACX-01","TCGA-DD-AAVR-01","TCGA-G3-A25T-01","TCGA-MR-A8JO-01","TCGA-DD-AAEK-01","TCGA-DD-A1EE-01","TCGA-DD-AACL-01","TCGA-KR-A7K8-01","TCGA-FV-A3I0-01","TCGA-DD-AADA-01","TCGA-G3-A5SM-01","TCGA-G3-A3CH-01","TCGA-G3-AAUZ-01","TCGA-DD-AAVV-01","TCGA-DD-A4NP-01","TCGA-ED-A66Y-01","TCGA-LG-A6GG-01","TCGA-DD-AAE4-01","TCGA-HP-A5MZ-01","TCGA-G3-A5SI-01","TCGA-DD-A1EI-01","TCGA-G3-AAV1-01","TCGA-DD-A113-01","TCGA-DD-AACB-01","TCGA-CC-A9FS-01","TCGA-BC-A5W4-01","TCGA-2Y-A9H5-01","TCGA-BW-A5NO-01","TCGA-CC-A7IE-01","TCGA-KR-A7K2-01","TCGA-DD-AADM-01","TCGA-CC-5258-01","TCGA-2Y-A9GX-01","TCGA-LG-A9QC-01","TCGA-DD-A11C-01","TCGA-BC-A10Q-01","TCGA-4R-AA8I-01","TCGA-FV-A4ZQ-01","TCGA-BC-4073-01","TCGA-DD-AADQ-01","TCGA-DD-A1EA-01","TCGA-WQ-AB4B-01","TCGA-RC-A7SH-01","TCGA-BC-A10T-01","TCGA-DD-A39W-01","TCGA-RC-A6M5-01","TCGA-UB-A7MD-01","TCGA-2Y-A9H6-01","TCGA-5C-A9VG-01","TCGA-CC-5264-01","TCGA-DD-A4NS-01","TCGA-QA-A7B7-01","TCGA-DD-AAEB-01","TCGA-DD-A3A6-01","TCGA-UB-A7MF-01","TCGA-DD-AACW-01","TCGA-G3-A7M6-01","TCGA-GJ-A6C0-01","TCGA-DD-A3A3-01","TCGA-WX-AA44-01","TCGA-MR-A520-01","TCGA-DD-AADK-01","TCGA-DD-A73D-01","TCGA-DD-A4NN-01","TCGA-ZP-A9CZ-01","TCGA-CC-A8HS-01","TCGA-G3-A6UC-01","TCGA-CC-A7IH-01","TCGA-BC-A69I-01","TCGA-K7-A6G5-01","TCGA-BC-A10U-01","TCGA-DD-A4NG-01","TCGA-UB-A7MC-01","TCGA-UB-AA0U-01","TCGA-DD-A4NB-01","TCGA-ED-A8O6-01","TCGA-DD-AACQ-01","TCGA-G3-AAV6-01","TCGA-DD-A3A4-01","TCGA-DD-A1EK-01","TCGA-FV-A3R2-01","TCGA-BC-A10Z-01","TCGA-WJ-A86L-01","TCGA-G3-A25Y-01","TCGA-ED-A82E-01","TCGA-DD-AACU-01","TCGA-DD-A4NJ-01","TCGA-2Y-A9H1-01","TCGA-FV-A496-01","TCGA-DD-A4ND-01","TCGA-DD-A1EF-01","TCGA-DD-AAEH-01","TCGA-2Y-A9H2-01","TCGA-2Y-A9GW-01","TCGA-ZS-A9CE-01","TCGA-DD-A4NQ-01","TCGA-5C-AAPD-01","TCGA-DD-AAVW-01","TCGA-EP-A2KC-01","TCGA-MI-A75E-01","TCGA-DD-A116-01","TCGA-GJ-A9DB-01","TCGA-CC-A7IL-01","TCGA-DD-AACC-01","TCGA-FV-A3R3-01","TCGA-HP-A5N0-01","TCGA-K7-A5RF-01","TCGA-ED-A7PZ-01","TCGA-YA-A8S7-01","TCGA-DD-A39X-01","TCGA-DD-AACF-01","TCGA-DD-A1EC-01","TCGA-DD-AAE0-01","TCGA-G3-AAV0-01","TCGA-XR-A8TD-01","TCGA-CC-A5UE-01","TCGA-DD-AACJ-01","TCGA-G3-AAV5-01","TCGA-DD-AAVS-01","TCGA-DD-A11B-01","TCGA-MI-A75C-01","TCGA-ED-A8O5-01","TCGA-BC-4072-01","TCGA-DD-AAW3-01","TCGA-G3-A5SK-01","TCGA-BC-A110-01","TCGA-DD-A3A7-01","TCGA-DD-AACN-01","TCGA-DD-AAD5-01","TCGA-CC-A3MC-01","TCGA-DD-A73A-01","TCGA-DD-AADI-01","TCGA-CC-A7IG-01","TCGA-G3-AAV3-01","TCGA-MI-A75H-01","TCGA-DD-A73E-01","TCGA-2Y-A9H7-01","TCGA-CC-A8HV-01","TCGA-DD-AADJ-01","TCGA-DD-AAD6-01","TCGA-BC-A10S-01","TCGA-LG-A9QD-01","TCGA-DD-A3A1-01","TCGA-DD-AACZ-01","TCGA-CC-A7IK-01","TCGA-DD-AADO-01","TCGA-CC-A7II-01","TCGA-DD-AAW1-01","TCGA-NI-A8LF-01","TCGA-FV-A23B-01","TCGA-DD-AADC-01","TCGA-G3-A3CJ-01","TCGA-ZP-A9D1-01","TCGA-DD-A73C-01","TCGA-G3-A25X-01","TCGA-DD-AACP-01","TCGA-UB-A7MB-01","TCGA-DD-AADG-01","TCGA-RC-A6M6-01","TCGA-DD-A4NH-01","TCGA-EP-A12J-01","TCGA-CC-5262-01","TCGA-ZS-A9CD-01","TCGA-DD-AAE9-01","TCGA-BD-A2L6-01","TCGA-DD-AAEI-01","TCGA-2Y-A9H3-01","TCGA-2Y-A9GV-01","TCGA-DD-AADS-01","TCGA-DD-A114-01","TCGA-DD-A39Z-01","TCGA-UB-A7MA-01","TCGA-EP-A2KB-01","TCGA-DD-AAEA-01","TCGA-UB-AA0V-01","TCGA-2Y-A9GY-01","TCGA-XR-A8TE-01","TCGA-ED-A4XI-01","TCGA-DD-AACG-01","TCGA-NI-A4U2-01","TCGA-DD-AAC9-01","TCGA-DD-AAE1-01","TCGA-DD-A11D-01","TCGA-DD-AADY-01","TCGA-ZP-A9D4-01","TCGA-DD-AAED-01","TCGA-DD-AACK-01","TCGA-DD-AAVQ-01","TCGA-BC-A112-01","TCGA-DD-A118-01","TCGA-DD-AACO-01","TCGA-DD-A1EB-01","TCGA-DD-A4NL-01","TCGA-EP-A3JL-01","TCGA-DD-AAD8-01","TCGA-5R-AA1C-01","TCGA-G3-A3CI-01","TCGA-G3-A3CK-01","TCGA-MI-A75G-01","TCGA-G3-A5SJ-01","TCGA-5R-AAAM-01","TCGA-BC-A3KG-01","TCGA-2Y-A9GS-01","TCGA-BD-A3ER-01","TCGA-BC-A10X-01","TCGA-MI-A75I-01","TCGA-CC-A7IF-01","TCGA-DD-AACE-01","TCGA-DD-AAVY-01","TCGA-DD-A1EG-01","TCGA-ED-A7PX-01","TCGA-DD-AAD1-01","TCGA-DD-AADN-01","TCGA-2Y-A9H9-01","TCGA-G3-A25Z-01","TCGA-BC-A217-01","TCGA-BC-A10R-01","TCGA-ED-A7XO-01","TCGA-G3-AAV7-01","TCGA-GJ-A3OU-01","TCGA-DD-AADB-01","TCGA-RC-A7SK-01","TCGA-DD-A4NE-01","TCGA-DD-AACT-01","TCGA-ZP-A9D0-01","TCGA-DD-AADF-01","TCGA-DD-A1EJ-01","TCGA-DD-AAVU-01","TCGA-G3-A3CG-01","TCGA-BC-A10W-01","TCGA-O8-A75V-01","TCGA-DD-A3A9-01","TCGA-DD-A73G-01","TCGA-DD-A1ED-01","TCGA-WX-AA47-01","TCGA-G3-A7M5-01","TCGA-DD-A4NI-01","TCGA-2Y-A9H8-01","TCGA-2Y-A9GT-01","TCGA-CC-5260-01","TCGA-DD-A119-01","TCGA-FV-A2QR-01","TCGA-G3-A25V-01","TCGA-CC-A8HT-01","TCGA-DD-AADL-01","TCGA-XR-A8TC-01","TCGA-CC-A7IJ-01","TCGA-5C-A9VH-01","TCGA-DD-AADR-01","TCGA-2Y-A9HB-01","TCGA-DD-AAE3-01","TCGA-DD-A4NA-01","TCGA-DD-AACI-01","TCGA-DD-AADU-01","TCGA-EP-A3RK-01","TCGA-CC-A5UD-01","TCGA-DD-AAEE-01","TCGA-ZS-A9CF-01","TCGA-RC-A6M4-01","TCGA-G3-A7M8-01","TCGA-DD-AAVP-01","TCGA-UB-A7ME-01","TCGA-DD-A4NR-01","TCGA-G3-A25U-01","TCGA-DD-AAE6-01","TCGA-G3-AAV2-01","TCGA-ZP-A9CY-01","TCGA-DD-A39Y-01","TCGA-DD-A115-01"
"REG3A",6.877,1.3448,0,0.5688,3.3908,1.2647,0,9.9536,3.5733,3.5285,15.9611,0.5637,13.8213,6.8448,0,1.3294,1.7197,0,0,6.6584,0,16.6268,0,0,0,12.3999,0,7.2556,16.025,0,0,12.3616,0.4895,0.7212,8.4228,0,2.0011,8.8912,0,8.5212,5.0954,0,1.9915,1.5979,12.9423,0,2.5389,7.8788,0,0,0,10.9788,0,5.7218,10.5894,10.8994,8.0921,0.8341,6.869,0,0.5213,7.0727,7.2496,6.0283,0,2.7186,16.1439,15.7626,13.1394,9.0274,8.9586,0,0,8.2999,0,1.2455,0,0,15.1595,7.1889,16.991,7.8113,12.3834,15.811,0,0,0,5.6556,8.9253,1.4237,17.6833,11.1291,0,12.9126,0,3.3036,4.292,13.827,0,2.8217,9.3253,9.4819,7.2515,0,0.6665,1.3801,6.5963,0,0,9.3131,19.5473,0,1.0882,0,1.5457,0,0.8586,17.0417,0,12.0358,0,4.947,5.2883,0,0,2.2518,0,0,0,9.7389,3.3215,1.7243,9.7136,10.4731,9.8239,13.1628,13.328,2.152,0,0,9.3506,0,13.7522,12.3122,6.8244,2.8658,13.575,3.3479,13.7286,2.8404,0,6.2363,1.1322,0,14.2164,0,0,11.6995,5.2783,0,0,0.6064,11.7211,12.267,9.0024,4.2783,13.4425,5.7192,4.6148,0,2.8784,5.5054,5.5963,11.9864,0,4.1486,0,0,0,1.0438,5.386,2.9848,0.8427,0,0,1.1605,4.6511,2.7323,0.5896,1.722,0.6295,15.8223,0,6.2405,7.3073,7.0529,14.038,0,7.1537,0.9514,5.7313,0,0,4.2183,2.599,2.6655,2.0771,11.1097,4.4467,0,0,1.6456,6.6604,4.5363,0.5506,0,3.2956,0,0,6.39,6.2023,0,5.817,2.3658,15.6004,3.3563,2.1488,5.9016,2.4339,17.6196,17.8142,9.5276,0,0.6984,0,3.5765,0,1.6313,0,0.624,1.3185,0,12.0898,18.1718,5.0209,0,4.6866,12.1487,6.1776,0,4.6895,17.2866,0,12.7888,5.7839,4.9112,2.4695,6.649,3.7028,14.9504,0,0,0,0,0,1.9616,0,0,0,0,0,0,19.911,2.4868,6.4883,0,4.4356,0,5.7482,0,13.8028,1.5321,2.9227,0,0,1.1838,0,0,8.199,5.5547,3.5084,6.8305,0,15.7116,4.9408,2.8666,0,0.4792,8.7072,0.7998,1.9013,9.7417,0,6.239,9.7242,2.5761,5.5341,5.1641,0,0,0.6228,0.999,0,0.8795,15.2998,4.9064,0,0,0,0,5.7995,1.435,8.688,0.7971,1.3412,0,10.4046,0,6.792,19.0586,10.9837,2.0221,0,0,0,2.1875,8.994,0,3.9859,10.6356,2.2428,1.3944,0,0,1.8309,2.8014,0,5.857,9.0086,15.2086,17.2012,5.9322,13.0201,0,9.0309,0,15.0616,0,4.3945,0,0.6947,2.0656,3.2498,1.8777,0.8349
"XIST",6.3914,0.1275,12.8823,10.3716,4.0486,10.9487,0.8729,0,0.7882,0.2627,6.938,0.6097,8.6065,0,11.8294,13.4331,2.1507,11.7597,3.977,0,1.7931,0,12.2575,12.0133,0,4.3102,0,13.265,13.9139,2.4264,12.5549,0,0,13.6307,6.8054,12.7326,0,4.2017,12.7074,0,0,0,8.8734,2.484,5.5783,0.9455,2.1296,11.1248,1.7832,0,13.3317,7.1106,2.8446,0,3.6643,3.1076,10.517,0.4765,2.025,0,8.7732,2.5237,13.7354,0,1.4985,1.3757,0,0,4.2929,4.5137,0.1791,12.7389,1.0458,12.7901,0,0,7.8297,11.7607,0,0,12.2421,11.2249,9.8065,0,0,10.0935,4.9484,12.0224,0,2.2436,0,1.1054,2.5041,10.4695,2.5563,14.1718,0.6607,0,7.8006,2.0474,2.0973,0,11.055,0.7644,8.2271,12.2383,11.235,0.7083,1.506,0,0,14.1289,13.29,6.6697,2.8859,3.7452,0.4923,0,12.284,7.0679,0.72,0,12.5717,5.5527,0,6.0423,0,0,0.4216,1.8814,0.5592,12.7605,2.8756,3.8253,12.2036,0,0,0,1.1857,5.7215,12.0443,12.9693,0,13.493,4.1309,5.2171,13.4909,4.8943,0,9.8793,0.6399,0,14.229,11.7149,1.0391,8.9313,0.8686,11.3407,12.5978,11.1157,0,0,0,3.3982,0,1.4989,5.3398,0,0.4908,0,4.1822,8.8231,0,10.1532,0,10.7834,1.2038,13.0813,12.9392,12.5875,9.2667,2.3319,14.6397,0,7.1146,14.1667,10.2126,0,13.3193,0.5305,12.9675,3.5769,6.7415,0.7688,1.3818,2.9744,0,0,4.3468,0,11.1117,12.4213,1.6323,4.4187,2.5185,3.4079,0,12.2709,9.7965,5.5896,12.3675,0.6156,1.909,0,0,0,2.303,13.4187,13.9384,3.2861,0,9.6678,0,0,1.0135,0,2.1819,7.8531,1.7252,9.1736,2.6925,2.5269,8.3319,13.4604,8.0386,1.2426,5.6258,0,5.1107,10.6219,2.8024,0,1.2389,0,4.482,14.1044,2.1044,0.8184,13.8749,13.0848,0.645,0,0.8447,0,8.1111,13.9682,0,0,3.9331,1.7073,1.3337,0,4.1993,13.3879,0,0,3.7205,11.8757,11.0408,0,13.4829,10.8367,1.4338,0,5.303,0.0999,0,0,12.4582,13.4695,13.3433,2.853,0.3372,0,0,11.626,0,13.3027,4.8313,3.622,9.8147,0,3.6788,0.91,0,3.0962,12.4997,14.051,1.5711,0.984,12.2104,4.4913,5.7328,0,0,3.7499,12.3656,13.3917,0,0,0.9636,11.6437,11.8686,2.451,1.0705,0.7573,0.608,4.2634,14.0066,9.7896,13.0157,8.7729,11.2432,0,2.6709,3.4112,3.3976,6.0587,7.2243,2.0916,11.1274,2.065,2.6303,8.0519,2.0522,12.5881,0,0,2.8223,7.9472,0,13.9496,2.6924,4.6126,0,2.0623,0,14.6123,0,2.8303,0,1.155,0,1.756,10.642,1.9279,0,1.7753,13.0888,14.43,11.3227,0.7112,12.5265,0,0.9447
"RPS4Y1",0.8379,11.7854,0,9.312,12.2355,3.0025,12.6949,11.6102,11.9737,11.2592,13.2234,11.9573,1.254,7.4063,1.4682,0,12.493,1.9778,8.5033,9.4813,11.6594,12.777,0,1.1382,8.3453,11.6167,11.6405,8.1918,0,11.3435,2.0727,13.0223,8.7253,0.7212,8.8856,2.6384,11.73,12.107,0,12.2508,12.0397,12.5719,0.8025,12.6753,1.3842,10.4321,12.6596,0.6218,13.9409,7.8992,1.4159,11.4074,12.948,12.2015,8.0296,13.0766,6.9598,11.9056,10.815,8.2943,12.2169,12.0506,0.7795,10.253,8.4877,12.1499,11.5776,11.4339,8.0611,7.7367,11.2537,2.3627,12.2118,7.8653,12.1512,12.24,0.92,0,14.5382,12.0513,1.7344,0,7.3448,9.9652,11.7426,2.0465,12.0149,1.6129,12.5393,9.8544,12.4155,11.789,9.8953,0,11.6795,0.7507,6.9424,12.388,0,11.1975,12.9188,11.3283,0,12.0958,1.4655,0,9.2458,11.5785,13.2369,11.4112,11.7407,0,0,2.1863,11.6656,11.5919,12.1578,12.7781,0,2.3093,11.7207,12.4246,3.0859,12.6623,9.1598,12.1355,12.9127,8.3741,11.7238,10.8579,9.1029,1.2525,8.2277,13.2968,9.0115,12.3601,11.4906,12.9969,7.5329,12.4303,0.6748,3.2419,11.1842,2.23,8.7918,11.4766,3.4342,11.9719,12.9071,0,12.5429,13.2925,2.9551,1.8892,13.405,2.5096,11.6311,0,2.3974,1.786,11.6683,12.6475,11.6044,11.2589,12.67,12.259,10.8233,12.222,12.1421,11.1576,10.36,0,12.3056,0.6675,10.9077,2.59,11.3427,1.1979,0.7362,2.2907,0,11.5757,1.3712,13.9777,0.7168,0,0,12.4042,6.8402,11.7229,0,7.67,9.8751,11.9853,12.4117,10.684,9.0094,11.4372,6.1078,11.1038,0.6533,0.726,11.2402,7.7416,12.3888,1.9888,8.1996,0,0,8.6521,0,7.0551,13.2794,13.4096,8.9016,11.8404,13.4682,0,0,12.5018,11.7574,1.2224,8.2321,12.9261,12.6427,11.2236,11.9149,0,13.7585,0,12.6229,12.0852,0,0,1.0562,13.2073,12.9672,8.4568,13.0767,1.662,11.8505,9.935,14.6727,12.0454,11.8833,0,11.9994,12.7542,0,0,10.5582,7.5877,12.313,9.148,7.3847,0,7.4242,12.8153,12.0706,12.0502,8.9524,12.4682,10.5765,0,10.1307,10.8989,0,2.1531,0,11.8711,0,0,11.899,11.7887,14.412,11.3066,10.7081,13.2772,1.0856,0.9438,2.3103,13.2185,12.3439,12.8577,12.3193,0,13.2809,0,11.5064,11.2142,1.5297,12.0509,12.406,12.5118,11.9723,8.9696,1.3346,0,11.6931,11.968,0,12.2004,8.7611,7.5207,11.8299,12.5246,0,0.7081,13.8697,11.2271,11.8328,0,3.819,10.8015,13.5884,11.0681,12.9654,11.0198,1.112,1.8284,1.8375,0,1.2022,14.2219,11.6083,7.9059,12.3317,2.3588,3.9206,11.4643,1.7173,8.3159,11.7096,0,10.5561,0,12.72,10.9725,12.2135,7.8958,7.1347,3.8105,9.4239,11.7828,13.1549,11.9359,13.0387,0.8926,10.2533,7.879,12.44,7.5886,12.4597,12.1364,0,12.1067,12.5857,9.6521,2.4145,0,1.5138,12.1862,0,12.7114,11.7389
"GSTT1",12.4331,11.5363,12.2054,10.1679,0.3461,10.8025,9.8519,11.2609,0.7882,11.6966,0,11.8618,11.629,0,2.1807,9.4666,1.1022,10.7034,10.8111,0,11.6084,0.6509,11.588,11.034,9.7733,10.9437,0.8982,10.745,10.7117,0.6061,11.0187,12.2531,11.1773,10.2475,1.3074,11.2071,11.2363,10.0257,12.6596,11.1193,11.3668,0,12.4093,0.7448,11.0685,0,12.9729,11.2755,12.7023,10.3081,11.2863,11.7077,11.9474,0,11.3465,0.9574,0,9.7968,0,0,1.2051,0.833,11.1742,0,11.8674,0,13.4336,12.8184,10.8436,1.242,0,10.5243,11.4397,9.3831,9.8054,12.6455,11.763,10.6718,11.5161,0,0,11.7635,10.5614,11.3447,0,4.2734,10.8822,11.0024,11.9741,9.8804,12.9537,9.1891,10.2824,11.4299,10.7951,11.22,10.9816,10.8797,11.2893,10.7446,1.0656,10.1653,10.3497,12.856,10.7661,0,12.0892,10.9317,11.7569,10.248,11.2716,9.7117,10.914,12.0786,10.8628,11.3362,11.6059,10.6156,10.0264,11.1722,3.0214,12.9639,11.3579,12.5346,0.8459,1.9343,11.5344,9.5702,11.396,12.0982,10.5183,10.9227,11.9193,9.7871,10.296,0,12.0485,10.4857,1.5421,0,1.1328,11.5987,11.8968,0,10.043,8.7201,10.6526,3.801,0,13.3018,12.1721,1.1837,3.8979,10.3438,2.0582,10.4261,12.4181,11.4342,0.6869,10.4674,10.4413,0,12.2101,13.3883,12.9846,11.1768,11.621,10.3264,11.5187,10.6125,1.1831,10.9897,0.5993,10.909,12.8473,11.3153,10.9116,11.3649,10.7488,10.5174,0,10.9388,11.328,12.7373,11.9347,10.6125,0,11.401,11.1733,0.8207,1.4011,10.7711,11.8418,11.6759,10.4886,11.5909,12.0975,10.7963,1.5774,1.5197,12.2916,1.5666,12.4665,1.6788,9.7302,0.6725,1.8382,10.6702,0,1.5881,0,0,0,12.5987,2.4974,11.4085,10.8741,11.2062,10.6436,10.9108,11.0054,11.1739,4.2823,0,5.5021,11.3725,0.8942,0.7872,1.9077,1.1945,13.5087,11.9801,10.8764,2.2437,1.6594,0,11.0687,10.8527,12.6126,10.1515,11.1732,11.4364,8.9239,0,12.4271,0,0,0.8184,0,11.771,1.7026,9.8786,0,0,10.6965,9.6437,11.9204,0,10.9485,0,1.0146,0,11.0226,10.8972,0,7.8345,11.5901,10.0055,11.5568,0,1.5764,11.7604,0,0,0,11.2689,12.1375,0,11.0498,11.1869,12.0727,10.1525,10.802,10.5147,10.9046,11.3625,11.5795,0,11.1808,0,0,11.3278,11.3776,11.6988,11.4162,1.1755,11.0743,9.9948,11.1149,11.0792,0,10.8842,11.0487,2.0963,11.6022,10.8567,0.6287,10.2104,0,11.277,0,0.5843,11.3627,12.1319,10.0282,9.9921,0.608,0.7028,11.2843,11.0183,12.3219,0,10.7338,12.9808,11.121,9.57,12.1274,12.4465,2.583,10.9432,0,0,12.1262,11.2832,12.143,10.3282,0,11.728,12.2423,11.1558,11.4771,1.6653,9.9874,11.4704,11.2517,12.0847,12.3718,10.1442,0,0,1.0969,1.3448,11.2006,11.2063,12.6818,12.5627,0,0,10.3621,0.6558,1.1616,13.2672,11.1295,10.1956,11.5629
"XAGE1D",11.7559,0,5.6202,5.5814,13.7071,11.6748,0.8729,0,0.7882,9.0321,11.6511,11.7993,12.3565,0,12.9698,2.0092,0,0,10.705,0,0,9.5964,11.6022,0,0,0,11.3444,7.2747,0,3.5163,0,3.1441,0,0,13.291,11.6393,0.6786,2.6256,0,3.5322,10.2778,6.7028,9.537,0,0,0,0.8495,5.6447,0.8951,13.1254,0,11.5991,0,1.5332,0,6.6009,11.1363,0,0.8217,10.9854,10.0179,0.833,1.2827,0,5.7686,12.1012,1.4585,0,12.7112,7.0376,10.3196,0,0.6855,12.2704,0,0,0,0,13.6823,0,0.6616,1.9875,12.0346,0,0,5.2356,10.3944,0,10.2527,0,2.1628,9.7644,10.7705,2.1974,5.3697,10.4087,0.6607,0,0,0,0,1.9172,6.096,12.155,0,1.7674,4.776,0,1.9109,0,0,0,10.5419,11.2489,0,1.7999,0,0,0,13.2437,0,6.6508,0,11.3258,0,0,11.6257,0,0,0,12.5637,1.5076,10.1998,0,10.1647,8.6772,1.0961,0,1.1857,12.0561,0,0,10.5553,0,0,11.5195,1.3498,13.0759,9.3806,0,0.5588,0,12.2109,10.876,0,0.8339,0,1.7411,0,0,0,0,0,0.5872,0.8142,7.5644,6.9984,11.5737,4.9722,0.6346,1.539,0,0,1.122,0,11.8797,0.9023,11.8297,12.6058,0,0,8.8211,9.0803,8.275,0.7168,10.1176,0,0,0,0,9.8853,8.6447,13.0555,0,10.426,1.8888,0,10.9512,9.2555,0.9514,0,3.3443,0,8.4073,1.0085,0,1.5517,0,0,0,11.4134,7.3795,7.7974,1.7494,0,0,0,0,7.2459,4.3399,1.0375,6.2916,0,0,12.4529,0,1.8383,3.9555,1.071,0,0,0,11.3304,0,1.0562,2.3501,1.7122,0,10.8182,10.5927,11.6783,0,6.593,0,0,3.8782,0,0,2.2805,0,0,8.1194,0,11.969,12.843,0,0,9.2535,0,12.9965,10.6183,8.2129,0,0,0,0,0,0,0.9727,0,0,13.2984,0,0,12.8365,1.0925,0,2.2868,8.609,0,1.4314,0,10.978,0,1.0501,0,0,0,0,8.8225,13.0156,0,0,0,1.7558,12.4516,6.8569,11.629,11.6954,2.445,0,12.6461,0,2.0963,0,11.4873,0.6287,0.7081,0,9.1049,7.1155,13.5989,1.6715,11.794,0,0,0,9.8825,1.112,4.5828,0,11.9107,12.8836,0,6.4283,0.4545,0,0,0,4.1859,0,11.5419,1.7623,1.5924,3.853,2.5211,0,10.8348,8.4863,13.3452,11.2107,0,1.3857,0,9.5065,5.4194,4.6219,0,0,0,7.3106,0,6.7405,8.9854,0.6265,0,2.4241,0,12.5072,0.6558,0,0,8.2774,1.225,11.5692
"MYH4",11.7657,0,1.1212,0,0,5.5419,0,0,15.1944,5.0759,0,4.7192,0.7592,1.9443,7.7308,5.078,0,14.0096,10.6624,10.0354,11.3209,0,4.9202,10.294,0,0,1.4475,0,1.1061,11.4159,0,0.5217,8.0065,0.7212,2.933,7.6875,0.6786,0,0,0,11.7701,0,8.5112,10.4859,6.7452,12.7638,16.3653,7.7655,0,0,14.0627,5.5218,2.687,0,0,2.2532,1.963,9.6315,0,0,10.703,15.797,0,0,0,8.2214,0,0,1.1225,0,4.5026,1.41,3.2503,11.6372,8.5777,0,0,13.6019,1.6735,13.0203,0,1.1284,4.4019,1.0264,1.2613,0,4.6381,14.9583,0,7.6285,0.7617,2.6723,9.6013,0,0.6566,8.6127,2.8856,12.3239,1.8488,12.1963,1.0656,1.131,0,0,0.6665,9.724,11.2739,5.6383,0,12.6801,0,8.9916,0,12.3275,4.508,6.7062,0,0,14.5195,0,0,4.8257,7.5897,12.8017,7.8744,12.2419,5.1547,0,0.6836,0,1.7518,2.2286,3.7401,0,11.486,0,0,1.7208,10.5984,8.1913,2.3715,13.1489,6.2774,13.8434,13.2833,5.672,0,7.9547,0,0,2.9303,7.8368,2.3142,9.1116,8.9717,6.5199,4.0612,10.4359,0,10.8896,10.5025,8.1023,0,0,0,1.2724,0,0,0,0,11.833,9.9046,0,0.6675,13.6523,0,0,11.6767,9.9025,11.0099,0.4856,7.9724,1.3712,0,5.4205,7.1729,6.6439,0,0,1.3406,0.6295,3.5157,4.2742,10.6274,0,1.5981,2.2961,0.6812,0,0,14.8195,0.726,4.7983,1.071,0,11.0261,0,0,5.5396,0,0,0,0,0,10.5328,10.3822,2.9606,10.8547,3.7461,0,1.6347,4.0875,0,11.1667,0,11.2911,0,12.7022,1.071,0,0,0,1.1,4.9196,13.6374,0,0,0,0,4.1072,0.583,10.3291,0,1.4847,0,0,1.4061,1.7181,10.8243,0,6.808,0,0.554,2.0137,0,10.8367,0,5.1532,2.646,0,0,0,14.5934,0.8844,0,5.6078,13.0357,8.3924,0,1.8418,0,2.9933,0,14.1549,4.2881,0,12.1139,8.916,4.9156,13.2795,3.749,0,0,8.559,1.8784,13.138,3.3448,0,0,4.9619,1.5297,0,1.902,0,0,3.2943,2.2646,5.3642,3.6248,0,10.3795,0,0,0,0,2.6915,2.2701,12.0294,1.3466,6.6698,5.8502,10.0815,12.8332,9.4832,3.2533,0,0,5.6962,1.112,11.5274,13.2332,13.8784,1.2022,3.8356,9.1373,0,0,8.909,14.4529,1.9875,9.4584,7.2166,0,9.8634,0,1.1276,13.2392,0,7.2365,5.3262,5.4724,8.171,0,1.2511,0,13.8958,0,1.1921,14.6068,0,0,0,1.0534,9.0931,0,0,0,10.9499,10.5613,0,2.845,0,4.2812,0.5319,6.2375
"PLA2G2A",12.4702,5.9412,10.3097,4.5678,12.7606,13.4652,6.2444,16.4224,16.5737,11.289,11.4333,4.4619,13.9043,12.7777,14.5105,0.5891,14.6561,8.8315,4.2841,7.5845,3.3039,5.8864,2.4162,14.806,9.0698,5.8923,1.1988,13.6112,8.3259,3.0548,11.7533,6.7276,7.104,5.8105,7.2496,13.0316,7.6073,11.1143,6.7968,0.9113,6.2973,15.2884,6.6541,7.9282,15.3844,15.8366,17.5042,3.3448,7.8598,9.2623,15.5634,6.4965,12.798,7.0061,1.5898,8.8504,4.6304,5.6971,0,9.1771,5.7102,16.9756,4.5367,10.6551,6.376,2.3183,4.6377,5.1709,3.8023,9.1001,15.5205,8.6364,13.934,8.861,6.3554,2.3542,4.5424,17.8659,7.0644,8.5076,0.6616,13.8043,9.5264,15.9079,12.6811,9.1421,8.3212,16.6024,7.3933,4.8035,14.5067,10.0071,12.6276,0,13.9979,13.0121,4.5641,14.4552,8.2131,16.4228,7.6275,14.5135,10.6714,6.261,0.6665,7.7319,14.5674,8.867,13.0173,14.8174,14.6721,0,0,12.8969,15.6463,7.0503,5.9447,6.3314,13.462,10.6218,1.8436,5.4357,5.7565,8.5396,9.2228,15.2134,12.5371,4.3247,11.1389,0,9.4887,3.2165,11.3692,6.817,11.6999,17.5687,14.2519,13.7992,2.4493,6.1805,0.6748,18.1237,12.3661,15.331,11.3342,8.7898,7.2795,7.6976,9.4007,3.915,16.6005,6.2363,10.9664,14.4659,16.4612,10.0301,10.409,13.1258,4.9769,5.3458,9.2035,7.1075,0,3.5295,11.7564,13.7165,7.0448,8.1363,10.5703,11.9634,15.9445,7.6335,5.0413,12.4488,12.1405,11.3504,11.1608,1.6585,8.5992,7.9167,4.308,9.075,3.1593,13.581,13.9131,12.7181,7.6783,10.2252,11.9399,13.9147,5.3358,17.5731,13.4339,3.9801,10.5237,11.2748,8.2204,12.1361,5.8958,13.7673,15.2123,8.979,10.7813,11.8198,11.3922,13.4099,10.1574,13.491,7.2588,11.3451,8.8643,1.6456,0.556,1.7494,5.4965,12.3026,12.2092,5.319,13.2022,0,15.4256,14.2906,12.1638,5.9572,10.924,14.6398,8.6571,10.8902,9.7187,4.9373,11.9531,3.7286,7.7548,6.3233,6.9167,0,5.1354,18.0373,2.773,5.2194,6.2422,9.9962,6.9038,9.0942,6.1366,8.7061,6.8745,16.1561,12.4328,11.9067,14.9903,16.2785,4.8855,2.0137,4.2504,10.635,8.4554,13.2833,14.3862,2.4676,10.01,8.0988,11.4397,13.5272,6.8402,14.9922,10.5105,3.0824,1.2891,6.8581,4.3096,1.6519,3.6258,12.6792,8.0573,9.6924,17.3978,4.4174,12.6084,1.5096,6.7309,0,7.8607,6.702,6.2969,13.0239,12.3773,6.9359,16.1854,13.338,5.4417,2.1549,12.2195,16.181,8.3776,7.904,12.126,9.0341,4.8868,14.8401,11.6242,9.9734,2.6193,0.8631,0,4.7447,6.544,7.7872,4.0384,12.0018,5.9032,8.3817,11.8853,9.495,14.6359,9.6933,5.2361,2.4314,9.9806,14.291,15.4646,13.6567,7.1677,5.5689,13.3093,13.3909,13.7953,11.0443,14.8676,17.5419,19.5937,2.9798,7.6364,12.5885,15.6261,2.1875,14.2631,8.0298,15.9906,10.0003,8.0955,9.4861,2.4424,9.1851,6.7941,15.2516,1.7003,4.8064,16.558,0.9143,6.4428,6.8769,9.7323,15.4857,1.0619,2.0175,10.6153,5.1232,13.5854,2.7559,5.988,10.4337,15.2372,1.6912,5.9572
"GSTM1",11.634,1.8855,12.2222,2.2829,1.7824,3.7682,2.8549,9.6914,1.6693,11.7668,2.3745,2.8511,9.3548,11.0989,1.7466,7.7231,11.2683,3.9722,1.5585,2.3155,9.3862,11.0569,1.3932,9.2324,11.4324,1.6986,8.9513,10.4776,2.4883,11.1917,12.9351,2.165,5.6523,5.0629,4.5313,11.8033,2.0011,8.4674,14.3517,14.1866,2.8603,0,2.2389,2.9555,8.7939,8.5757,11.1725,4.8854,11.6599,10.4797,12.1845,6.3663,0,10.567,12.3325,2.2532,7.6552,9.4871,1.3419,12.7826,2.0167,9.9618,13.9996,9.5315,3.4736,11.9031,3.4472,2.5858,4.3102,10.2427,10.5395,1.41,1.4981,9.2695,0,15.2725,0,1.2523,1.6735,0,2.8875,1.1284,1.2101,0,6.585,0.9219,13.552,1.8373,10.2431,1.8173,0,1.8825,12.9526,2.5315,1.7249,0,2.1653,1.9987,9.2054,3.1022,11.331,0.8427,9.2232,11.8907,0,7.2675,2.7428,11.8956,1.506,1.5927,2.8799,0,13.0862,12.2342,1.8316,13.6659,0.4923,11.0926,1.7575,3.4451,2.2879,3.3391,1.1689,11.355,7.7192,9.8485,12.7339,8.4527,11.603,1.563,1.2754,5.1709,14.1996,9.763,4.0491,0,2.3167,9.9081,3.7811,12.5031,3.028,7.6527,12.6641,6.7751,1.6792,1.2167,2.206,1.4165,12.8613,10.6315,10.0009,10.1704,9.2178,2.5527,9.6468,0.8339,13.7491,2.0977,12.7424,1.786,3.2767,2.048,2.3982,13.1538,2.4724,2.5741,4.0299,6.5549,1.1477,3.9415,8.0058,7.8825,1.6135,4.7486,9.0978,2.3741,3.0681,2.007,1.2213,6.5448,5.627,10.1386,12.9068,4.5926,9.7803,10.1422,0.8733,11.9872,10.1333,2.9812,14.7892,2.1632,1.7197,0.7688,1.3818,2.1306,2.6358,12.5098,2.8971,10.0572,7.438,2.4798,13.0652,9.6601,1.5962,4.5218,12.0293,8.825,6.8989,2.5889,1.2635,2.3944,12.075,2.3928,9.9251,5.0088,1.6018,5.1753,2.8849,3.3515,13.6864,13.0093,2.0899,8.7485,9.0212,3.4406,10.5964,7.8475,3.9365,13.5251,14.0316,14.1133,1.9482,0.6984,1.6594,0,4.7028,13.3136,1.6727,1.3914,2.4547,5.9324,0.6226,1.9991,1.8354,6.1569,9.2269,14.5693,0.7164,15.2895,3.058,1.9044,11.6857,2.6935,5.0549,5.4626,13.8056,0.7038,4.8851,3.6239,12.6332,2.0035,2.576,1.823,2.2976,10.8375,10.0736,2.3284,2.4144,3.1299,12.4055,2.0751,2.3134,3.0421,2.5553,2.0072,10.5079,1.5558,13.1083,1.5096,15.0093,8.065,9.4399,1.9561,2.2471,11.5272,8.9455,0.6985,2.6093,3.0945,1.5297,13.5352,3.2035,13.6772,12.219,3.0962,12.3952,2.7887,1.5711,2.9388,12.6488,11.4096,1.6802,14.5053,3.4858,11.1702,8.9363,0,2.493,12.2992,3.2687,1.9985,11.6016,2.5943,3.2533,10.2395,1.3631,2.9828,5.1636,1.8284,13.4902,12.2301,1.2022,3.0663,2.0241,2.4445,0,6.6748,8.5838,0,10.2317,12.8127,1.4825,2.5117,12.9945,6.4217,9.746,1.4789,1.5966,2.7007,2.821,5.2856,8.5592,10.317,10.0333,1.7606,11.6474,5.9398,7.8195,2.439,13.2027,4.0357,3.6196,13.4204,14.1397,1.7166,3.5749,9.9937,9.2945,12.037,3.0742,14.8708,12.1742,2.8563,12.268
"CPLX2",3.5878,4.5441,0,0,6.678,7.8166,5.8038,7.9052,2.2124,0,9.9989,0,12.0531,6.8871,0.668,2.0092,0,0.9853,2.9652,8.7804,2.443,10.9396,10.336,3.1386,4.6449,7.7017,0.5178,0,13.9135,5.8943,0,12.7236,0.4895,4.3994,10.8468,0.7253,0.6786,10.1167,0,9.824,10.7221,7.4529,1.9915,0.7448,7.3825,6.2479,9.4957,1.3876,0,1.1707,4.1443,0,7.4292,4.6066,8.6438,15.0867,7.5159,4.0579,0.8217,2.536,8.1798,6.4805,4.1275,1.4651,6.0007,0,12.2947,6.1362,9.6026,15.1794,5.7616,0.8708,13.2652,5.0851,0.7531,7.7054,0,10.8048,7.3165,1.9008,9.146,4.3627,9.6966,11.1816,0,6.2421,0,11.9213,1.8857,3.5775,13.2778,0.822,7.8703,9.6698,0,0,10.8678,6.0316,0.901,12.7932,8.8796,12.9755,2.1093,0,0,0,8.9062,9.4851,4.5852,8.7874,5.2719,0,2.1304,0,11.038,1.4085,2.6523,14.7864,12.2121,13.2857,0,0,0.6997,0,7.2827,1.5267,10.3164,8.7604,6.5872,6.2465,0,0,11.3266,6.3657,6.6144,3.2939,9.8252,4.5827,2.2703,0.5564,9.4024,13.1953,13.9426,3.0674,12.9198,0,8.1881,0,9.2629,3.0076,7.6381,2.9989,0,0,9.7334,5.6746,1.407,6.0677,10.3624,2.8809,2.8497,0,5.3883,8.8362,3.6293,6.7052,10.8813,12.1036,11.7123,2.1093,13.3712,6.2666,5.9488,9.4015,13.1672,0,0,0,1.2213,3.0758,2.4334,6.0346,3.0251,7.0281,2.0764,2.9624,0.8733,7.91,1.5942,12.7299,1.4011,13.0567,2.8311,9.5814,11.6461,10.3077,13.4362,0,8.9356,1.5197,11.0308,0.726,0,14.2858,1.5962,12.3438,5.9127,8.085,1.8483,4.7594,0,12.8573,11.2129,13.9157,8.1497,0,13.6129,1.0573,4.0229,3.5706,4.656,0,9.8051,0,10.3872,13.8693,4.7875,1.9645,2.7014,13.9736,11.568,12.6448,0,2.4219,3.56,11.5019,0,1.2622,10.9843,8.5813,13.9672,4.2892,2.5503,10.2253,9.342,3.1319,12.5306,9.6024,11.3846,0,3.058,13.5278,0.9533,6.2196,10.3283,2.548,7.796,6.0255,7.5837,11.4995,0,7.9919,3.078,0,0,3.9518,0,1.7219,0.5668,5.4044,0,7.7853,11.4035,6.9848,7.0307,1.3277,3.9493,0,6.4124,2.7097,12.8558,0.9606,10.3116,3.7111,6.5237,9.7068,6.7934,0.6985,0,11.5108,5.3445,12.2539,0,14.1688,3.2203,2.5933,3.3409,0,12.3269,7.9525,7.0176,8.0424,6.668,5.7169,14.5867,8.1084,1.0652,3.1051,9.8611,1.4376,8.2752,0.999,5.6489,0,0,6.5679,4.873,7.1899,0,7.7758,7.5955,3.594,3.1907,13.4117,2.4857,10.1506,6.8212,1.908,6.1809,5.4497,16.2493,1.3397,6.0615,0.7415,0,1.9864,10.5496,0.6743,7.006,11.7768,0,7.278,4.289,1.2511,11.0125,5.4394,3.1496,2.6181,6.6639,13.8147,12.7974,12.5373,14.6083,0,10.5816,0,12.1035,3.2195,7.5362,3.8314,5.3429,9.6067,2.8844,12.5638,0
"DLK1",5.2482,0.8237,0,4.3796,0.3461,0,0,3.8235,0,4.3118,9.9325,0.5637,1.9146,0.6505,0,14.9304,1.1022,10.5095,0,1.7106,14.3975,0,0,17.8066,3.228,0,0,0,6.3419,0,0,0,15.0257,0.7212,7.8976,0,3.2339,7.6768,3.2533,0.5265,0.7015,2.1318,0,16.6861,0,4.8926,2.3247,13.3495,4.3769,4.3051,4.4498,8.2716,1.4922,0.7061,1.0036,7.2717,6.2873,5.6862,0,1.956,5.8031,0,0,3.5316,0.6732,0,0.6625,0,0,0,4.9765,3.3385,0,1.7455,8.0969,0,16.051,10.0885,16.7979,13.3831,0,0,10.5969,8.827,0,0.5334,6.2053,1.8373,2.8206,14.1175,1.9192,0,0.7378,0,6.7729,2.1418,0,5.1782,4.2962,14.5968,11.6055,0.482,15.2764,0,1.1206,12.4414,2.2089,2.4428,3.2144,1.5927,5.8242,15.9245,0,2.5198,0,0,0.8586,0,1.7575,12.5328,3.9897,0.8711,13.0055,0,14.6046,0.9566,0.8233,14.844,4.1675,0,0,0,0,15.4755,0,0,0,3.8853,9.7017,2.2524,16.6995,11.2263,0,8.5519,14.8496,0,2.6235,0,3.5501,0,0.9606,16.3263,2.6242,0,6.5024,2.5096,4.9024,5.3181,0,0.575,0,6.2023,0,4.0505,4.7018,4.6879,6.9341,0.719,0,3.8887,0,1.1171,2.0321,1.122,0,0,0,0,0.7362,1.0438,0,4.8119,0,1.1086,0.7168,3.2701,12.5606,1.7737,0,0,2.5664,0.9029,0,10.2343,4.1371,1.2336,0,0,0.5812,3.3698,8.9868,5.1297,1.3408,2.4339,2.1831,2.9131,1.194,0,8.0283,6.5124,1.9266,0,0.9564,0.9596,13.841,0,1.8929,13.2487,7.4616,5.5811,6.956,8.6378,0,4.6963,0.594,0.6925,3.1256,5.8662,11.0578,0,0.8324,0,0,13.9416,4.4975,0,1.0965,0,3.3899,1.0582,0,13.7732,17.5034,1.4847,1.1918,0,2.1044,5.1122,0,0,0,4.4314,0,3.7173,4.6464,0,0,3.7631,0,0,1.0146,0,11.1659,0,2.6374,0.7855,5.0852,0,15.3803,0,3.6885,0,15.2977,10.5873,15.314,0.8115,1.6154,0,3.1467,2.9002,0,14.3564,0,0,0,2.9602,1.8548,2.9728,3.6117,0,0,0,0,0,0,0,7.163,0,0,1.6882,3.8208,0,2.2248,0,0,0.5814,0,2.8752,0,0,0,1.5837,4.9309,3.2324,0.9623,0.7573,0,8.0098,1.7324,6.9921,1.8375,1.435,7.0593,2.4398,0,0,0,12.373,2.1136,2.3651,2.1481,0,5.745,0,0,4.3613,8.8301,0,5.5089,0,0,16.0683,1.3857,10.1038,0.8895,1.1337,2.7278,0,3.3745,0,0,0,0.6208,0,0.6265,0,3.1113,3.1245,0,4.402,3.6727,0,6.2244,0.9197,2.6973
"PGC",6.504,0.8237,0,0,2.8,8.5636,0,0.7019,1.295,0,7.624,1.2836,16.8615,13.3413,0.668,5.4715,0,11.2906,0,4.9858,8.7581,9.8695,1.0596,1.1382,4.2627,7.1491,0.5178,3.6687,0,5.5847,0,9.172,8.1509,2.7733,12.1674,0.7253,0,1.1971,0,0,6.9728,0,0,0,12.9993,2.493,0.8495,1.3876,0,5.3142,0,0.6774,7.2082,0,0,4.561,8.5504,8.1416,0.8217,0,1.2051,4.1851,0,13.5718,1.9903,0,10.7643,3.5511,0,12.8028,3.1231,5.6166,5.3194,9.2895,6.2937,13.5003,6.2966,4.6145,4.0924,12.458,0.6616,3.9844,9.4123,12.3866,0,5.5839,0,1.021,4.7337,7.553,16.0743,6.7094,0,10.1331,1.7249,0.7507,0,1.3208,4.3887,4.8616,0,0,7.0736,5.9573,6.7919,2.5382,8.1292,1.5368,0,11.8798,1.8681,7.5513,0,0,11.8911,0.8697,0,6.6803,11.0434,13.4026,5.6861,3.9159,2.2465,4.9923,10.9561,1.5267,0,1.7569,0,1.2036,3.3883,5.0356,14.3651,3.2258,13.3726,8.9995,16.7976,1.1031,2.6085,0,6.431,4.4131,6.095,1.983,7.3958,8.6553,0,7.1881,2.6682,1.465,0,2.0631,5.334,0,0,5.3816,0,1.7411,4.022,9.9351,0,7.091,0,11.0044,1.3315,11.7561,5.1825,1.1966,0.8563,0.6346,4.4148,11.2154,0.5993,10.8361,0,1.8117,0.9023,6.6344,2.8057,11.2386,5.8734,1.4484,0,4.1974,0.7168,1.7952,6.7255,0,1.5942,9.7712,0.6295,8.6787,6.582,8.0068,8.537,1.2336,6.9791,0,2.6909,3.7157,0,0,0,18.3208,0,5.0982,1.8382,0.4863,10.1082,0,6.299,1.3766,0,0,3.5469,0,3.1924,9.0752,0.7737,0,12.0462,0,5.3637,7.6078,8.7834,3.8633,4.0405,10.6514,6.181,4.5577,5.4573,8.6792,0,3.0827,12.1396,0,0.65,0,5.5305,0.624,12.4823,10.5449,4.565,16.2767,7.0928,0.5428,6.5708,0,7.5106,0,1.933,10.883,5.3168,0,9.2021,5.6131,4.6005,4.2658,0,17.1619,0,0.8093,7.3314,0,1.2051,1.665,0,1.1039,0.5668,6.6511,0,0.6188,12.0931,3.1529,6.4242,0.8115,1.0229,1.5558,1.6981,0,0,0.9606,1.2119,13.9507,9.5475,1.1838,1.207,0,0,15.4146,0,14.8575,0,1.2132,0.6729,0,0.8164,2.9445,0.9896,1.3114,0,4.5736,0.7949,0.8631,1.0146,6.9202,8.4079,4.5348,3.1237,0,1.6597,1.806,2.6924,0,7.7441,10.3672,7.7259,0,0,0,0,6.2474,1.3929,1.982,6.5748,0,1.4795,1.6157,11.5127,0,0,2.0221,0,5.5859,0,3.1214,0,0,0,10.5715,0,11.8104,2.2107,10.5494,0,0,0,7.5882,4.2019,13.3307,13.6246,16.4855,3.1804,1.25,2.8037,0,16.7359,7.6521,1.0585,0,1.7966,7.1349,0.7734,0.5319,3.673
"CYP3A4",14.0289,10.7491,16.9389,12.104,4.1324,8.7157,12.0685,14.7371,8.2758,13.434,5.1079,10.9302,6.53,10.4116,11.8925,3.0108,11.657,11.8268,10.8072,13.4632,6.472,11.7892,9.2304,5.0887,11.8356,18.5673,1.4475,5.1759,11.8323,11.5162,14.6805,13.2571,2.0814,10.095,8.8675,10.7519,18.8243,7.4015,15.2345,18.0567,12.0683,10.141,13.3885,11.8762,8.1104,8.1794,13.5996,5.3719,8.5072,12.198,12.7058,13.9962,4.5084,10.2175,17.551,10.9304,15.181,6.6041,10.7045,9.116,12.1983,10.6934,16.1349,9.0938,14.7212,11.9746,18.5428,18.2416,13.0855,10.3582,14.2449,12.0846,13.0928,3.6292,7.5918,18.6824,4.3026,5.336,5.8381,11.1902,12.5244,8.4864,16.3717,13.816,14.8954,11.2838,16.4303,12.49,15.9724,12.9328,15.9723,1.3423,8.9474,18.2759,15.5876,16.7293,12.7401,14.23,12.9569,3.63,12.5321,16.4435,10.0627,8.6248,5.1317,7.3966,12.0075,10.0293,10.0785,11.1488,17.8012,5.0508,9.719,15.4825,13.1045,9.4717,12.1144,17.5417,8.6423,15.3467,14.6784,17.9761,11.507,9.4602,5.3246,11.4037,10.6367,6.4055,14.215,17.9971,5.2455,4.7692,13.9536,8.2273,3.1337,3.7877,16.8021,12.0746,5.867,16.2651,11.8745,3.3254,14.461,12.5277,7.4467,10.2252,16.3499,4.9565,18.351,6.1934,1.7507,5.799,11.0184,7.8974,10.1063,12.641,14.784,11.7186,18.0629,6.1303,8.0858,2.5117,18.2048,17.5119,17.5857,10.9986,15.4456,9.5502,17.9603,13.1141,3.5608,7.1124,10.0004,4.2657,7.0829,12.0929,16.4708,12.7298,5.6705,11.1837,4.2178,15.583,5.3737,12.9817,9.1707,13.1577,6.4516,16.4351,9.8803,9.5067,12.5416,8.1613,9.4221,14.9601,15.9438,12.7398,17.2469,15.1505,16.9901,10.9719,10.9654,15.9453,16.3013,8.7233,11.3172,5.4317,10.1278,3.7031,8.9172,7.7729,10.4984,8.3612,8.2381,14.0725,10.9828,9.0089,7.1019,6.8664,6.4048,17.0698,16.3863,16.2906,8.5064,13.6397,1.603,6.7575,8.3121,8.5608,6.6995,17.1183,16.3887,18.4277,2.9747,3.8152,9.3722,4.1206,15.4328,12.2456,6.1353,4.7535,16.5624,4.4726,0,18.6958,18.1221,0.5428,9.9457,18.0466,8.9207,2.0011,4.45,12.9219,16.1893,17.7503,10.1697,7.7069,18.0253,9.3664,12.7363,16.7352,10.4814,7.2141,9.5152,10.462,7.4482,10.585,10.6425,7.2921,8.3244,14.691,17.279,3.7354,11.936,15.22,5.5798,7.6516,12.5983,5.5716,10.5715,7.6341,16.8313,9.7781,10.635,8.4867,3.899,8.4009,8.2003,14.0428,14.3513,12.1812,10.5484,17.032,14.3739,15.7162,14.2054,2.5933,15.9924,6.0787,7.0774,11.382,17.4137,13.9337,8.9722,11.7828,16.8782,7.7839,8.3268,9.1773,1.3466,12.2149,6.4313,11.1424,10.4345,13.4469,3.454,10.1729,4.1516,10.8817,11.2506,11.8411,14.8112,10.1266,7.3599,6.3072,10.4295,3.2504,15.1614,8.311,11.0873,17.4676,0,13.2607,17.5255,8.787,12.421,3.7487,13.2941,6.6075,12.943,6.6704,12.866,11.0167,6.7421,12.3082,8.568,12.3906,18.1601,3.1225,9.237,17.5783,12.7691,6.1035,14.7973,14.4595,19.0562,8.5807,18.3422,10.5353,5.6671,15.2085,11.0491,17.5345,13.4904,5.1609,9.8763
"SPINK1",12.8046,13.3225,7.5109,1.7726,13.3093,14.8468,0.8729,14.3515,13.4798,13.1864,15.5369,3.1127,16.4352,9.6154,15.2373,10.7197,12.4821,7.9929,12.4665,11.6661,11.7808,3.6974,12.9583,13.2394,9.916,4.4446,2.9025,15.3494,13.2037,7.724,3.0845,3.343,6.8191,7.4496,8.8212,13.0054,0.6786,13.3943,4.046,0.5265,15.0286,10.0357,2.4501,13.914,17.6391,15.6367,13.8365,0,2.8112,12.6602,5.5508,8.6486,13.6163,12.0812,4.5305,15.4056,10.39,5.8518,9.518,9.101,7.6241,12.6672,6.3314,11.0874,12.4367,0,1.736,4.2917,15.0443,11.8617,13.8545,8.7546,9.2071,12.2619,10.5065,3.6615,14.4953,8.4597,13.7607,14.81,9.0855,13.9346,10.4636,14.7515,12.8261,4.3064,9.18,15.3175,13.3432,13.251,11.0189,13.232,10.9838,0,6.9037,9.8779,3.1911,7.9683,8.6359,6.4386,2.4255,10.8496,14.6031,8.7125,9.0612,10.481,12.7265,0,3.0637,14.7461,12.5151,7.678,12.002,7.7891,13.942,9.3024,14.5017,4.4208,12.2402,13.4858,7.8942,12.2873,13.7471,10.827,7.4825,14.2429,14.3185,12.7924,9.1427,6.1171,4.9014,7.1546,11.5881,10.9376,15.8387,16.8346,4.4992,15.8703,9.2964,10.6371,14.7461,6.5205,12.3856,8.4702,8.0987,13.5705,10.5814,10.0035,6.0865,1.8643,5.0517,4.4158,4.3831,12.3867,17.0845,12.3059,8.9194,15.7076,3.6538,11.9828,11.4363,10.6551,3.2544,6.9193,8.5027,12.779,13.4674,7.6058,12.4952,11.2525,3.8422,13.0463,11.5054,14.0837,3.1488,12.0782,8.6605,4.411,7.4657,10.8005,3.4065,11.8889,4.7646,15.2802,12.5605,13.0382,6.0051,6.1031,6.8591,14.5359,8.8658,13.5472,11.8556,5.9597,8.0581,10.9496,7.8847,12.8153,0,8.5666,6.0999,13.8799,7.5547,13.448,10.2421,2.6655,11.9903,14.6519,12.819,14.6997,8.7064,10.2448,2.7317,0,6.9984,3.463,10.036,0,9.7753,10.5338,8.5373,10.4231,15.5544,4.6963,10.1962,11.8794,10.1179,13.8354,12.4641,5.3557,0,5.3418,14.1327,12.9162,15.2459,3.7329,14.1162,14.6461,12.9161,13.4838,0,15.9259,14.7578,5.5778,1.1918,9.0952,14.947,8.438,15.5183,4.2942,13.7576,14.7114,9.9986,0,14.7853,14.4898,2.3136,13.5583,13.9568,8.9804,11.4819,1.7037,11.2732,11.9725,5.1798,11.5543,15.5151,13.9882,5.4538,6.2222,5.7947,9.3834,5.1071,7.9753,15.8209,3.218,14.8572,10.5707,10.1176,12.9243,7.3815,16.4491,13.6461,13.0594,13.1637,2.6057,14.5475,0.6985,14.335,14.8414,12.179,4.441,6.2445,8.9176,9.2986,13.7278,9.5534,12.4453,10.1072,13.9999,10.4708,13.8933,0,3.0654,1.0146,14.7162,12.6404,12.4413,12.6858,10.0658,10.0575,10.2898,10.7371,6.8586,11.6217,13.6479,11.2027,5.4491,12.2327,15.2536,9.1381,8.2931,10.4212,5.6346,15.5805,12.8575,13.4403,0,13.5142,13.4475,13.6898,5.8681,4.3319,11.6692,5.3382,5.3257,10.4292,9.6427,11.606,13.7575,11.4519,1.3944,2.0792,15.071,12.4916,15.5279,6.3964,12.5404,15.6797,5.0759,14.0679,4.5282,13.1677,5.0006,5.6734,4.6222,10.5465,7.8765,13.7669,0.6558,6.1093,1.1855,12.9421,13.293,11.225
"MAGEA6",7.2792,0,1.7444,6.7459,11.385,11.1511,0.5014,0,0,3.947,11.249,8.9607,7.0125,1.0972,10.6001,2.0092,0,0,0,0,0,6.2742,10.0527,0,0,0,11.9125,4.6697,0,6.1384,0,4.715,0,0,5.777,11.1464,1.1383,7.6949,1.3516,0,11.6832,0,10.0344,0,2.8955,0.9455,1.3806,6.6536,0,5.2205,0,11.9059,0.931,3.7685,0,10.0235,10.9585,0,0,12.783,10.493,1.7416,0,0.5263,10.455,11.6257,0,0,11.7215,10.5648,11.2325,0,0,11.9186,0,0,0,0,10.1217,0,0,0.6718,10.0332,0,0,3.314,9.3826,0,10.0909,0,0,11.1754,11.2612,0,3.3536,11.3991,0,0,0,0,2.0973,0,8.7584,9.7805,0.6665,0,6.6788,0,0,0.7416,0,1.1031,10.6781,8.7063,0,0,0,0,0,11.5436,0,0,0,11.9487,0,2.5118,4.2828,0,1.1454,0,10.8888,3.0658,11.0706,1.627,11.106,3.869,0.6497,0,0,11.558,0,0,11.9272,0,0,9.7817,2.0348,5.4727,6.6833,1.465,0,0.71,9.3676,8.8152,0,2.0461,0.8686,0.5544,0,0,0,0,0.6872,0,0,0.7721,7.2481,8.0082,0,0,0,0,1.0215,7.0464,0,11.9713,0.5205,11.3888,11.3711,0,0,6.0597,3.6894,1.1086,2.4606,0,0,0.8532,0,2.0233,2.0984,2.4192,11.664,8.2056,4.3028,0,0,11.1018,5.1589,0.9514,0.6533,0.726,1.3408,12.3746,2.599,0,0,0,1.2019,0,11.3804,5.0645,8.8079,2.3928,0,0,0,0,3.1954,0,0,8.2962,1.0606,0,9.3734,0,0,0,1.9077,0,0,0,1.4411,0,8.0814,1.2426,3.3372,0.7649,7.0396,7.7134,10.7789,0,11.3937,0,1.1918,10.2898,10.7685,0,2.0757,1.4864,1.0891,11.6192,1.2657,11.3942,11.4548,0,0,10.8254,0,9.2776,11.5265,0,0,0.8844,0,0,1.4756,0,0,0,0.9936,4.4521,0,1.2115,6.8102,2.4673,0,0,7.7126,0,0,0.9606,8.4266,0,0,0,0,0,0,3.7887,10.2816,0,0,0,7.0927,9.6477,0.8164,10.6515,10.4671,2.7922,1.0664,11.4044,0,3.0654,0,9.4641,0,0.7081,0,9.259,5.7668,11.3654,10.7398,0.8795,0.5599,0,2.966,10.5387,0,5.0946,0,10.3764,10.4473,1.3075,0,1.0778,2.3711,0,0,0.6718,0,10.7813,0.6764,0.7415,0,5.1443,0,11.4734,10.3063,11.39,10.8926,0,1.3857,0,8.0606,3.6259,7.4997,5.2897,1.8787,0,7.6826,0,4.4924,1.6171,0.6265,0,0,4.73,8.6023,1.1049,0,0,6.6069,10.2895,11.3824
"TSIX",11.9626,2.1285,7.5242,0,3.4864,8.712,0,0,0,0.9333,4.31,0.9324,12.3832,0,11.7295,6.0191,0,11.9212,3.5292,0,0,0,8.9453,11.9314,0,2.3738,0,12.2513,7.4042,1.2437,7.8244,0,0,12.4202,6.1612,10.3337,2.9273,2.3016,10.7576,0,0,0,10.5703,1.3141,10.1723,0,1.6948,10.7856,0.9981,0.701,9.7906,5.7162,3.2208,0,2.1365,2.2273,4.293,0,0,0,0,1.322,8.2482,0.5263,0.6351,0,0.6625,0,4.7622,0,1.4351,14.0868,2.0681,8.7843,1.2454,0,12.2655,7.3427,0,0,10.3319,11.6513,4.7692,0,0,4.079,0,9.4868,0.7432,3.3053,0,0,0,8.8764,0.3846,10.1645,0,0,11.4453,2.9504,0,0,10.7443,2.6144,7.1573,11.5226,9.4522,0,0,0,0,7.4865,8.7466,10.9989,1.5488,0,0,0,8.0945,9.0324,0,0,10.6765,3.6036,0,0,0,0.9649,1.3096,2.7625,0.9613,9.8788,0.6124,4.8619,7.2985,0,0,1.1031,0,0,8.4746,9.8216,0.656,11.6214,0,2.7745,9.7517,2.3874,2.9441,12.177,0.4729,0,11.1128,11.1405,0,12.9601,0,11.0386,9.7023,10.9865,0,0,0.6872,0,0,1.0037,0,0,0,0,0,7.7937,0,12.5255,0,7.2605,0,7.3478,9.6969,11.5402,7.2012,0,6.4384,0,7.1305,6.9211,6.7013,0,10.667,1.0622,9.608,3.2019,7.8155,0.7688,0,0.6548,0,0,0,0,6.64,10.1385,2.331,6.3361,2.2839,7.9845,0,7.5256,11.59,0,9.9739,0,1.0045,0,0,0,1.9446,8.7253,7.029,1.6443,0,11.5414,0,0,0,0,2.7881,11.8515,2.678,8.7232,0,1.7987,7.3479,11.1252,11.0316,0,0,1.2622,0,7.82,0,0,1.5252,0,4.863,8.4949,0,0,7.6982,6.1793,0,0,1.5912,2.2159,6.0904,11.9292,0,0,0,0,2.7274,0,0,9.4525,1.2051,0,7.1405,11.257,10.5129,0,9.0695,12.4749,0,0,11.1923,1.4935,0,0,7.966,6.2957,7.62,0.4827,0,0,0,7.5221,0,5.2523,2.8488,0,8.3032,0,0.0768,0,0,0,8.5647,8.6921,0,1.1665,7.189,2.5894,0,0,0,2.9826,10.3205,6.2997,0,0.6504,1.1436,12.9657,9.718,2.7246,1.6867,0,0,0,5.1439,8.5155,8.9882,11.9023,8.4723,0,0,1.0702,0,10.144,12.2951,0.9182,11.7592,3.8734,1.2556,7.6788,1.6927,4.6501,0,0,0,5.4087,0.5525,5.0778,0.2406,0,0,0.4916,0,7.5016,0,0.1105,1.9439,0.8691,0,2.2705,10.8232,2.1019,0,1.7347,10.8463,8.0068,11.8371,0,9.9291,1.225,0.716
"CYP1A2",11.6595,10.2876,6.2887,11.2761,2.0886,3.9096,10.8724,10.9755,5.5256,7.7564,0.9488,5.5218,1.6218,2.7436,1.9799,0,9.7051,5.925,5.2091,7.7799,2.3059,8.0341,2.2617,0,4.877,12.8015,0,0,7.3017,6.0728,3.8969,7.9941,0,6.0124,2.4396,5.8862,15.9536,7.4234,7.3842,15.17,5.1974,11.7001,6.1486,7.7266,4.4551,5.7736,10.0161,0.6218,7.6411,1.8083,1.4159,8.3372,1.8953,8.0563,12.453,9.9402,4.9609,2.5101,2.025,11.2072,9.7129,9.2164,12.4687,7.8338,11.1788,4.4939,11.6458,12.018,11.2778,5.9721,5.3969,9.5252,4.2667,2.4098,5.4428,11.878,0.92,1.2523,3.1746,4.2821,9.3385,1.7538,11.2938,8.5481,11.7397,2.4523,3.1051,9.0146,7.6178,10.9178,11.7422,2.0254,2.117,7.9429,12.8685,3.5755,7.9263,4.9171,8.5683,1.712,10.8989,15.641,8.0383,5.3065,2.5104,0,5.3524,2.8755,8.0403,5.1405,9.1556,0,2.4606,5.4468,5.8243,0,10.0476,8.9818,10.6096,7.9616,13.4102,2.1098,8.839,10.7602,2.3182,0.9566,8.8123,1.7569,11.0045,10.7556,8.2095,0,11.659,4.2688,2.6981,5.4408,11.4049,5.5523,1.1857,5.6422,5.6919,3.6183,11.8828,3.0674,3.5189,0.7329,12.9269,1.1713,15.0497,3.0076,0.5588,3.5617,7.9364,2.5527,5.2042,6.7885,5.511,4.1968,11.8477,0,3.8112,0,14.7523,12.2746,13.5134,12.2397,12.9735,4.8141,12.9782,11.1618,1.539,0,2.4944,1.9787,9.06,7.8629,10.0046,9.6374,0.7362,3.7803,1.766,8.9189,0,10.3128,1.5511,8.378,3.2203,14.8552,7.008,4.2191,4.853,5.126,2.2698,3.8453,12.6128,11.3113,9.4775,5.0171,14.3626,7.2767,1.4427,10.9829,12.821,1.9077,8.5924,6.2445,3.6543,0,5.5794,6.1544,6.3495,6.6283,8.4928,6.7769,1.9215,8.0102,15.5088,1.0573,0,11.4237,14.4993,11.837,4.8148,9.8772,1.3382,4.2377,3.7949,2.2105,1.6788,11.1483,9.693,12.4398,0,0,2.6775,8.5884,10.5612,10.5149,6.5033,2.0864,10.306,0.9133,1.0562,14.3272,14.1365,0,7.6187,16.2346,0,5.9322,1.4282,8.2584,5.4618,10.6534,6.0687,2.4086,14.5324,9.4401,5.9855,13.3082,3.1132,4.9234,0,3.7751,8.4386,8.4594,9.8229,0,3.121,8.2202,14.3882,1.0505,5.4062,11.8703,5.2872,10.0907,11.4884,0,11.5212,2.7097,15.3823,5.5067,7.8882,0.6563,2.2471,0,4.062,4.6244,13.2302,5.5547,5.503,10.5461,4.3335,9.4688,15.1945,6.2696,11.2693,2.8687,5.6939,4.7512,14.6643,11.5231,4.5718,5.8863,12.5984,2.1617,0.6287,2.8752,2.0308,6.8155,1.6597,11.9171,1.8999,11.3449,1.2766,2.7053,0.608,9.5299,0.6606,3.4862,7.2802,0.8891,5.3346,2.7868,11.512,1.8448,10.1552,0,0,14.4319,1.7173,7.859,12.8459,0,9.2092,0,7.7813,2.1936,12.3553,6.3192,8.9907,2.6847,1.1439,1.2511,5.9231,9.7734,9.8295,1.1921,2.3266,6.6321,9.5776,8.7607,9.257,9.1184,15.2846,2.6634,10.3101,8.2361,2.554,0,4.378,11.2411,10.8563,4.0917,12.6072
"REG1A",2.053,0.4699,0,0,12.004,4.7893,0,3.3783,8.5715,2.2878,13.4695,0.5637,11.876,14.2563,0.668,0,3.5009,0.9853,0.9802,0,0,14.3485,1.6639,2.2026,0.4477,6.8523,0,8.9398,4.3234,1.0316,0,0,2.7348,3.3333,5.4998,0,0,11.3576,0,8.7241,2.9796,0,0,1.8886,11.2748,3.3589,1.768,1.0549,0.8951,1.1707,0,10.7684,6.5039,5.5767,5.6218,9.3772,2.163,0.8341,0,0.9708,0.5213,7.4468,2.8969,7.634,0,1.3757,12.178,11.0021,5.8008,5.0026,8.5573,0,0,8.6104,0,3.0944,0,9.6185,12.2924,0.7515,2.4994,6.6784,9.404,18.5971,1.2613,0,0,6.6779,2.1274,0,13.9207,12.1837,0,10.5183,0,3.9387,0,11.1622,3.6176,12.0345,2.918,6.2625,7.483,0,3.3778,0,2.5004,0,0,7.3543,17.8663,0,1.0882,0,4.7672,0,1.7824,7.1585,0,7.0396,0,5.6651,2.7264,2.477,0,0.9566,0,0,1.1454,9.4078,0.5592,2.4876,5.6763,2.0473,10.0517,17.157,9.6068,0,0,0,8.2924,6.2375,8.6249,5.1873,4.2189,6.3709,8.3222,2.86,7.2885,1.465,0,1.1837,2.6242,3.9637,16.2379,1.3589,0,10.1239,4.0751,0.575,0,0,2.0183,10.8449,3.7151,5.4882,11.6407,0,1.7787,0,6.7082,5.9629,1.8379,7.7211,0,4.8387,0,0,0.7362,0,8.4493,4.7203,0,2.7617,1.1935,7.9653,3.4573,0,6.3973,2.0233,0,13.9597,0.8193,2.1761,8.2119,6.2482,1.204,0,6.809,0,7.189,0,0,5.2008,11.6107,11.5334,0,5.0818,0,4.0044,3.8386,2.5335,0.9564,0,0,0,7.0288,0,0,0.8774,3.065,0,3.1044,1.7544,15.9956,7.7047,4.9566,0.7872,1.9077,15.2187,3.0046,1.0801,0,3.2806,0,4.4258,2.6141,6.8453,0.7903,0,1.5811,0.9133,11.6802,6.8519,0,0,5.6104,12.3606,0.7164,0,8.5146,13.4609,1.7402,2.2159,5.2331,4.9368,0,0.7038,0.8084,11.5641,0,0.8093,1.1639,0,0,4.3086,0,0,0,0,0,0,11.9453,3.5269,7.3044,0.8115,1.6154,0,0,0,5.0051,0,0.3372,0.6563,3.7347,2.2676,0,0.6985,13.4344,3.8654,4.8733,1.7235,0,8.002,0,7.3011,0,3.3863,4.1898,0,0,9.4754,0,3.6399,5.552,1.5779,5.551,1.5366,0,0,1.6597,3.9523,1.6715,0,13.2177,3.9538,0,0,0.6606,1.8284,4.3888,0,7.1839,0.7971,0,0,8.4428,0,4.6026,17.7404,17.4017,1.3397,0,0,0,4.5187,5.7825,0,5.7809,8.9222,0,0,0,1.2511,6.9613,2.8014,1.7003,4.3414,8.9197,8.3432,14.7524,2.6167,2.6729,0,3.1067,0,8.5228,0,12.6058,0,0,0,1.9401,6.9339,0
"APOA4",7.4834,14.6302,11.3876,5.2003,1.9936,12.2656,2.9355,7.0844,12.9188,8.3066,10.5354,8.5074,11.8456,19.5415,17.1786,2.1795,7.8477,7.4381,7.3867,7.5189,6.0783,3.6326,9.1733,18.6632,3.8544,7.2105,0.5178,9.0198,1.4484,7.48,7.1289,2.0176,1.3875,4.7165,7.6015,7.6172,8.0316,14.9583,3.1308,0,13.9225,0,2.6343,2.1304,5.7586,6.6449,5.2739,9.815,9.7682,10.1166,8.7501,1.4843,12.4093,10.6516,4.0943,3.7273,3.7196,2.0465,2.9831,4.2659,5.6738,19.6615,5.5501,9.875,7.1184,6.1854,3.6616,4.238,8.7005,8.0112,14.4397,9.3292,3.155,14.4148,2.9734,7.9806,4.3026,16.1774,10.2792,4.0636,6.6921,4.3205,7.337,12.2979,4.0329,10.105,11.0139,16.7544,6.0956,10.9864,10.9307,5.8912,8.0114,2.5315,8.3285,7.6802,3.5181,7.8232,8.9191,15.9401,3.1129,6.8975,9.1296,6.7547,2.7807,1.7674,5.6338,4.612,9.0401,13.751,10.9262,2.6245,3.8593,1.7517,13.4439,3.5552,5.4496,6.6574,10.6791,6.973,2.6271,5.1627,9.4176,12.8036,7.9647,6.7199,4.9898,6.6021,6.8674,2.779,1.7518,6.9331,12.9367,3.3784,15.5207,9.361,2.1418,12.5341,1.1857,5.2186,5.1042,16.6083,10.2144,6.4613,6.1484,10.5588,8.3034,10.7497,1.879,3.0076,11.9018,3.6374,4.5392,4.8906,6.6308,8.1668,10.1026,5.2308,3.2536,5.1803,7.1236,3.2266,2.8282,3.4653,1.7115,12.9342,10.1518,10.5355,6.0318,7.2145,16.0104,12.3877,4.8485,8.6475,3.2715,13.4369,6.9887,8.4758,5.6705,6.6298,0,12.0523,2.7123,1.1086,4.9655,7.823,8.4834,3.1802,4.2225,8.1563,3.2025,4.058,14.5134,9.4698,1.6514,3.8596,9.7064,6.2562,14.1973,10.2587,15.3284,3.3443,7.1808,10.185,7.9116,13.1322,3.1255,13.1322,10.1501,2.8114,10.3569,1.6456,5.8786,0.5582,6.4347,8.7684,6.1746,4.1936,12.2856,0,12.0588,13.6513,15.8346,2.523,12.8428,11.2098,6.5103,4.1449,9.661,11.031,1.7407,0.6389,3.7012,12.0962,6.601,6.1708,5.2039,15.8338,16.2287,8.5082,2.3173,8.7552,1.0562,2.5351,10.4235,3.8782,5.1222,2.0191,6.9219,2.0011,3.9158,5.615,11.1149,1.1475,10.1455,13.6374,1.9398,4.0636,9.8582,8.7905,6.1268,1.3248,13.2112,11.0644,2.2976,2.6007,2.4469,12.145,6.184,1.8418,10.2504,7.0114,9.1971,10.1462,9.8833,8.3185,6.7032,2.5484,4.3277,0,2.9613,5.3143,14.2696,5.2428,1.8784,13.0381,11.5382,2.0405,14.0919,11.3459,7.2744,4.7801,12.0311,8.2513,2.5246,5.7846,17.4326,8.6669,2.9819,8.7281,11.6981,10.0543,5.3202,2.9169,5.8099,7.7806,0.6287,4.3677,6.1065,3.8747,1.8873,10.0895,13.554,5.7747,8.014,10.4872,3.7633,5.7974,10.9197,7.6532,9.8881,6.3564,13.724,4.4848,8.0192,2.7917,13.3839,2.8468,16.4823,11.2766,11.5229,8.546,8.6175,13.9576,2.455,0,6.9765,12.4302,14.6268,7.0221,2.093,8.0813,0,8.888,4.3651,11.9043,0,4.8712,20.2528,6.2176,9.5172,0,6.9305,12.0172,8.8792,0.8174,12.2811,4.5588,14.5632,1.9551,0.6947,1.5418,9.6675,4.1652,5.3286
"CYP2A6",15.1242,13.6925,13.4679,15.596,2.9594,14.0074,9.6209,13.6942,12.7732,16.0356,0.551,15.3021,8.5744,11.3928,14.1804,5.6268,7.7044,10.4562,16.3494,15.8554,9.6621,4.9106,15.5376,3.7016,8.9465,13.7801,1.4475,10.7502,12.234,13.5477,14.4187,7.2493,9.5517,5.5156,5.5461,15.5945,15.552,9.6635,17.8459,9.838,14.422,7.2054,17.3586,15.0276,12.257,8.1701,17.1639,9.6992,17.9173,10.3335,14.6979,15.8011,12.0137,15.1654,15.0324,8.3061,8.2814,7.8354,13.8031,17.6416,16.4464,13.2519,17.8097,6.772,17.5582,17.7214,9.1424,14.2657,14.2255,2.0256,5.3586,11.2032,14.2188,5.7639,10.1154,12.865,8.4206,5.3111,4.3203,9.98,10.1813,9.5691,13.6145,7.9409,16.0569,13.1013,15.7666,11.2309,15.8835,10.3767,12.8668,3.6457,15.2318,8.5023,10.5586,17.9756,3.8441,11.6534,9.9433,7.0718,13.3674,7.0172,9.9366,16.2667,4.4685,10.759,15.2251,16.5312,15.7722,10.0592,9.134,9.4809,16.4753,17.4153,15.0746,14.9461,12.563,11.8977,8.0617,8.6281,10.3551,16.8169,9.6958,15.5816,7.8645,10.732,11.2644,14.4356,13.9196,12.4064,15.6732,0.9424,16.6791,0.6062,5.9072,7.3605,7.4281,15.497,7.5428,16.7664,8.3196,6.7267,12.9648,14.5295,5.1351,7.263,13.4328,12.1053,14.3116,6.403,8.4201,7.7627,11.1242,12.5847,5.4328,11.8029,14.7281,13.2056,14.9379,7.0417,12.1234,6.4379,15.5778,13.4242,13.0406,16.4285,13.0139,11.8245,9.2207,14.0776,8.3861,5.0253,15.5233,1.122,5.1548,14.4839,15.5701,16.7094,14.837,8.1575,2.5365,15.0551,14.0918,13.8581,15.3323,11.5191,4.9901,14.5304,12.8876,12.9561,17.8549,3.4015,11.4789,13.7334,10.8662,15.0609,15.0599,16.2079,15.7551,10.7316,7.0336,16.3247,16.0984,5.1569,8.9461,10.039,16.5689,1.1391,7.3421,16.5551,14.9234,12.0705,8.7027,8.0244,8.7603,14.4892,8.5861,7.8193,2.8849,11.8835,15.222,15.7702,6.6093,12.9098,5.1347,10.1234,15.7021,7.4938,5.6904,13.9109,11.289,9.0338,6.7538,3.5342,9.4721,5.2948,13.995,12.5383,16.3043,3.9644,6.4537,5.7784,1.0562,12.6223,12.4664,8.3068,8.5112,9.2957,13.4915,16.4245,3.2412,12.8236,14.6418,15.0619,11.4755,4.6882,10.9979,11.3747,14.2447,11.2627,15.2158,16.8567,7.9096,16.0774,16.7987,10.7266,6.9214,11.5375,13.2133,15.6005,15.4918,13.6495,8.0078,14.5542,9.086,17.5521,14.4692,6.945,15.2593,12.3048,13.0462,10.1429,10.4503,8.0236,4.6795,9.4372,13.8682,17.6965,13.2999,13.603,16.0794,8.407,14.851,7.5731,16.9732,9.1498,15.2523,13.147,15.9702,12.5236,14.4232,13.3166,16.782,13.8362,14.7003,12.7724,5.3912,7.9551,3.3589,17.3094,15.6908,13.8062,12.9298,16.9818,1.7532,11.4759,0.608,15.9302,13.9249,10.457,15.5295,16.6077,7.8493,13.6433,15.0195,4.6478,10.6572,14.3766,8.9175,11.9991,1.1004,17.5655,15.7573,14.593,16.5675,4.6265,10.787,15.5968,14.679,6.2514,16.0537,9.6384,0,9.115,15.7632,13.3652,17.1732,0.5143,9.934,9.4797,8.667,2.6167,12.2824,16.1691,14.9207,15.5925,12.6587,14.5247,9.7422,16.7856,10.2565,13.1263,15.5146,8.0759,16.0673
"C9",13.1167,10.8483,8.8212,13.0633,5.243,13.8822,10.1054,11.2675,14.7021,12.7754,10.3008,10.3133,13.4935,15.3641,11.108,2.3318,15.4554,2.9741,13.6288,12.2344,10.2567,6.6468,13.7054,2.6791,8.09,11.2537,2.0082,11.4516,7.8003,15.2005,13.3552,4.8948,6.477,7.186,9.0472,13.2464,13.687,11.0846,4.4043,0.9113,13.4233,8.8021,13.3041,11.4683,13.7609,16.1569,14.3488,0.6218,9.7582,13.0125,2.3704,9.3229,6.9992,7.5586,0,13.9094,6.5597,9.7718,6.6439,12.1459,10.8083,14.7949,10.2683,13.0343,12.8011,9.219,7.8383,5.9318,11.4851,10.9846,6.9374,11.0649,14.6315,8.0496,8.3512,8.4108,12.7137,13.8884,11.6016,13.2615,0,9.7618,5.2395,14.8789,13.0837,8.9217,13.2822,13.6336,8.0285,11.4414,13.827,5.3683,11.6514,0,14.5772,13.0087,4.1576,12.0848,10.4431,11.9405,13.1348,12.9962,10.4465,12.2817,3.11,0,15.5331,12.4515,13.0504,14.6558,15.5233,7.0986,14.7555,13.9729,14.8351,11.273,13.9296,10.2402,4.1035,9.8531,10.2532,9.397,8.9193,13.24,9.7888,9.8082,12.7178,7.998,14.1006,1.8504,15.3799,2.8976,12.1852,6.6914,10.286,17.291,14.2347,14.4627,6.8625,9.5004,2.6707,13.4884,13.314,5.8905,5.851,13.0964,12.2599,9.6637,4.3036,4.9509,1.2745,9.6361,11.4731,13.49,14.5926,8.3266,13.057,13.9183,0,5.765,8.1312,3.305,1.5011,10.6678,12.6427,14.5574,12.2622,12.7613,1.1477,12.2334,13.7498,12.642,9.22,9.8526,5.0214,13.9126,11.7301,8.9244,12.254,6.827,1.3788,6.5246,12.5863,14.1489,14.3046,10.6965,8.0753,10.0375,11.7881,14.6123,12.9876,12.7041,6.854,5.8929,13.8192,13.9561,8.8205,12.771,2.3129,12.7678,2.1495,12.6058,14.8895,0,10.5152,10.7745,14.614,0.4863,8.5224,11.0012,10.5109,9.8957,4.8685,0,5.9513,12.3052,14.2423,7.4156,10.6624,0,15.9485,15.1208,9.8901,11.7317,6.6991,14.3158,12.8081,5.884,7.681,12.5309,9.0696,0.6389,9.5162,8.0701,6.5184,14.2124,14.6198,15.6212,13.9685,12.7564,2.1655,13.2177,4.427,4.3774,10.7353,12.3065,10.0266,14.8549,15.0002,3.1388,9.3785,10.7509,11.4955,9.3496,10.918,5.5646,2.6102,13.1508,14.1021,8.2508,9.3811,13.7338,4.4654,15.1293,13.5201,9.9133,6.0249,6.7065,7.1,7.262,14.6724,8.8422,1.7088,13.0749,14.5346,2.2555,15.324,7.1947,7.8311,0.9438,11.87,4.3163,12.4321,8.083,5.917,1.9882,11.1037,1.167,16.4416,15.1894,13.4447,13.8515,13.4085,15.0957,11.6954,9.9663,15.0277,7.089,11.7918,14.3907,14.7041,11.1456,7.8656,4.2493,4.7284,13.9555,3.9262,7.9842,11.7678,13.3514,15.0565,10.5792,5.1466,13.0568,9.7816,12.358,11.7123,7.2975,6.5622,14.4838,5.7828,7.8142,8.5102,12.6348,14.8131,9.9405,13.976,2.1509,2.583,16.1621,13.8692,13.2559,12.0952,3.1799,15.4063,1.1276,14.0878,6.4195,15.1138,10.782,11.3506,5.1153,0,9.2004,14.2902,13.4435,9.8804,3.0497,12.4424,0.9143,13.2461,3.7356,6.1478,10.018,7.6943,13.706,5.1673,8.4099,13.7999,9.8228,0.6947,2.449,15.0499,10.803,11.6819
"ALDH3A1",6.3731,3.6496,3.6278,1.9635,6.5833,9.8496,5.2476,8.3606,2.2124,7.7857,6.2977,0.5637,12.6256,8.7055,7.7742,2.5952,12.9581,6.4626,2.5518,5.5379,5.4561,13.0514,9.2317,3.829,4.2069,11.1061,1.1988,4.418,11.7451,1.8523,2.0727,11.1026,4.1011,6.0969,6.7638,1.5656,8.3929,5.8225,4.5063,12.8645,8.7667,9.8249,0,4.7735,8.2236,7.9662,6.453,4.1891,2.8112,5.9172,0,7.0857,12.4925,5.2811,9.8605,15.3026,8.2707,4.5669,4.441,4.801,3.2124,5.1449,5.2025,11.4869,5.8151,2.7186,14.1318,12.0444,9.1922,13.2291,13.2368,5.4893,10.8825,1.1221,0.7531,14.1917,6.3129,2.3636,8.4081,6.8644,10.2886,6.636,10.5981,11.1178,5.9326,11.9991,1.061,9.8989,3.7869,6.383,15.5107,5.5566,6.0681,12.3871,5.801,3.7319,12.997,7.9683,4.6847,3.4414,10.4736,17.0493,4.9465,2.2138,4.9789,2.324,10.1065,6.5862,7.2295,8.4252,14.8791,5.8248,0,1.7517,10.0286,0,4.1763,11.9821,9.4355,13.9885,3.3308,2.3632,3.9408,2.7462,5.8284,2.7321,8.6056,5.0185,9.8193,14.6694,0.5592,2.9842,11.6872,7.7937,6.1214,11.1743,13.5142,9.2623,4.6565,2.1024,8.9783,4.9492,16.8442,2.6248,2.5743,3.5351,10.9912,0,13.0615,3.915,0,5.1939,3.0958,6.487,12.776,7.9603,3.3342,5.8029,13.4461,6.9475,7.3977,6.3847,11.7861,13.2386,13.5534,10.9926,10.9254,11.3687,12.9993,5.8556,4.5772,6.7623,10.8399,6.8977,4.986,6.104,4.0568,1.6585,4.603,0,4.0185,10.283,4.7646,11.4281,5.9423,5.2026,0,11.2653,6.0022,10.2816,1.6727,11.8455,6.1566,5.3862,12.9822,11.7039,13.554,7.341,9.6831,3.0823,0.6533,2.0943,5.5304,10.2012,10.286,11.0919,3.7948,4.2807,1.8483,1.5881,3.1217,9.9181,10.9462,16.1939,6.5393,1.08,16.6455,6.5121,2.3944,10.8176,6.3019,6.2159,13.3748,4.9937,13.6282,9.8341,8.6324,6.4489,6.7297,16.5706,15.4212,16.3217,0,1.8035,1.0562,9.4267,7.4289,9.6768,10.7212,2.6806,15.6864,5.3172,0.6226,15.429,10.9354,0,11.0012,16.9568,7.7578,4.4608,6.6388,9.9975,3.7698,11.6518,6.1035,0.6217,11.371,7.717,11.61,12.9423,0,6.5707,1.7997,3.1067,4.7607,7.1944,6.5758,5.8976,1.5484,5.0577,5.3449,0.6188,8.5168,7.2066,7.9813,2.6519,7.4964,0.9781,8.3055,1.5096,13.7637,4.2461,13.1835,7.3678,9.9579,0.5098,6.8103,0.6985,10.8918,10.2362,8.796,15.3066,2.885,15.8415,7.4225,7.1105,9.7913,0,10.8461,9.8646,6.968,10.6469,7.5856,4.3685,13.039,7.3602,3.1122,3.7734,2.0308,1.097,3.4928,4.1274,3.6408,3.0973,8.7771,7.5813,6.9378,7.8928,6.6813,6.9921,4.9355,1.435,4.7902,9.7622,2.8349,10.1125,11.1428,3.4108,2.1136,14.4252,11.2173,1.3397,8.5221,1.2288,0.9235,3.0197,10.0424,0,12.0555,7.2764,0.5525,1.0607,5.7173,6.7637,6.3723,1.9948,11.5891,3.1918,7.5578,15.4579,14.3556,17.0475,10.9294,2.5421,14.9092,1.3359,11.8506,7.9372,4.2378,1.9551,6.6699,10.7268,6.5315,10.1988,5.5132
"DDX3Y",0,9.7041,0,7.8967,10.087,0,9.6806,9.3762,9.1771,10.6214,10.9627,9.7202,0.7592,9.8658,1.1229,0,9.611,0.9853,9.9826,8.1612,9.6011,9.5223,0,0,7.3156,9.7265,9.153,5.8968,0,10.5855,0.6178,9.7956,10.0814,2.0849,7.4994,0,10.0979,10.3765,0,9.8918,9.4598,9.6211,0,10.4376,0,8.7253,8.4604,0.6218,8.9674,9.6782,1.4159,10.1754,7.9935,9.9417,6.9379,9.28,5.5304,10.111,10.0717,6.2993,9.2201,9.2427,0.7795,8.7838,6.2005,10.2541,11.0442,9.5768,5.3166,5.9642,9.7556,2.5782,10.6467,5.9855,10.2547,10.1904,0.92,0,10.1581,10.2038,0,0,10.035,6.3737,10.1312,0.9219,10.1658,0,9.7776,7.22,10.0959,11.6311,10.2909,0,10.214,0,9.6041,9.6934,0,9.4985,11.1624,9.6686,0,9.1698,0.6665,0,9.054,10.3692,9.3148,9.3507,10.0905,0,0,0,9.6325,10.1686,10.9375,10.192,0,0,9.9569,9.4914,2.7264,9.8205,7.9035,9.1165,8.6967,11.0194,9.6855,10.3738,10.1896,0.9424,9.981,11.6052,8.7159,9.6612,10.0532,9.0062,5.0663,10.1741,0,1.9336,9.3401,1.3084,7.0085,9.5083,2.0348,10.3584,9.1139,0,10.0194,10.5752,1.7587,0.6237,9.1349,1.743,9.5948,0.954,1.1503,0.575,9.9993,11.4777,9.97,10.1416,9.8216,8.9699,10.4321,10.0609,10.5158,9.6084,9.3393,0,9.62,0,9.9261,0.8772,9.6788,0.5174,0,0,0,9.2477,0.8427,8.6808,0,0.6939,0,9.7507,6.4315,9.615,0,6.4873,7.3083,9.9274,9.9509,7.9562,5.9455,10.1182,8.7618,9.9442,0,0,10.2174,5.2433,9.667,0,8.9566,0,0,5.786,0,9.6721,9.307,9.2278,9.1994,10.9066,9.4168,0,0,9.2789,10.5466,1.2224,4.8694,10.1562,6.2262,9.3034,9.6446,0,9.5552,0,9.4097,9.8238,0,0,0,10.2425,9.6974,9.9803,9.0374,0,10.3887,6.0136,11.4883,10.6822,10.1543,0,10.5422,9.4517,0,0,9.4207,5.3498,9.8953,6.9441,4.7671,1.0548,9.5417,9.24,9.1446,8.4786,9.8072,8.8478,7.4991,0,6.2615,10.3698,0,1.4457,0,9.3494,0,0,11.0599,9.6551,9.9728,9.8292,8.7142,10.7936,0,0,0.6468,10.8523,10.0448,9.7078,9.8822,0,9.5846,0,10.2374,7.6927,0,9.1886,9.7673,10.1128,9.116,7.6699,0.8164,0,10.0202,10.0932,0,9.9111,9.4616,6.4698,9.3236,9.1442,0,0.7081,8.7009,9.6542,8.9575,0,2.9177,9.9295,12.3932,9.1313,11.185,8.5294,0.6606,1.1864,0.7168,0,0.7229,8.9668,9.3775,10.5841,9.4432,2.1509,0,10.3482,1.7173,5.8491,10.3463,0,10.2753,1.4738,8.7311,9.265,9.8156,6.4957,5.6704,1.8932,7.3778,9.0564,10.2056,9.6088,9.7507,0.5143,6.7562,6.3642,9.6021,5.7097,9.9542,9.6372,0,9.8695,9.2427,7.5733,0.6242,0,0.6947,9.6347,0,9.4198,10.1653
"CYP2E1",16.0221,12.8985,11.316,15.6941,5.2027,15.7085,13.4593,16.8776,15.0944,14.0282,16.8507,5.0459,17.5479,10.9818,13.1671,15.6273,17.8838,15.1157,5.7423,11.4381,14.3565,15.0514,9.6646,13.6576,10.3508,18.0407,5.4369,13.348,16.0314,12.7097,7.1123,16.7977,15.455,11.0098,14.9127,15.8297,18.3053,13.0617,13.0834,18.5629,9.6201,17.7252,9.3799,15.6941,15.6441,17.0855,15.6804,6.3061,17.5748,4.477,6.6832,12.6931,8.0831,13.1344,16.5116,17.5457,16.3981,15.14,8.6661,11.4208,8.9974,18.2198,15.918,13.6181,3.9327,6.0229,17.4343,17.6879,14.269,13.1369,13.2255,12.763,16.1425,10.2452,9.4557,15.8851,17.1937,17.6641,8.594,16.2481,18.4611,14.946,17.5475,17.7815,17.0409,9.4459,6.5279,12.446,18.604,14.1034,16.8241,5.8372,6.7101,17.623,17.412,12.8071,14.3136,16.6144,13.9183,16.0173,18.7924,16.8383,13.8679,8.6615,6.8128,12.6188,15.3899,7.7428,11.6663,15.3767,18.6045,7.8386,9.7248,7.3398,13.3452,8.3675,14.1021,17.4828,16.2359,18.0908,9.9635,15.7407,13.0156,12.7681,15.2145,16.6838,15.411,9.3616,14.721,18.3801,12.955,5.3281,17.9597,16.59,13.6034,17.478,17.588,16.4513,9.2121,3.0265,19.9345,17.796,16.1543,14.3084,16.8162,11.9293,17.5242,8.1955,18.1635,8.2591,7.5041,16.0323,12.9585,9.8571,18.6628,9.9898,14.2331,10.7811,17.5391,14.9411,6.8406,12.2,17.948,17.8768,18.5486,14.1377,16.6133,17.0559,19.0316,14.5676,16.5329,14.283,5.6267,7.0073,19.7492,7.2364,13.0871,4.0469,8.2913,15.2787,6.5459,14.7585,5.1011,15.2952,8.4818,14.7471,15.8689,17.3933,10.4002,14.1825,5.1031,15.2424,9.6589,10.3722,18.1099,16.8261,17.7038,12.9392,11.9597,16.5968,10.7012,7.2133,17.1902,15.606,12.824,7.7266,9.0767,17.7809,10.8796,11.9838,10.3669,15.1728,17.602,8.7994,11.7083,16.2661,15.0337,18.1613,10.4814,16.8494,15.0321,17.2401,16.3081,15.9866,5.9577,10.1565,16.5614,16.2607,11.1162,18.701,17.2722,17.9062,17.2762,14.2025,18.2882,15.8257,12.4667,17.8562,14.1648,6.221,16.4006,17.9833,2.2565,18.3692,18.8767,17.7074,14.7035,18.7514,12.6857,1.7666,5.5955,16.1004,2.0967,17.4931,10.9239,9.2533,17.7275,14.5929,13.2968,17.16,8.6438,5.0269,12.1413,9.0652,16.9403,12.1292,17.2103,2.6257,17.8265,17.0317,17.8118,6.1374,18.1279,16.4391,15.3392,9.8171,16.5241,17.989,14.6987,7.7314,18.8802,13.6319,16.654,16.0246,5.0955,5.9846,10.1087,4.4297,18.0473,15.751,4.4436,15.4191,13.529,17.8851,16.3235,8.3335,15.2195,13.0845,10.4113,10.1165,17.9197,14.4751,3.9725,10.5848,13.1413,12.3947,6.8229,12.3927,7.576,13.9705,12.1094,9.6173,10.4699,15.0118,9.5245,12.8158,16.2861,9.7863,8.0977,16.2572,13.6113,12.7581,15.8033,11.4733,14.9118,5.7032,17.8363,9.1236,17.0084,18.3718,18.2763,14.3807,16.4343,14.6136,6.9529,3.983,16.1527,7.9941,15.8861,12.2548,9.2281,11.5451,6.432,15.1731,7.725,16.9517,18.1053,6.9127,15.4665,18.4776,17.6919,9.2763,17.6398,13.8288,17.2004,12.4477,17.9491,12.1796,8.8408,1.9551,14.8403,18.628,17.0464,12.9181,11.1526
"FXYD2",10.8309,3.0557,9.7112,4.8108,3.5327,4.7142,7.3199,1.5259,0.7882,5.3748,11.0307,3.264,12.0332,1.7132,2.5138,11.4019,1.1022,10.7599,2.7733,5.0114,8.6275,1.9451,7.3923,11.1934,11.2832,2.1273,7.0427,2.3435,6.6375,0.6061,10.0897,1.2059,9.9672,13.5928,9.2284,3.0333,2.9273,11.728,2.037,0.9113,6.9871,0,4.1791,5.8853,4.8266,7.1471,2.3247,5.2546,3.6062,8.3937,0.8751,3.6306,12.5241,3.3884,0,4.3101,4.5254,11.8963,0.8217,0.9708,4.7609,10.9377,3.1507,5.9585,5.6369,0,0.6625,2.5858,3.6751,6.256,2.7024,14.9542,1.4981,8.938,10.0757,4.5196,12.7185,12.8736,12.945,9.2879,1.457,3.7501,6.3652,8.3422,6.1181,5.1833,3.011,0.599,2.9521,8.3773,3.1128,4.8399,4.0316,0.676,9.2988,0.7507,2.1653,8.7689,15.0881,12.1448,1.0656,3.2821,10.2796,2.2138,15.4118,7.0048,4.9309,2.9951,4.5288,4.5346,2.2359,11.408,0.6444,4.0347,8.6191,0.8697,6.3986,6.2318,1.5384,11.5219,5.774,3.9159,7.6847,3.1688,11.5354,2.5118,5.7156,10.361,6.7176,3.3394,0.9613,13.8774,3.7401,9.7403,4.4011,2.8886,1.4364,7.706,7.3922,10.0611,11.9227,12.8773,3.9971,11.8393,10.0706,2.6545,10.3726,4.2117,3.5501,5.1784,2.1081,10.2289,13.2198,6.487,12.4877,10.9631,14.3872,6.7528,0,7.9097,10.7441,9.5703,3.428,0.5872,2.4724,5.5108,5.5969,1.1966,0.8563,6.096,12.3281,11.1144,1.0215,11.4856,13.6734,3.4649,1.4531,0,1.2213,12.3973,13.8825,5.3697,5.7591,9.8818,2.2813,10.0102,10.3046,2.0792,10.1874,8.2788,0.6295,1.8517,8.6135,11.1813,2.2471,8.4275,5.583,3.4931,0,11.3989,11.8116,1.5666,9.2111,10.6675,2.1831,11.6403,1.194,12.7847,15.0618,2.0035,6.6403,3.6677,1.5265,0.5582,11.9656,3.6019,11.0432,10.403,13.1169,0,1.6347,8.9099,3.4292,9.6467,5.8209,2.7103,12.0885,12.4851,12.9501,2.8959,0.8324,0,12.9075,10.9407,12.9358,0,2.6141,6.3719,3.6634,9.5433,0.9971,12.5101,7.1095,0.6776,2.0741,8.5301,6.0303,1.7181,2.7629,1.1383,13.2036,8.7969,0.9533,2.2159,11.5767,13.1282,0,8.9557,4.1922,1.0927,1.8282,6.7223,10.1278,1.4287,3.3418,7.788,0.9188,9.9925,6.3292,2.2859,9.0639,9.396,3.6258,8.1324,8.1244,1.3277,5.9989,9.7008,0,0,1.4314,8.7594,3.3894,6.2013,10.8071,5.7202,7.153,0,1.6045,6.6299,0.9587,0,14.3685,0.91,0,11.5936,5.9336,5.8998,6.1293,8.1498,7.6762,5.1508,4.5265,0.8631,1.0146,4.6622,13.6085,8.2385,12.6356,2.7432,1.3893,3.6986,5.1013,7.0897,2.3972,6.6693,9.0551,4.7408,3.7841,1.1864,9.6673,0.8891,8.5243,0.7971,4.2783,4.2864,10.2237,7.303,14.1482,5.1457,13.9816,0.82,2.198,7.4233,3.6618,13.627,11.1455,1.4789,8.2763,9.7062,3.6087,10.0495,4.1968,9.8948,1.8309,0.6755,2.7278,11.8411,4.0929,0.9143,2.474,1.3448,7.259,3.8859,1.6669,11.6908,3.5749,6.2105,11.8139,2.9829,12.2541,1.8273,4.2275,15.5163,3.673
"PEG10",6.5533,7.9189,11.458,8.2866,11.1491,10.9106,4.0699,3.9459,3.0477,6.3959,15.0802,7.0755,12.4462,7.9722,4.3529,13.4241,3.6401,12.0572,5.2831,4.8784,5.5195,2.9711,8.932,11.4237,13.8787,5.6716,10.4584,11.8246,5.6927,6.783,11.3746,2.6385,15.4591,3.8697,14.5895,12.2475,5.3015,4.5622,11.5339,9.1614,6.929,9.7617,6.6541,11.5503,12.4722,4.9798,2.073,11.8612,5.9148,10.7372,15.425,13.974,7.3672,13.1507,6.8401,3.0933,15.939,13.2435,8.6634,1.5459,8.8239,4.4138,8.3147,8.7295,8.2548,8.4882,2.7714,10.2549,7.0215,4.0618,7.2647,4.5468,10.8018,13.2807,13.0783,3.0944,13.8565,5.1236,12.2186,15.0631,11.786,9.1132,13.9622,3.7489,9.8677,10.8323,8.1106,8.6322,10.0829,15.3544,2.553,12.2377,13.7035,9.8664,5.5222,10.7986,3.3638,3.8563,9.6372,5.2547,4.1206,1.577,13.9855,3.5749,8.2084,5.3027,3.5692,8.2388,2.7051,8.1148,2.5287,9.574,8.8938,3.2151,5.455,2.7636,13.6081,3.1795,8.5772,13.8773,4.0474,14.3074,13.4652,10.9808,12.1706,5.6948,6.2261,13.6093,6.3506,9.6794,7.1748,4.5021,9.217,14.1227,12.0603,2.537,4.1751,2.7529,14.3281,5.0237,9.2022,3.6831,3.2684,3.8368,16.7575,12.4743,10.8675,7.3519,5.4098,3.4173,2.1081,17.0254,10.8126,9.8887,1.6368,7.6364,9.4022,2.9185,13.4465,14.9315,10.6958,15.8333,2.5562,5.0063,2.821,2.8818,11.6961,5.4895,4.0354,5.1622,4.791,12.7289,9.6855,14.8061,1.364,8.8442,13.2121,12.3206,10.544,10.0984,3.1048,14.8404,4.3809,3.6512,11.3821,7.8348,16.2755,8.6358,7.9085,3.7291,4.4454,12.2594,10.5786,4.9665,3.999,3.7908,4.8916,9.5975,3.8474,13.8196,2.7501,7.2975,8.4374,13.1717,2.1831,1.755,9.0241,2.966,8.963,13.2894,4.7122,12.8633,9.6788,6.5772,14.7947,15.2432,8.6089,16.0795,11.6898,13.2151,1.6347,6.7504,4.3606,12.9069,2.3435,6.6642,6.3825,11.0922,12.0014,6.0319,2.5069,2.9421,15.7729,13.3059,14.7689,4.2296,3.4912,2.5595,0.7903,12.9491,12.9443,12.1071,10.7419,8.3617,4.902,14.6345,14.9569,2.8292,12.4264,10.0031,8.7078,13.2209,12.5158,5.0266,11.2483,9.6952,3.333,8.3436,2.9564,1.0927,11.3842,2.6478,9.9708,1.823,4.1676,13.1409,12.7076,6.6662,15.9884,15.6727,7.5494,9.518,6.0739,4.7717,14.6201,12.3219,1.6154,15.9298,9.526,11.2074,11.6467,12.8662,12.812,14.3161,4.9281,4.2651,10.5676,10.8663,3.9341,11.321,8.1454,4.5155,10.2655,2.3091,12.6815,9.2321,3.9504,5.5696,6.5569,1.9868,7.2583,10.762,3.9034,12.6049,5.8614,6.2563,4.4434,13.3223,14.0965,5.6918,1.6597,10.565,6.6265,11.3961,13.4703,9.4644,15.1837,4.3098,11.6442,5.4717,3.4977,9.3784,15.2945,9.7647,9.5512,3.8778,2.7994,4.5675,10.7536,6.5564,2.4794,10.0493,12.6314,12.9163,3.6618,4.7586,3.9763,2.7986,6.904,14.9099,13.4643,13.3469,11.0681,10.5481,8.3629,6.2524,7.7539,6.923,3.5496,2.8464,2.474,9.3372,4.829,3.5031,3.2782,3.3429,7.8942,12.5613,12.1751,1.9551,13.9022,1.8273,5.5138,2.4485,4.364
"EEF1A2",9.5058,11.626,1.5651,13.7125,0.625,13.1274,2.1127,12.4661,13.247,3.1319,4.485,2.12,7.9064,5.5058,3.2978,5.3871,1.7197,4.8783,4.9157,12.7337,12.7305,12.8748,12.724,6.0673,5.0294,13.0405,2.6281,8.9869,11.4232,1.6269,5.3792,0,7.2942,12.7572,3.3001,1.2058,3.0369,7.0817,10.5826,4.0368,9.1897,10.5568,6.8057,4.3642,7.9317,10.4899,14.1085,12.1627,2.1504,3.9438,13.393,3.3203,13.2393,13.7557,9.9096,2.5133,4.6964,6.316,11.5066,0.9708,8.6582,12.7402,10.1487,9.8737,12.522,3.0317,5.2809,14.0773,4.2667,7.0963,4.9251,13.9833,7.9504,7.9201,10.5891,13.927,2.1916,6.9624,4.8077,8.4066,1.1134,3.2178,11.2751,12.8203,2.3761,2.8603,0.6259,13.428,1.5953,7.8551,11.7551,9.5529,3.7023,13.693,7.1401,2.1418,11.5859,10.7293,14.7901,6.6712,11.4858,8.3019,2.9316,10.7211,11.5407,11.3492,12.185,6.9758,2.4857,11.586,10.5534,1.7208,1.9318,2.7905,12.4528,9.8009,11.1674,3.955,11.9226,3.5705,8.1224,4.7388,10.2025,10.8406,7.3192,12.671,7.0836,3.8878,12.4076,9.0746,0.5592,13.5966,11.9216,4.1884,12.7111,14.296,3.7564,13.2225,12.7929,3.3801,1.4799,8.6038,11.1296,11.2366,10.7839,3.9292,9.3487,10.101,9.3718,2.4333,2.6331,1.5397,4.8487,10.9974,14.0039,11.5931,10.4674,12.5701,5.323,10.4468,10.2545,2.2196,11.5859,12.571,4.523,11.5146,13.6653,13.686,5.1637,11.3418,2.4455,6.6238,5.6565,2.3555,0,12.217,2.0149,7.8102,11.8836,8.8049,10.5165,8.2865,7.2901,9.6626,14.3684,5.9577,5.468,3.1802,11.8288,12.9993,14.0758,5.9515,3.9566,9.7275,10.9876,9.9636,13.1059,7.9707,4.822,2.7229,10.7601,11.5703,7.6066,8.4143,5.8746,13.0983,10.7543,11.7032,4.6092,14.4233,12.7098,2.777,1.934,0,7.0295,0.6389,10.3171,9.3519,12.5346,11.3368,3.6529,9.5918,11.2811,4.2778,5.255,12.7268,0.8942,8.4151,11.6449,12.8575,0,7.0127,1.7168,11.5176,2.4108,1.2426,3.1648,7.5578,8.5654,3.8608,6.9132,3.833,4.9894,10.7516,3.3206,0.5428,9.6373,0,13.5755,12.3298,6.0772,3.095,7.8003,7.3984,12.245,11.2718,12.7201,8.2183,13.1155,12.1043,2.3453,8.5679,12.449,11.7784,7.8746,4.6371,12.7061,10.132,1.2891,6.9664,5.5419,2.0751,4.7293,12.1708,3.1383,14.2011,11.5709,2.7697,10.6093,7.6408,9.2194,11.2312,10.8758,9.5952,4.7385,9.8978,0,14.2462,10.6188,13.4187,12.2138,11.1241,9.5701,0.91,11.3832,2.4344,10.0524,8.8773,11.7352,10.3757,9.117,8.1212,11.6426,11.0198,11.2638,7.9494,13.1252,10.343,2.0308,9.2684,4.058,12.1427,10.9162,3.4696,6.0332,11.7245,0.608,5.8136,11.7738,14.3118,6.313,9.9048,5.2993,2.4398,14.0291,0.7996,5.2005,12.9798,11.1833,11.9931,8.8485,1.7208,0,7.9865,2.8633,11.5982,10.5099,14.5751,7.217,4.0783,1.9259,9.2075,6.769,12.4507,3.5949,11.7778,7.1572,13.3552,13.1767,12.4492,12.6759,13.2503,6.4256,1.25,12.675,7.0946,14.9649,11.8496,9.7248,3.0842,2.4141,10.8559,10.8108,3.6024,3.0096
"DCAF4L2",8.6893,0,0.477,2.8646,10.4946,8.3538,0,0,1.295,9.327,4.6002,10.5465,7.4267,0,0.668,1.0062,1.1022,0,9.977,0,0,3.0724,8.3137,0,9.0921,4.7756,0,0.594,0,0.6061,0,5.4053,0,0,9.7546,6.7742,0,11.4151,7.1282,10.6475,7.5125,0,9.7871,0,2.8955,0.9455,0,6.6458,0,9.638,0,10.419,0,2.0556,5.7075,8.157,6.3295,0.4765,0,8.6691,10.6233,0,2.4057,0,3.9878,10.5904,3.5936,0,9.0229,10.3171,2.1061,0,0,3.5347,0,0,0,0,9.2242,0,0,0,12.0874,0,3.23,5.1473,11.3994,0,6.2441,0,2.3711,9.7555,10.5075,0,0,10.9251,0,1.6992,0.5197,0,0,3.5498,5.2274,9.4264,0.6665,0,6.0715,0,9.0172,0,0,0,6.3491,1.1268,0,1.7999,0,0,0,4.8916,0,0.8711,0,10.1011,0,0,9.2769,0,0,0,11.1648,0,11.1048,0,2.4789,9.2014,9.817,0,0,11.1257,0,0,10.9515,0,0,8.4911,10.275,3.8849,7.5167,0,0,0,6.3655,9.8879,0,0,0,0,0,0,0,0.6064,0,0.5872,0,3.5382,10.4101,5.7713,0,0.6346,0,0,0,1.9787,0,10.5105,0,10.7365,10.2916,0.4371,0,7.9115,2.3124,0,0.7168,4.4595,0,0,0,0,3.2858,8.1437,9.8645,0,3.3364,0.7448,0,10.6854,10.018,0.9514,0,3.8811,1.3408,10.3888,1.0085,0,0,0,0,2.3257,10.762,0,4.2378,0,0,6.2623,0,0,2.3944,0,5.2012,6.3399,0,0,11.528,0,8.7348,0,0.6326,0,0,0,1.1,0,0,11.8461,0,0,0,0.624,11.4679,0,10.2889,5.6656,0,0.5428,0,0,1.5506,0,0.645,4.008,0,10.5313,5.447,0,0,9.058,0,9.8819,9.891,2.8114,0,0,2.6374,0,0,0,0,0,0,10.4688,0,0,9.6614,1.7071,0,4.4174,9.6977,0,4.6625,0.9606,9.8325,0,0,0,0,0,0,8.6545,9.929,1.1051,0.9354,3.4154,8.6126,11.3472,8.5407,10.2597,10.5985,2.9388,0,9.9258,0,9.2917,0,8.2886,0,0,0,8.954,8.4723,9.8622,10.6297,9.1997,0.9623,0,0,5.5684,0,1.8284,0,9.4765,9.7349,0,9.6903,0,1.759,0,0,0.6718,0,8.193,0,1.2288,0,4.7267,0,3.9353,10.0328,11.0541,11.0678,0,2.0792,0,8.3592,4.5294,7.9828,1.6514,0,0,10.6924,0,11.3646,10.8496,0,0,0,0,8.7439,8.8923,0,0,7.1939,1.4768,9.7844
"MAGEA3",6.8962,0,2.0476,5.9405,10.9492,10.8317,0.8729,0,0,5.0519,10.5291,8.364,7.3855,1.0972,10.5312,1.5932,0,0,0,0,0,4.4656,8.8188,0,1.0647,0,11.4421,4.0697,0,7.463,0,4.3647,0,0,6.3069,10.3961,1.1383,6.8507,0.8286,0,11.166,0,11.1235,0,1.3842,0.9455,1.3806,7.6847,0,5.8247,0,11.5329,0,3.3884,0,10.0195,10.7616,0,0,11.4927,10.0378,0.833,0,0.5263,9.8043,11.3098,0,0,11.4225,11.2411,10.6744,0,0,11.1904,0,0,0,0,9.5506,0,1.457,1.4748,9.4624,0,2.3761,4.1333,9.0232,0,9.4535,0,0,10.7067,11.1439,0,2.4883,10.76,0,0,0.5197,0,0,0,8.4745,9.8595,0.6665,0.8491,5.5566,0,0,0,0,0.6545,10.2074,8.3033,0,0.8697,0,0.6204,0.5619,11.0664,0,0,0,11.0694,0,2.2518,4.1007,0,1.4948,0,10.0084,2.6015,7.9676,0,10.6743,0.8486,0,0,0,10.6494,0,0,11.3096,0,0,9.1175,1.6159,1.6261,7.8114,1.465,0,0.71,9.2818,8.6028,0,1.3589,0.8686,0,0.6869,0,0.6967,0.6064,0,0.5872,0.8142,1.9379,6.2444,9.8048,0,0.6346,0,0,0.5993,1.7455,1.364,10.1536,2.5309,10.4828,11.1902,0,0,4.5174,2.5261,2.16,0,0.6939,0,0,0.5896,1.722,2.4266,3.8988,11.0707,6.0544,5.2043,1.2336,0,10.5687,4.5127,1.5197,0,0.726,0.8208,11.9628,0.5906,0,1.194,0,1.2019,0,11.026,3.3288,8.9776,1.7494,0,0,0,0,3.0791,0,1.0375,7.7257,1.0606,0,8.3689,0,0,0,0,0,0,0,0.6524,0,9.8899,0,2.3173,1.2622,6.331,7.4797,10.2134,0,10.7703,0,1.5492,10.4734,7.6664,0,2.4599,1.1383,0,11.2966,1.9294,10.6728,11.1054,0,0,10.6451,0,9.1396,11.1754,0,0,0,0,0,0.9188,0,0,0,1.5764,4.2639,0,0,5.8957,3.9038,0,0,5.971,0.9438,0,0,8.4188,0,0,0,0,0,0,2.4659,9.0039,0,0,0,6.8467,9.7754,0,9.4511,10.5907,4.287,1.0664,10.9209,0,1.7895,0,9.4062,0,0,0,9.3983,5.9543,11.1296,10.3343,0,0.9623,0,1.0344,9.8366,0,6.0734,0,9.7845,9.7316,3.5926,0,0.7996,1.759,0,0,1.9875,0,9.7479,0.6764,0,1.8836,6.6769,0,10.9691,9.0333,10.8519,10.4362,0,0.4887,0,9.3285,0.6755,9.4221,6.7385,0,0,5.8567,0,5.9611,3.316,0.6265,0,0,5.0214,6.8886,0,0.6947,0,6.4164,9.1658,10.7113
"SLCO1B3",6.6125,7.4827,8.2076,10.1173,1.664,11.4542,8.1647,6.8847,0,5.5728,7.0049,0,1.6218,1.7132,8.4879,6.7401,0,5.3634,0,6.2154,8.1992,2.9606,2.683,0.6785,7.1737,13.582,6.636,7.2459,10.1356,0,6.8502,9.427,1.7758,5.1445,1.6837,0,13.4006,6.1327,4.7274,12.4552,5.7441,11.4886,0,4.4559,8.4987,8.2067,2.3247,0,1.4434,0.701,6.2493,1.9987,0,6.6986,12.2652,2.2532,1.963,9.3169,3.7042,1.5459,0,5.8394,10.1944,8.5446,3.6203,0.846,12.2554,13.2049,7.3633,1.4364,5.3969,7.3886,7.126,6.6012,7.2328,13.197,8.1026,5.26,7.7716,11.9681,11.956,3.6851,12.2578,10.9622,8.7291,9.1693,3.4299,8.2264,0.7432,12.0218,10.852,4.9693,1.2235,11.5245,11.2821,2.2616,12.2475,9.1499,7.9502,7.793,10.8873,11.0923,9.2575,0,1.1206,6.3136,4.2567,2.9951,0,7.0812,13.3886,8.2098,0,1.1268,6.5205,0,8.7887,0,2.6411,9.8282,11.668,8.954,6.6196,0,11.3749,8.602,4.2828,8.499,8.9946,13.02,0,0.5468,11.9101,10.7491,7.5619,11.5949,5.4294,5,2.2703,0.9569,8.4751,4.3346,11.4968,8.9467,5.9571,2.5766,11.8273,0.5032,13.091,0.911,0.9606,10.5591,6.9376,0.6237,7.5604,6.174,9.1297,6.5727,10.7426,9.6076,5.2765,8.8032,14.0812,12.216,12.8083,8.007,12.0395,10.2139,11.9123,9.369,9.2473,7.5094,1.8379,3.8013,11.0591,0,11.3068,0,0,8.8849,1.5853,8.9359,0,5.11,2.0764,9.26,11.8751,11.4744,4.5678,1.722,1.4011,7.6134,1.7197,0,11.745,10.256,11.9683,5.3301,7.9516,6.1312,7.3085,1.5666,10.8161,9.5157,6.7102,1.4759,0,11.0362,6.4615,0,5.5827,1.0457,7.6191,2.2568,9.5128,9.6704,0,10.5387,5.1607,12.2598,9.099,10.4454,2.9097,9.0422,6.1661,3.9805,8.3392,4.1449,7.2721,8.6008,11.2456,13.122,10.9204,5.9952,10.8842,8.7799,8.1861,8.165,0.7903,4.8378,9.7033,7.4587,0,13.2508,12.3415,6.7351,8.3381,10.9981,0,0,4.7206,7.3953,8.2228,12.3758,2.9179,5.8198,13.5133,11.5989,7.1824,12.9167,1.8282,0,4.619,0,0,7.9231,8.1995,0,9.2825,12.2816,12.3605,3.4116,4.9305,10.2316,5.7199,0.4621,8.7388,9.6249,3.8548,3.8928,12.6275,11.5269,12.4262,11.0652,2.4013,2.1346,5.0182,0,11.9528,3.4335,0,10.0005,9.2321,11.849,11.306,1.5301,5.6354,11.0399,8.9847,8.3167,12.2074,8.7873,1.3044,2.5641,11.9944,0.5814,2.9174,11.9211,2.0308,0,2.9027,1.3207,5.5174,8.5202,9.5292,5.232,10.7706,3.9484,7.6865,3.1135,9.7407,0,8.2687,0,6.5395,4.2019,4.9729,3.9498,9.0296,12.6302,10.1785,0,10.6468,2.8169,0.9235,1.1276,6.7222,1.9924,8.1136,4.2733,1.7369,9.3948,9.5174,5.3092,1.4356,9.1057,12.0218,7.6263,0,12.3252,2.318,10.5333,9.3598,2.3604,11.1512,2.2663,10.8209,6.5854,1.0585,1.7233,9.7095,11.9117,10.6884,0.5319,4.1891
"CYP2A7",9.2887,8.9689,9.0281,14.4228,0,4.6752,5.8771,6.8301,7.3366,11.0801,0,11.3162,5.2366,6.8159,8.0932,0.5891,3.1743,6.1996,10.7391,10.5774,5.7485,0,9.8775,0,3.5749,7.7249,0,6.1246,5.996,7.1495,10.6778,1.8534,2.3335,0,0.797,11.5182,9.4662,3.0198,14.8203,3.5322,8.3842,0,14.1653,8.9212,7.9125,2.493,12.0201,4.7762,12.6583,3.9438,10.0751,10.239,5.3854,9.6146,10.003,3.2444,2.7649,3.4823,8.1152,12.6023,12.1076,6.3893,12.5564,2.8405,13.1359,13.9489,3.2841,6.9028,8.0159,0.7507,2.6186,3.8338,9.3376,2.5126,5.803,5.2744,1.8782,2.3636,1.9707,5.1082,4.7333,3.3909,8.3693,3.5071,12.0349,5.8642,16.4056,5.2886,10.1673,6.4949,5.3201,1.1054,9.9134,2.9212,3.5791,14.6129,0,5.6987,3.8083,0.8145,8.4271,0.482,7.4192,10.7273,0,5.388,11.1949,10.2054,13.9193,4.73,4.1237,3.1758,11.9781,14.5249,8.537,9.4514,7.0615,3.9041,1.7575,4.7921,9.8159,11.5798,3.3734,13.9855,3.4018,5.4683,6.3939,8.8613,8.2499,5.1772,13.3906,0.5468,11.8184,0,1.2463,2.8886,2.1418,7.7374,2.8823,16.3235,1.7594,2.1323,7.6781,8.1783,0,0.9949,7.9469,9.8111,5.3637,2.6512,1.5321,2.9989,6.196,6.5043,0,7.4293,11.1235,7.2558,7.7849,1.304,8.6401,2.2196,8.9662,4.7342,2.2605,9.4343,6.9504,7.7339,3.4228,6.7275,5.7477,1.7391,12.2141,0,0.8375,8.1784,9.9448,14.8822,8.9839,3.0758,1.766,9.0423,9.2212,8.5622,7.2439,5.4263,0,8.5233,10.7198,6.9674,11.8519,0,6.2894,10.3018,3.2578,8.8429,9.382,10.7591,12.9331,5.2958,1.7186,13.7442,12.0381,0.6326,2.9215,5.7978,11.2634,0,2.2931,13.828,13.9107,6.6048,4.2378,0,4.2919,7.651,2.5233,3.1872,0.7737,7.452,9.521,10.9374,1.0606,8.386,1.0135,4.2377,9.6069,3.1671,2.927,3.7956,2.2937,0,3.4972,1.1669,3.8025,2.3501,7.4337,6.3223,10.6762,4.8914,0,0.9133,0,6.6685,7.7298,2.7947,1.7971,3.5468,7.7791,12.4907,0,9.1949,9.5616,11.114,6.3262,2.4086,3.412,5.6987,8.2786,5.6022,8.5875,11.8291,0,10.0351,13.1465,4.7578,2.1896,6.3065,7.8277,9.261,10.3837,7.7318,1.9396,9.8752,3.4271,13.6006,10.4601,1.5558,9.3058,6.4413,6.6438,5.0099,5.573,2.3312,2.2471,5.481,8.6677,15.0971,6.3863,5.9386,11.2733,0,11.0936,2.1751,13.6956,1.1755,9.9825,5.1883,9.6123,7.2632,8.4379,9.5076,10.1106,9.109,8.7971,4.3822,1.6712,3.1051,0,11.7906,11.1243,10.0383,5.2743,12.4015,0,4.8728,0.608,8.8273,8.3211,6.4554,7.724,13.4211,1.8487,8.6467,10.4549,1.0778,5.1037,8.2107,0,6.1252,0,13.1441,9.9929,10.8311,14.4044,0,5.8189,8.801,9.4061,2.0201,13.4494,4.2825,0,1.6184,14.5661,4.9192,12.9635,0,3.7058,3.6438,4.3478,0,6.361,10.2471,6.3095,14.8772,6.7692,8.4349,4.969,13.4202,5.8401,1.8273,10.4935,3.8455,11.5822
"EPCAM",8.7407,4.8821,9.5546,5.6935,8.6626,4.7893,13.5353,2.2508,2.4226,3.4574,11.0412,1.5423,6.8137,2.4745,3.461,12.4005,2.1507,14.1273,1.9702,10.712,12.8319,1.0978,8.5153,2.2026,7.1554,3.739,2.0082,11.2034,8.1321,4.0587,8.2481,1.2059,12.8083,11.6366,6.1359,5.3291,2.2028,9.8417,1.3516,0.9113,4.6679,0.6451,1.9915,6.715,5.0534,10.729,3.2959,7.892,3.2628,3.191,11.036,8.7138,0.931,7.1795,1.0036,0.9574,11.2925,12.3251,6.5989,2.536,3.8998,3.3752,1.6551,13.442,9.9649,5.9637,0.6625,0.778,1.7462,5.8915,5.1356,12.9429,4.3973,9.8454,12.2775,2.5357,9.0811,9.064,11.8113,13.1841,0.6616,2.1886,2.7424,9.8773,5.83,2.3293,4.399,7.4677,0.7432,9.3173,2.553,9.9672,10.179,2.3741,10.6122,2.8366,2.341,11.4939,14.2984,7.7631,8.2776,2.9531,2.706,3.9594,14.4415,11.0482,5.2384,2.9951,1.506,5.5659,2.2359,1.1031,3.3232,1.7517,3.57,10.6024,6.6704,1.0529,10.2064,0,11.6631,3.993,13.2864,1.0989,13.2095,6.7705,2.0277,8.7461,7.6024,4.4919,1.5332,13.6566,4.0099,4.1884,5.2149,2.0713,2.7416,5.6544,12.0581,5.4994,10.2414,7.5522,2.1552,9.6003,11.3502,12.3522,9.8639,2.1173,1.226,2.4333,1.7507,6.2484,12.1644,4.151,12.8539,7.4996,4.2608,11.8641,3.5068,13.0646,8.1534,9.7056,2.9472,5.5142,0.8142,5.8663,5.3562,2.0807,8.8175,6.096,7.05,13.4125,0.5993,1.122,2.0523,4.7959,0.9023,3.9696,2.114,12.5767,13.9094,11.5398,2.5261,4.5218,1.8375,10.2427,10.8562,1.7737,13.3971,9.6784,3.8754,2.9924,10.9504,13.7218,8.9312,8.9552,8.27,2.0063,11.6101,9.7761,9.7552,2.2999,9.6597,12.0786,3.1849,12.4404,1.8382,10.734,13.4525,3.0041,6.6998,12.09,2.9227,0,13.5293,0.6389,2.1349,11.4119,11.5617,0.8774,0,8.9258,1.6652,12.8074,0.594,5.8955,2.1488,13.2812,6.9704,1.8389,1.7407,1.4175,0.6524,13.4783,2.6775,2.9692,5.2039,1.6313,3.2858,1.3914,6.3693,12.1713,10.2758,1.9991,2.6176,2.7947,11.5469,0.8184,3.6526,1.4864,10.0316,11.018,6.8425,1.1475,13.7247,9.477,0,9.0816,0.8084,2.137,0.5947,1.3248,7.4691,0,4.452,8.5204,0.9188,11.5127,1.2891,5.0006,9.6962,8.9586,10.7579,10.7896,11.485,3.0959,5.1734,12.0288,2.1266,10.5772,0,13.5441,2.6475,13.247,5.4537,9.7824,6.0819,0.6985,6.1373,5.063,0.9587,2.4866,5.5709,2.1751,3.987,6.3497,1.3346,1.1257,6.6015,5.5063,8.4265,8.3913,11.5882,0.8631,1.6044,5.0341,12.8641,10.6658,3.3589,2.4742,2.5506,2.9052,6.6104,6.6693,7.8066,6.7455,5.4587,5.9221,2.9943,0,8.3371,1.435,6.5747,2.229,2.0241,3.9829,3.3136,8.1136,9.2388,5.7962,10.0722,2.0221,3.9406,10.9578,3.853,12.9904,11.3357,1.1319,7.021,2.9493,0.5525,13.5347,3.47,11.8157,5.2019,3.694,1.0874,11.6937,1.8787,3.5379,1.4374,3.8934,2.0794,4.8363,1.3959,6.8686,8.9874,12.947,2.087,3.9436,6.2092,0,5.1885,3.6024,3.4839
"EIF1AY",0,8.9043,0,6.1217,8.9208,0,9.0647,9.4032,8.9876,8.906,9.822,9.553,0,9.4653,0,0,9.1888,0.9853,9.2034,5.8105,8.0912,8.9703,0.625,0,5.7289,8.8587,7.729,5.7544,0,9.0553,0,9.0914,8.7965,1.1998,6.9899,0,9.0697,8.9659,0,9.3169,9.3492,9.6138,0.8025,9.4009,0,6.6043,9.8468,0,9.41,9.3589,0,9.3296,9.09,9.0485,4.9612,10.158,2.9921,9.0428,9.2698,5.3347,8.499,9.7993,0,7.1258,9.2211,9.39,9.3779,9.0862,3.2972,4.8054,8.8999,0,10.0138,4.5212,8.8267,4.8968,0,0,9.6043,9.3268,0,0,8.8883,5.0952,9.585,1.2276,9.3239,0,8.8599,6.6956,9.3503,8.8874,7.475,0,9.0055,0,8.6895,9.9032,0,8.0418,9.7702,9.0547,0,8.8233,0,0,8.9952,8.9926,9.8815,9.2332,9.3834,0,0,0,9.3733,10.3496,9.7555,9.3576,0,0,9.2846,9.8304,1.1689,9.1655,6.619,9.4037,8.2846,8.9459,7.8461,9.1209,9.454,0,9.6558,9.968,6.3245,9.5546,9.115,9.7689,2.4493,5.9363,0,0.6452,8.6766,0,5.5111,8.808,0,10.0111,8.4588,0,10.2307,9.4388,0.8437,0,3.5296,0.8339,9.06,0,0,0,9.5454,9.9176,9.0198,9.4484,9.3259,9.2453,8.7787,9.4324,9.8003,8.321,6.5799,0,8.7167,0,9.3184,0,8.9361,0,0,0.4371,0,9.0264,0,9.6502,0,0,0,9.2157,5.8839,9.0801,0,3.8121,6.7348,9.1469,9.1454,7.0381,4.5739,8.8021,8.8168,10.1287,0.6533,0.726,9.2111,4.7772,9.3556,0,9.6183,0,0,3.9113,0,8.2746,9.1547,9.3009,8.6792,9.4376,8.8925,0,0,8.8833,10.0061,0,2.0899,8.9209,6.8081,8.3876,9.1599,0.7872,4.5246,0,9.0633,2.7161,0,0,0,8.3003,9.5442,9.5667,9.7571,1.0582,3.6951,5.9937,10.3706,9.0799,9.3883,0,9.5415,10.0148,0,0,10.6627,3.4967,9.2294,3.502,3.9777,0,8.7742,9.2128,9.2481,8.3592,9.3634,8.8942,7.3534,0,4.8286,8.863,0,1.1039,0,8.5536,0,0,8.7608,8.8848,10.0795,9.8026,9.5109,9.2275,0,0,0,7.8091,9.0711,9.5757,8.1316,0,9.6448,0,8.9056,8.5854,0,9.1216,9.3777,9.4972,9.3027,6.2577,0,0,9.3258,9.1052,0,9.2689,8.9994,2.0963,8.5367,8.6261,0,0,9.0674,5.5054,8.7987,0,0.6289,9.6157,10.6331,7.9387,9.5588,8.1213,0,0,0,0,0,9.6699,8.9775,9.2529,9.3671,0.7555,0.8733,9.0532,0,4.3317,9.6012,0,9.3955,0,10.0113,9.3907,9.1215,2.9493,3.4939,0,6.5065,8.9756,9.9499,9.0467,9.8992,0,6.8259,3.6438,9.6314,4.737,9.4928,9.4265,0,9.4929,9.4927,6.3324,0,0,0.6947,8.9638,0.7734,9.0981,9.4513
"AKR1B10",13.6619,14.8433,0.477,11.2909,13.8787,15.4157,12.8944,14.4534,13.3682,13.3798,3.2981,2.12,14.1823,12.7368,9.2595,9.0081,4.7748,11.1853,15.9682,14.599,10.4239,13.579,16.3981,10.5888,12.781,12.9389,3.2024,7.0097,15.2947,11.9091,8.6175,8.573,8.4532,9.4541,11.1368,3.2469,5.2569,14.7565,2.2868,10.2317,16.5807,14.368,6.3724,11.9279,12.507,15.2832,15.2637,7.5418,13.4634,8.6488,8.1655,9.3188,16.3215,15.1952,10.328,14.447,3.7817,9.0299,14.4866,8.2899,14.2483,15.529,3.4634,10.5729,17.2139,9.3447,11.5057,9.6194,16.4518,15.5983,15.9283,6.8908,16.4748,8.3751,13.2592,9.7979,8.5116,11.8535,14.7753,13.7675,7.8286,13.6827,13.4487,3.8561,12.9349,15.9041,10.9472,14.7873,0,12.7759,15.4957,10.8783,13.6715,2.5315,8.7553,8.1372,15.7101,14.9333,11.4165,10.3898,12.2752,17.1942,12.386,14.3601,10.6063,12.9018,15.6087,13.0535,13.3325,15.866,4.9642,11.0989,14.6898,10.6758,15.9092,8.64,15.0764,15.3068,15.3793,13.2099,6.4336,12.3691,12.6263,12.8287,11.2137,14.2488,17.3327,15.0896,15.6998,2.0901,0.9613,12.7799,12.467,6.6319,14.0587,10.11,11.1285,14.9907,11.7912,7.8108,1.9935,11.018,16.0665,5.2725,1.9082,9.7297,12.6979,1.1713,6.8433,3.0076,10.2398,8.0386,10.1465,14.4745,13.1749,15.2681,7.7859,13.0775,11.8491,13.6714,13.2526,6.8639,3.3438,11.4212,8.1178,15.225,13.8183,15.8551,13.7324,14.9372,13.0018,11.7828,16.6169,1.7455,15.5883,13.2914,12.4786,12.2586,10.6761,12.964,5.7176,15.8564,13.3047,15.2937,13.7805,9.7464,3.0853,15.0287,8.5215,16.5164,14.1619,16.1172,8.0733,14.9532,13.634,15.92,11.2186,13.5332,14.5633,10.7513,10.9487,4.6922,9.416,7.749,13.916,16.741,10.9982,5.9893,5.6181,11.1054,6.6403,16.0829,14.7395,17.0381,14.9085,11.2196,16.7435,6.0765,10.4213,10.3655,12.3478,10.2459,16.214,10.1814,15.1548,16.4999,15.6541,11.3029,14.0264,13.8126,14.9952,11.1507,5.2103,14.9461,15.58,12.238,13.5077,11.7944,15.8259,14.5962,14.8116,10.2444,2.4109,10.1381,8.5473,3.3415,10.286,11.2221,16.2715,0,11.1831,12.1774,7.2411,5.5601,13.5812,11.362,9.5645,16.0444,15.6516,14.3227,11.9965,16.9502,5.8903,10.0467,3.1429,12.8433,11.889,7.5703,8.5852,11.4717,5.7947,16.1661,0,15.0069,13.1881,0,15.5598,11.5744,15.1665,9.2254,14.043,14.793,16.9343,10.4609,15.6403,6.1911,16.466,0,9.8088,16.1357,15.4391,15.192,8.3759,15.0664,13.7534,13.3543,14.1658,7.8074,16.6207,16.0914,9.2641,15.646,10.8885,13.9354,15.8059,16.9864,8.633,13.3177,14.701,9.8042,13.4453,9.6401,11.4,5.7068,12.0551,14.3951,12.2935,16.597,10.8904,15.8924,7.298,10.574,13.4975,15.0124,13.2229,16.403,16.3208,12.5308,6.4239,5.7492,9.3513,0.82,14.6954,4.8009,6.4142,11.932,15.1216,15.9789,16.2792,16.4949,13.4333,9.7885,11.7745,15.1969,15.4107,12.9122,10.072,3.321,16.1295,14.6225,13.8549,14.4273,9.6195,11.5862,13.44,9.1402,8.8474,13.3655,15.4772,6.1885,11.2245,8.4012,14.8644,16.643,12.8943
"MUC5B",3.9235,0.8237,0.8347,3.5402,1.8918,11.3987,0.8729,3.3783,6.8918,2.5831,0.551,0.5637,2.7093,4.5372,1.4682,2.1795,1.7197,3.6731,3.4233,2.1406,3.5053,1.9451,14.398,12.4971,3.283,3.9105,4.604,11.8042,1.7249,0,0,0.904,8.478,7.4918,1.9818,0.7253,2.0011,11.4828,1.7346,0.9113,1.8093,0.6451,2.2389,1.5979,4.3451,0.9455,4.2813,8.7296,0,0.701,11.9521,5.5772,13.5873,5.9599,0,2.7336,2.3386,12.0162,2.025,0.9708,1.8525,1.7416,11.365,13.1078,3.5488,2.067,1.1147,0.778,3.3811,2.2492,2.6186,2.3627,1.1483,8.0538,12.6403,0.7532,0.92,13.1885,15.2279,0,1.1134,13.8326,2.0232,3.0459,6.2026,6.6417,5.3644,4.1686,2.5153,1.8173,1.2577,17.0364,1.8759,0.676,1.7249,2.1418,1.9652,6.9698,1.4513,13.6944,0,0.8427,2.4383,1.2961,3.8585,13.4757,6.1153,1.5368,1.506,6.0039,0,13.2285,1.7015,1.1268,3.7862,5.0559,4.9958,0,5.9194,0.9921,2.0828,0,4.3906,0,2.5322,4.9146,1.726,3.3282,4.3501,5.3016,0.9613,6.054,5.0861,2.8612,14.5789,2.0713,1.0961,3.1758,6.9469,3.3134,2.1948,14.7266,0.656,4.4377,8.8651,3.8319,12.8911,13.3066,5.498,4.9093,10.2782,0,3.2241,4.151,1.0391,11.3018,1.7982,4.7924,1.7821,4.6716,4.2003,8.5692,2.8282,3.0057,2.821,0,4.5135,2.2857,1.9397,8.0014,12.0422,2.1722,7.5621,1.9787,13.94,6.5657,2.2959,2.007,2.3204,10.4562,1.3788,0,0,4.1035,11.0599,11.5625,0.8733,1.7737,2.0104,1.3406,1.4011,0.9029,1.7197,1.6377,1.0501,3.7185,0.7241,2.0063,1.3152,0.9514,12.1197,0.726,11.3383,3.7125,5.1863,8.9428,0,15.7951,2.9073,5.6485,5.5399,2.0681,0,1.7494,0.5506,1.4175,4.9152,9.2429,11.1547,0.8774,1.0375,7.3189,4.018,5.9845,11.5107,1.7926,2.8095,0,15.1293,0,2.0436,1.0801,1.7168,16.8708,1.0562,3.5765,3.8167,0.7649,1.298,0,0.9971,0,2.2565,0,2.6176,1.4994,1.7971,0,3.3224,1.1383,13.1247,0.7535,0.554,2.5511,8.0405,12.3243,0.6483,0,0,0,6.084,0,13.443,2.3868,1.8524,9.3463,6.8564,1.9535,0.9727,0,7.534,0.6188,12.4816,11.9475,0,1.7071,2.0342,3.2824,1.0856,1.5096,2.1356,5.8041,1.5075,2.3312,2.2471,14.2443,1.8548,1.8036,3.0255,2.9611,5.8949,1.1051,4.9593,0.91,2.3673,11.6954,0,2.9445,2.8889,1.6882,9.581,5.2476,4.9603,9.178,0,0.9947,8.5535,4.9141,6.6844,3.5634,1.6597,2.9983,8.2176,2.7821,10.8854,4.7671,0,4.2634,16.0493,6.0177,1.1935,2.395,1.8487,0.7971,6.7699,7.3239,4.1929,12.7297,5.1676,2.5223,10.3298,3.2357,3.1334,12.0479,2.455,5.7317,0,12.2551,3.9231,3.3461,0,3.5003,0.8532,2.8502,0.8895,0.6755,0,6.2223,0,2.1822,1.0969,2.0286,1.883,3.2126,1.0619,0,1.6706,5.5463,4.8386,0.6558,15.3404,0,5.2703,5.6321,1.7446
"SSX1",9.8601,2.3881,0,6.8584,11.3646,9.571,0,0,0,10.5187,7.9567,11.0651,7.2144,7.051,10.2899,0,0,0,10.509,0,0,9.3286,10.0876,0,0,1.4246,0,10.5416,0,7.4715,0,6.3112,0,0,2.2288,10.9287,0,6.1193,0.8286,1.2148,3.1922,0,10.5689,0,4.226,0,0,7.42,0,11.8575,0,9.4106,1.4922,6.4822,4.9139,6.797,9.9855,0,1.7235,10.5957,10.2236,0,4.5805,0,5.8452,10.7933,0,0,10.4497,9.2353,11.2748,0,0,8.8863,0,0,0,0,4.2109,0,10.3165,3.4703,7.9151,0,0,6.3006,10.2128,0,3.9841,0,1.2577,10.666,7.7139,1.9959,3.4327,9.1469,1.7328,0,0,0,1.0656,5.7905,10.114,9.356,0,0.8491,7.4203,0,9.3085,4.4485,0,0,9.785,8.3667,0,0,0,0.6204,0,7.184,0,0,0,10.5707,0,1.5267,1.3441,0,3.9584,0,10.2311,2.0793,10.1571,0,10.5084,5.2717,10.712,0,0.7114,9.3061,0,0,10.1733,0,0.6329,11.7102,4.9989,11.1594,7.1728,0,0,0,10.3376,8.1735,0,0,0,0,0.6869,0,0,0,9.4693,8.9723,2.821,6.4371,6.5749,4.7112,0,2.5783,0,0,0,0,0,8.6743,0,10.3981,9.9605,0,0,7.8003,10.8324,1.1086,0,1.1605,0,0,2.4707,1.722,7.5636,7.8219,10.7619,0,8.1009,1.8888,0,7.2467,9.3004,0,0,0,1.3408,9.8441,8.5905,0,0.7171,0,0,0,9.0339,7.8073,3.917,0,0,0,0,0,5.0258,0.8774,8.732,5.9925,0,0,11.0153,0,2.621,0,0.6326,0,10.0257,1.9205,1.9482,0,3.097,3.2012,0,0,6.0426,9.8671,10.5909,0,0,3.3209,0.7156,6.2201,0,0,2.2805,0,0,5.839,0.9533,9.285,0,0,0,9.7301,0,9.488,11.3157,8.9654,0,0,0,0,0,0.655,0,1.8418,0,9.2765,0,0,5.8476,0.4621,0,6.1464,8.0607,0,1.9368,0,7.8898,0,2.5405,0,0,0,0,6.2699,10.9723,0,0,1.4636,2.7955,3.1987,2.9726,4.3716,10.9587,0.7998,0,9.7197,0,6.6687,0,9.5678,1.3998,0,0,7.4204,4.965,11.6374,6.4752,9.6126,0,0,0,9.2149,0,1.1864,0,10.5071,10.4348,0,5.8324,0,2.3711,0,0,1.4748,0,7.5469,0,0.7415,5.7281,4.7267,0,8.2119,8.2919,9.4005,9.1473,0,1.7737,0,7.3025,3.0295,2.954,0.5143,1.8787,0,7.2686,0,10.9601,5.1759,0,0,1.0647,0,2.9063,6.0575,2.033,0,7.3589,6.3123,10.5449
"CRP",14.213,15.9691,12.4952,15.4593,13.9957,18.5043,10.5896,17.4919,18.1193,17.2055,8.0508,10.8239,17.1422,18.3994,17.1077,11.4913,11.983,9.1023,15.3755,15.0243,9.2929,7.3174,16.3459,14.765,11.5848,10.8598,5.9211,11.6257,14.1126,10.0799,15.6829,3.9828,8.9482,17.2303,11.5987,15.1449,9.2283,16.9624,4.4043,5.0508,14.5472,12.4747,9.3911,16.7845,17.4487,17.1431,18.7106,10.1938,16.9794,15.81,12.3728,11.0193,13.271,14.65,6.5463,9.2535,6.2548,15.0792,13.1069,10.5004,11.5861,17.8628,10.3671,16.0514,15.984,5.1083,8.3103,8.1965,16.8235,8.5949,10.6908,13.5864,17.5267,11.0153,11.5809,7.2974,17.6004,17.9346,14.5982,14.5464,7.8063,10.8448,10.2249,16.668,14.6506,12.9622,12.5355,9.6527,9.297,12.8448,15.2637,9.0393,10.3533,2.1974,15.2595,13.8887,11.4634,17.5241,15.3774,18.805,12.1269,15.8172,16.6039,15.592,16.7372,12.4116,18.4915,13.0178,14.12,16.6327,12.9582,8.4841,11.8567,14.5879,17.3302,9.4342,15.4071,6.8712,16.0343,9.759,11.2629,4.8257,10.648,13.174,9.7237,9.9993,15.4481,13.3087,16.6416,7.8394,14.7091,16.2326,11.7063,8.4112,14.8028,19.4849,5.7522,17.6,9.2579,8.1465,6.2279,18.8437,12.1874,16.8585,8.336,10.2291,11,12.7512,10.5111,6.9467,15.8421,8.9119,15.6553,14.7809,6.0983,13.8555,17.8358,15.3711,9.504,9.1771,15.3667,9.1024,7.852,10.348,13.8951,18.6236,17.0808,16.9746,2.9036,15.1394,17.9972,12.3512,16.1396,5.769,17.7829,17.9978,16.5769,13.4858,14.8713,16.222,18.7229,12.7295,16.4331,11.9379,13.4281,14.2812,7.7963,15.8251,16.9595,17.7507,8.1094,17.9874,6.9009,10.9525,13.1257,18.4799,13.21,15.4593,11.8463,16.4522,14.8825,11.4262,12.0647,5.5618,11.9959,17.1162,14.4798,14.6658,11.4827,10.5135,13.3635,6.0075,11.2028,6.6871,8.9939,14.5883,9.0595,5.5362,17.366,5.2729,15.2751,17.8007,19.6916,13.9449,17.9084,14.4577,17.4461,14.5194,16.9659,11.2579,9.965,2.7161,10.5894,15.5761,12.6557,9.4152,16.9248,18.7039,15.2683,13.5452,0.583,17.8671,8.2546,7.7564,5.2328,11.0125,9.9053,16.2198,14.7683,2.8086,18.6834,10.1226,15.2289,7.4939,16.331,17.9337,4.5314,18.135,18.947,12.2617,13.0692,11.9999,15.0751,17.7943,9.2418,7.7399,16.7201,17.6743,9.1665,11.0579,10.5057,12.992,4.216,14.6103,15.8167,4.7166,16.7469,8.6634,9.5128,1.9149,9.775,11.0325,16.6615,8.9537,14.7447,16.7397,13.0218,2.5807,18.9381,17.5292,15.6379,9.8628,18.3004,12.6116,11.8453,13.784,17.2333,12.15,14.3534,18.7039,13.4036,16.8886,11.6535,10.2426,6.8361,15.985,16.6277,15.3652,6.6405,13.7922,15.8648,11.4884,16.0598,13.2866,13.29,15.4627,11.6632,9.6665,13.8573,12.3899,9.5321,11.4563,8.8874,14.0857,17.8693,11.7778,17.5273,12.9936,13.5314,12.7689,18.724,12.0145,13.9129,13.2223,17.4218,15.9758,16.1591,14.6202,18.5309,14.5739,12.1654,7.5062,1.1439,15.0292,11.7432,13.9864,5.0222,18.3942,16.9488,3.9215,16.0186,6.8125,9.001,14.8905,6.8751,14.5306,6.8669,12.1142,15.9889,9.2846,6.4425,5.4066,16.8905,13.7099,7.4315
"IGF2",12.1062,17.2186,5.9107,11.4864,7.7237,8.799,10.6733,8.642,7.6292,8.6559,17.5398,6.8726,7.1025,6.6539,8.9636,16.7815,9.6046,19.2796,10.1595,14.8615,19.2742,9.9959,8.0367,12.1973,9.6728,10.6368,6.7903,7.172,9.721,8.2047,9.8266,8.6532,18.6978,11.246,6.6729,9.4337,14.6324,10.1942,14.1076,11.0452,8.7791,9.0678,11.9976,9.8235,7.1891,10.5651,9.1291,17.5908,19.0264,5.4443,18.9896,11.2096,6.9577,9.8125,11.2558,10.6088,8.4295,19.6667,14.1747,13.0943,10.8874,7.9673,14.9429,12.0789,7.155,10.0369,9.1213,9.1106,6.6424,4.8054,7.8903,13.7465,9.5597,17.0465,16.2783,12.568,19.2289,10.8317,7.4185,18.7104,3.3658,6.3724,9.9698,13.8372,16.9194,6.4557,9.218,10.8954,7.7135,17.8611,11.8196,7.8547,10.9539,13.9956,14.0341,10.4392,7.6375,15.1242,14.0202,10.4103,15.8447,9.54,14.6613,9.2652,16.528,18.6806,9.2229,14.8908,9.9327,9.5578,15.1195,19.9247,7.263,13.5979,10.8151,8.7505,18.448,9.3972,11.0856,7.2131,16.6178,5.9234,17.9695,7.7477,18.5372,9.3775,8.868,16.5674,11.8995,12.2786,12.9376,13.7538,7.5319,18.0184,7.1718,6.6011,8.0862,11.0407,19.213,10.008,19.7011,9.0146,8.7499,17.0423,18.6243,8.424,13.5811,7.0461,12.213,11.9392,16.1427,18.1535,10.869,7.7957,13.4263,12.6387,12.752,13.9381,12.954,19.652,9.7505,19.3832,13.7258,10.2431,13.6376,10.5134,8.0809,6.9179,7.4498,11.6361,10.4148,19.513,8.6261,19.1352,12.4526,9.5675,5.8986,5.3916,6.9738,19.2107,7.0874,9.3983,7.8273,10.4371,11.8316,18.9638,19.2868,10.404,11.2245,9.0323,9.7314,7.0575,8.484,16.9984,9.0051,11.8598,13.221,8.4075,8.629,19.2569,15.907,12.4971,15.0242,9.1185,9.7345,9.6646,9.6417,7.08,19.4556,14.2123,10.8796,5.6732,8.7301,7.2674,18.4777,18.8262,7.116,17.13,6.9514,10.0414,14.7941,14.9068,8.8154,19.6462,3.3462,11.1365,8.1428,18.9797,16.0365,10.2168,14.0239,7.4574,18.4917,19.3862,19.2709,8.6583,14.8343,14.2601,6.9488,7.3517,7.2517,18.4176,19.4745,12.1649,10.6224,18.403,10.4119,15.2691,9.9635,13.4734,11.5669,18.0083,7.553,9.6209,9.5878,17.2206,13.7,9.7629,10.5681,8.5414,7.7467,7.7177,19.0781,13.6236,8.6456,11.0091,9.2786,12.5606,18.8053,19.0377,15.8863,6.2064,19.529,15.8715,16.1933,11.8245,9.7196,18.1415,8.7909,8.7249,13.4636,16.5156,8.1308,18.8284,7.5805,17.8966,15.4664,8.7002,14.7913,6.9533,9.7366,7.1084,12.1715,14.0164,7.2417,6.8284,12.7665,8.5519,7.6304,10.4782,15.2571,7.6803,12.1168,6.5349,12.5034,7.4157,10.1239,18.5146,8.9598,10.4715,9.2006,6.0749,10.7961,12.8907,7.6963,9.2158,18.6318,10.9245,7.8878,11.0084,15.2306,8.5573,17.8763,7.2569,7.9541,7.7357,8.6752,18.5214,18.4152,14.2258,9.6055,6.4385,12.5872,19.3029,13.3903,8.8255,13.2391,8.3605,12.2462,7.6458,7.7773,19.2066,7.2537,17.5179,10.3643,8.6711,9.631,9.1433,6.3456,8.3858,7.768,11.0614,8.3992,11.1311,11.0571,9.5989,13.7716,19.1407,8.6761,7.9044,13.7733,9.2865,13.7984,7.4829,10.4739
"KRT23",9.4172,8.511,0.8347,6.3863,9.8456,9.8039,6.5174,13.0156,9.9903,10.7229,3.2981,0.5637,12.1486,0.6505,9.0446,10.3246,1.1022,9.2878,10.9453,9.3071,12.7529,6.2742,10.7813,10.5787,12.0507,2.7257,2.2888,6.2065,3.9987,3.8128,2.0727,2.5339,8.1198,4.3544,7.4208,0,5.8292,12.4511,0,3.418,9.1944,7.7834,5.1387,9.0827,11.2203,11.4861,10.3882,0,9.8658,0,0,3.6306,10.6185,10.0324,2.3277,5.9149,4.8493,9.0735,2.025,3.6461,7.2481,7.8598,3.7203,10.0837,10.4611,0,1.1147,1.6528,0.6678,11.4067,4.4307,14.0434,10.6631,7.6596,12.0076,2.6969,8.0007,7.0849,11.6107,11.1796,6.0731,10.0381,8.0759,1.6201,7.6892,0.9219,1.3948,5.5165,0,9.4654,8.6843,4.3082,7.0645,0.676,10.4552,5.4141,14.17,10.015,6.9661,4.744,10.5856,12.3966,9.4384,1.2961,14.1672,8.7257,5.9439,0.7083,8.3398,9.2682,0.6136,11.0928,8.6014,2.7905,7.7461,2.3608,10.5889,7.6921,0,7.0396,7.545,0.8711,11.5783,5.8317,11.0851,8.4395,9.491,2.6405,10.6177,4.1651,0.5592,5.8843,7.409,2.2189,11.2654,4.4474,8.7725,10.4857,11.165,5.324,1.4799,4.5233,7.6201,3.5028,1.9082,5.6531,9.0348,0,1.879,0,0.5588,9.5519,12.0387,4.0604,10.9396,9.84,2.1056,8.3267,1.1503,9.5456,8.23,2.373,0.6872,0,5.695,11.2077,10.0288,0.719,2.2162,11.852,5.8781,9.7574,2.6206,2.1794,0,4.96,2.9913,0.5174,2.5009,10.5623,13.0669,12.431,8.5403,12.9467,7.4114,7.5076,3.6608,0.8532,9.0554,10.4593,2.4266,8.2002,3.6401,7.635,11.1215,11.7986,7.4463,9.6931,8.8926,10.9799,3.0783,1.8544,9.8358,7.6177,8.2456,2.3665,2.4614,0.4863,11.8926,1.0024,5.704,4.2551,11.6822,4.8516,11.4713,5.6445,13.4874,8.8754,10.3422,9.878,1.0375,10.0923,9.4086,9.8608,0,7.9255,11.4819,11.3437,10.0348,1.5524,2.5069,0,10.477,10.4268,11.3475,9.8801,12.2813,11.6076,12.1889,5.945,1.9957,10.5678,6.593,6.7591,3.4104,9.3886,6.2495,0,6.1386,0,5.8422,6.8608,1.2657,0,9.0378,9.2647,1.434,11.8908,10.2664,2.137,1.0146,4.1943,0,0,6.7203,6.1538,12.6378,11.6802,7.7684,4.6005,6.906,7.0643,5.3471,9.8913,11.7272,1.0925,11.0248,10.0288,10.0459,0.9438,8.2053,13.4541,12.0605,11.314,12.7685,0,4.4553,0.6985,8.1323,8.5797,1.9377,2.7561,2.4756,3.1556,7.6228,12.6473,9.7267,1.7502,7.9422,10.8512,5.6029,2.0295,1.3044,2.0963,0,11.182,10.4438,12.7328,7.7412,2.861,11.2588,0,6.1147,4.8437,11.598,9.4488,10.1594,5.2493,4.5637,1.8284,2.8943,0,11.452,4.4365,10.207,0,12.348,13.2198,2.3673,4.8812,4.3541,0.82,4.9774,2.5117,1.482,12.6104,7.4973,9.0947,11.6209,8.2803,4.191,8.8785,0.4887,12.8459,3.3754,10.6785,3.6145,4.973,5.8719,0,7.3106,2.7327,8.5722,1.25,9.4929,7.5526,7.3057,8.1928,10.4651,0,2.033,3.1121,9.5658,10.4911,6.811
"HGFAC",9.8002,7.308,1.1212,11.4883,1.0597,6.7307,8.4397,10.5517,12.3588,10.342,8.9,0.5637,9.6088,6.3254,8.7709,9.2873,2.4821,12.6364,10.0182,12.218,7.6058,4.3892,9.8163,11.4129,3.387,10.3396,0.5178,6.3842,0.6566,12.9536,5.0933,7.8131,10.3047,7.1136,6.9037,8.8525,13.3195,7.0255,1.3516,10.3873,11.0498,12.8748,3.8474,8.0023,10.2199,10.9079,14.4764,10.3509,11.4792,7.4761,13.8547,6.8056,5.8832,11.5681,11.8891,4.2399,5.8819,7.6511,0.8217,11.4807,6.5567,12.5641,13.0915,9.2406,6.6396,2.3183,5.6592,12.6678,2.7838,0.7507,4.1907,11.056,11.9723,7.9728,4.6031,6.698,7.4655,11.9144,7.141,12.5925,8.8273,12.487,10.0138,10.0899,12.6504,9.7113,6.7908,9.9274,6.0376,9.4534,11.5245,1.1054,9.3993,0.676,11.968,9.8344,11.0989,12.2318,8.2871,9.3301,3.8193,11.6618,6.7425,1.6706,2.6519,12.5195,8.2881,11.5467,10.9859,5.1945,10.5994,11.9231,2.1304,9.6714,11.8507,10.7153,9.1022,6.9548,12.6917,6.7258,0.72,5.6651,7.7573,1.7154,8.6993,13.7392,12.5172,9.3699,12.692,6.5472,0,2.3639,3.2082,6.7059,2.5926,0.8486,8.0982,11.1188,5.9585,0.9569,1.1328,11.0475,7.8995,14.5441,11.0952,1.2167,11.9387,9.348,12.6845,3.4173,8.0262,12.0966,7.2327,0.6237,12.8242,9.8872,5.7511,10.6854,7.7648,9.5418,11.3132,9.1992,11.6393,10.0212,12.865,12.4004,5.164,4.8469,0.8563,9.3988,9.4111,8.5101,10.9685,10.6814,13.2689,0,1.8508,4.3205,7.8868,10.8122,0.8482,8.409,11.503,13.4308,9.3927,10.9107,11.637,12.4168,8.7417,12.2015,5.9856,9.4837,3.726,11.6166,12.2863,13.1303,1.5635,6.7844,10.9624,13.0766,11.5302,11.2514,12.7834,7.2514,7.8717,3.6186,0,6.0163,6.9754,12.0862,7.3344,2.0681,11.0897,13.6082,11.245,11.4279,13.7998,11.9238,7.2924,11.8388,11.4365,12.3263,2.6846,9.922,1.603,10.9004,12.4541,12.1476,6.4589,2.0778,12.3504,8.1125,12.6414,4.859,10.94,2.9692,12.6277,11.9586,12.4189,7.5185,0.583,11.574,1.0562,6.634,5.9839,10.8645,7.3608,13.2112,10.9721,0,0.645,7.9656,0.9533,4.1215,5.1688,9.3156,12.2988,6.1585,8.3667,0,7.1888,10.1007,14.0762,11.9143,12.5311,6.5378,13.2329,1.7219,10.0709,4.7466,12.3211,1.0505,2.4693,11.2334,1.5613,0.4621,12.438,12.8804,7.575,0.9438,10.8322,6.3304,11.2528,7.8399,1.3818,11.3798,11.5801,0.6985,12.6867,10.4712,8.1927,1.7235,8.1066,7.4838,9.5537,5.2765,11.0023,3.3309,1.3095,12.3824,12.2879,6.5655,12.474,11.257,12.6634,10.621,4.8233,12.3876,9.3595,11.607,10.3255,2.4578,4.9309,11.1146,0.5599,7.9787,10.9548,5.5874,4.06,11.3054,13.9883,9.5668,10.9734,1.3075,4.2202,6.4475,13.0461,11.2845,13.9952,10.8527,7.709,13.7926,12.5373,12.4779,12.1381,2.6628,12.9481,12.1966,11.857,8.0402,2.093,11.6368,6.414,11.5895,1.8309,12.9857,0,0.8926,10.4919,1.8694,4.3478,3.5583,4.5922,9.2742,12.5306,0.8174,7.0681,10.3342,7.4629,1.447,1.7966,10.3361,12.4205,1.225,2.8619
"KDM5D",0,6.7293,0,7.4591,8.7314,0,9.342,9.0511,8.7695,9.8835,10.2543,10.4418,0,8.6757,0.668,0,9.5636,0,10.2651,7.7421,8.6257,8.9455,0,1.1382,6.9668,9.0829,8.056,5.4858,0,9.2448,0,9.318,9.6673,1.1998,7.9545,1.5656,9.0713,10.1911,0,9.7741,9.0971,9.284,0,10.0403,0,8.3029,6.8836,0,6.6668,9.3311,1.4159,9.6618,6.5604,9.6716,6.4334,7.7084,5.1844,9.9946,8.9587,5.9643,8.9625,8.3797,0.7795,8.5598,9.0872,9.989,9.6964,9.4395,4.6175,5.7246,10.1823,0.8708,10.1924,5.6218,9.9633,9.2537,0.92,0,8.4018,9.9069,0,0,9.5585,5.7238,9.6985,0.5334,9.4514,0,9.4986,6.7188,9.9685,10.5191,9.5012,0,9.5301,0,9.2549,8.8366,0,9.3078,9.898,9.1373,0,9.3055,0,0,8.5275,10.0792,8.5278,8.3077,9.2313,0,0,0,9.5474,9.1085,9.3152,10.4935,0,0.9921,9.4499,10.5028,0.6997,8.3354,8.0924,9.5248,7.6346,9.5575,9.4805,9.8024,9.3923,0.5468,10.0063,9.523,7.3802,7.7786,9.7783,8.7144,5.1464,6.9356,0,1.0895,8.8195,0,6.789,8.9108,1.8405,10.8339,9.0497,0.911,9.6489,9.9368,1.5786,0,5.1192,1.3589,9.2184,0.954,0.6869,0.9851,9.6099,11.1487,9.5827,10.0023,8.8893,8.3134,9.2911,8.9798,10.663,9.1124,8.8021,0,10.1687,0,8.4267,0,9.3799,0,0,0.4371,0,9.3608,0,7.6431,0,0.6939,0,9.0652,5.8839,9.4852,0,6.1412,7.4787,9.9725,9.7566,7.6753,5.1251,10.2831,8.4685,9.397,1.4427,0,9.2148,4.9413,9.837,1.1293,9.0454,0,0,5.5282,0,8.7192,8.3853,9.1956,10.0811,9.7454,9.7784,0,0,9.6047,9.2185,1.2224,4.1995,9.6784,8.138,9.0079,9.663,0,5.5105,0,10.0661,5.692,0,0,0,9.3623,8.8011,9.2545,7.7265,1.662,5.2423,5.4397,9.7487,9.8286,9.5917,0,9.9299,8.1234,0,0,8.4532,5.1691,10.4025,6.0314,5.3537,0,9.7055,8.2213,8.1433,9.7304,9.3645,9.0082,7.3534,0,5.2802,9.9241,0,1.9535,0,10.2719,0,0,9.9266,9.5476,8.5792,9.1867,8.429,10.71,0,0,0,11.614,9.4005,9.5571,9.0641,0,8.0156,0,9.5309,8.0372,0,8.7686,9.696,9.4454,8.878,7.4065,0,0,9.9644,9.3077,0,9.9074,8.9096,5.0418,9.0177,8.6423,0,0.7081,6.7479,9.6955,8.2396,0,1.4,8.9629,10.4477,8.9132,9.2202,9.3556,0,0,0.7168,0,0.4062,8.9963,8.7106,5.9304,9.2688,0.7555,0,9.0756,1.7173,5.6213,9.8902,0.7415,9.5707,0,5.6875,8.746,9.0388,7.7104,5.5024,2.5574,7.4856,9.5397,9.0533,9.59,8.5913,1.1921,6.6253,5.6592,9.2056,5.359,9.6907,9.6851,0,9.5276,8.9304,7.8094,0.6242,0,0,10.1887,0,7.8324,9.1428
"MME",3.4901,3.121,11.1074,11.3581,4.4513,4.9937,4.6259,2.731,1.295,7.3386,8.1247,9.1426,7.6421,9.049,8.2325,4.9188,2.1507,1.9778,8.2957,6.4678,6.0463,13.4264,0.625,9.0219,9.1141,13.2107,12.9681,9.8351,8.305,4.5834,10.5825,12.8785,2.213,3.5879,6.398,9.4807,7.0632,8.8413,10.7782,10.8692,3.0899,1.0892,8.1256,2.824,0,4.0653,6.8639,4.937,0,10.5992,2.7738,9.8683,3.1953,1.8179,9.9201,12.2651,7.9094,1.3593,3.4564,8.4842,5.8691,4.6566,10.1211,3.5855,3.6203,9.74,14.3239,13.724,6.1627,13.504,8.5893,5.567,7.529,7.0486,3.4958,14.6924,0,7.1774,1.6735,5.1365,13.4741,3.021,11.5225,10.9134,9.6391,10.436,12.0822,8.5395,3.7147,4.8879,12.9517,5.5087,6.5819,13.6352,6.9912,10.9924,8.6421,3.9983,4.0159,4.3196,11.2478,10.7676,7.1983,8.1868,2.3534,3.4083,2.362,0.7083,7.2383,6.0631,13.5683,2.152,0,7.734,9.2843,0.8697,6.6761,10.7882,2.4021,12.0207,11.8801,10.2444,2.7264,6.8901,1.3757,6.7829,7.2313,1.538,8.9351,12.4504,10.1749,2.2286,11.5974,8.8307,5.5038,4.2791,14.0372,3.7686,2.4493,4.1269,11.4812,2.7312,12.0492,4.1684,3.6512,5.2632,6.8723,11.3384,12.4546,3.7359,2.1081,4.9781,4.6113,10.9246,2.0582,8.0943,12.085,3.0052,1.1503,3.295,9.2804,4.7616,0,13.7574,11.6423,2.3915,6.3874,10.5367,11.8536,6.371,10.1109,0.664,1.6135,10.9006,2.0523,10.9049,3.811,9.6896,2.5009,2.574,0.8482,1.7249,3.5978,5.9339,7.1813,10.1087,2.7705,10.4033,5.3885,8.6802,9.9625,8.3577,7.9539,2.3849,11.0125,9.7252,12.4596,3.043,3.7444,3.3698,3.4245,8.1,9.8248,10.5319,11.9219,5.3709,3.414,5.5818,2.2931,8.3401,9.4116,0.6156,2.3873,3.6793,2.0884,9.7622,3.0811,2.6793,2.7392,9.7294,9.716,8.2527,7.1291,5.0721,9.3111,7.4941,9.3503,3.0456,5.2008,14.4274,13.7617,13.7431,1.4411,0.6984,2.0835,0,3.8167,9.4633,9.4522,1.0582,14.2977,3.833,3.003,14.3208,11.5649,0.9364,6.5832,9.1169,3.1238,9.3029,4.3736,12.4559,10.7463,13.0601,1.6717,6.6763,13.9866,4.6009,3.5259,14.5846,10.8727,4.7727,1.1639,9.3041,6.2115,9.5298,2.1896,0.655,1.5484,1.1968,8.8758,1.0505,10.8499,6.1841,0.9823,11.57,7.8718,4.4815,7.1425,0,10.006,0.9606,9.8107,5.5747,8.1038,3.4263,0,10.2278,10.5895,7.5137,0,14.1767,10.3476,13.2499,9.8149,10.0662,9.0033,3.8866,3.5659,9.9929,9.3906,9.7417,0,3.8995,8.719,1.5779,2.9174,4.4948,0,2.1432,8.4502,1.806,2.8094,9.8543,9.2735,8.6999,0,1.1734,10.0343,2.8834,2.4606,6.3107,4.9043,0,4.0963,5.177,7.1885,2.1509,0.8733,11.9964,2.1481,11.7772,11.7572,4.965,8.9036,2.6628,3.2361,9.4992,7.1704,3.5098,9.5676,2.2632,11.3997,0,5.5816,6.7128,9.6872,4.2141,1.2257,13.6952,12.7253,14.624,13.49,5.8284,8.6908,12.0036,13.072,3.472,1.3919,7.1496,0,13.4879,9.0328,1.225,9.678
"PAGE4",1.7494,0,2.0476,8.9777,4.5876,0,0,0.7019,0,1.4136,4.3268,0,6.5082,0,6.4812,0,1.7197,0,0.9802,3.7551,0,12.6373,0.625,0,0,8.6324,0,0,9.2047,2.5108,0,12.4914,0,0,3.8353,0,2.6793,0,1.3516,6.824,0,0,7.3831,0,0,0,1.3806,0,0,0.701,0,8.3102,0,0.7061,14.3354,13.0854,4.7283,0.4765,0,4.032,8.6379,0,8.6363,0.5263,5.7206,7.0681,4.5326,8.8915,6.7801,5.5358,0,0,6.1238,6.8907,0,8.4079,0,0,0,2.1433,9.7911,0,5.5537,2.6288,0,0,11.4031,0.599,11.084,2.3805,8.9868,0.4687,8.8693,14.0881,1.1061,8.1054,0,0,0,0,3.5765,5.6494,0,6.0395,0,0,3.5049,0,0,0.7416,4.4727,0,3.4022,7.1723,2.07,0,0,10.656,0,7.9955,0,4.5977,0,8.3252,0,0.9566,0,0.5617,0,0.7238,2.3956,0,5.5339,1.627,0,0.8486,13.1662,4.5827,0,6.5999,0,0,12.6236,0,0,0,3.95,7.8384,14.2123,0,0,0.71,0.8437,0.6237,0,0,0,0.954,8.6076,0.575,0,0,12.7785,13.7184,10.703,0,3.8085,8.7566,4.105,0,0,2.3482,0,12.2527,0,2.59,5.4881,7.9222,0.7362,0,0,3.4327,0,2.7617,5.1069,1.5125,2.7705,0,0,0,11.9479,0,1.3386,0,8.964,1.2336,9.5645,0,10.6071,0,0,0,0.8208,3.4473,1.0085,4.1397,0,0,0,0,1.6328,0,0.9564,3.8778,0,0,4.2203,0,0,11.8532,6.6732,0,1.0606,0,0,0,0,0,0,8.9138,14.2305,13.4506,0,0,1.0562,4.1206,1.0965,4.5032,0.7903,0,14.2645,0,0,14.6917,3.4104,0,0,10.5062,0,0,0,8.9863,8.2497,12.0625,3.3631,0,6.4467,0,0.8084,9.7628,0,1.7037,0,6.7495,9.3583,0,0,0.655,7.2983,2.2859,0.9936,0.6188,0,0,4.7206,1.8649,2.6229,0.9781,0,0,10.6688,0,0.3372,0,0,0,0,7.2745,2.0219,0.8107,1.5297,8.3317,0,6.5573,8.393,0,7.3087,0,5.5944,0,2.694,9.5185,0,8.4541,8.9268,0,0.6287,0,0,5.5234,0.6228,5.9522,0,9.6598,0,0,0.608,5.5874,0,6.3237,1.8375,3.7845,2.7068,0,0,0,1.1324,0,0,3.3909,0,10.4796,5.8535,0,0,0,5.3823,0,0.744,0.6881,5.9572,0,4.4573,0,0,0,15.172,0,0,14.163,11.0022,8.24,8.1185,0,9.5958,0,7.6097,0,0,0.6558,0.6947,9.1305,1.2742,0,9.1686
"HEPACAM",4.8359,2.6045,1.0189,5.8177,0,3.3177,4.3614,2.3849,0,0,8.5529,0,7.1872,0,0,2.0849,9.7712,2.5603,6.8949,8.3113,0,11.4485,0,3.1927,0.8338,10.4893,0,0,10.1394,0,1.724,13.3392,0,0,9.3045,0,9.0747,0,0,10.948,6.6808,0,4.4584,0.7448,2.8955,9.6108,0,0,6.8819,0.701,0,8.7502,3.6765,4.1773,9.8749,9.4333,5.9102,0,1.3419,0,4.2951,0,6.2976,3.0498,0,0,13.1215,12.4834,8.6984,8.85,0,3.9153,7.4071,2.3232,0,11.1388,0,0,0,2.7806,11.4237,0,8.8416,10.0353,9.7529,0,1.4096,3.5829,7.8615,3.8874,10.7246,0.4687,6.5373,12.5753,4.9981,10.7427,1.9886,0,3.6805,0.8145,10.6425,8.7954,4.9903,0.7889,0,2.1732,1.0252,0,8.7781,2.3312,11.5007,4.084,0,6.6838,7.587,0,5.1263,11.2624,0,12.1035,1.1982,1.802,0,0,0.8459,9.1455,7.6841,1.2655,4.9579,0,0,0,5.3349,9.9469,0.5435,0,4.3817,3.1758,0.7114,0.5564,12.6528,0,9.265,3.7156,0,0,9.964,0.5032,13.6586,1.465,0,1.1837,4.7596,8.7557,4.7334,5.8826,9.6845,9.132,3.5614,2.0595,0,0,0,11.1977,10.3829,6.4877,8.542,9.4398,8.0385,3.7157,0,0.664,0,10.1353,0,6.1433,0.9023,0,5.6784,0.4371,1.0032,2.709,0,10.1328,5.8276,2.7863,0.8733,2.0345,2.5437,5.0607,8.8318,2.7208,0.8193,2.8994,9.5279,4.6909,14.4095,3.7463,7.7876,7.338,1.1014,3.8811,9.3667,7.0005,2.6429,4.1847,2.2374,0,2.9073,8.2715,0,0,2.4581,10.2645,0,7.9483,3.1489,0,0.4381,8.6583,7.5055,6.9632,3.5678,6.011,0,1.1584,2.9856,2.4206,1.071,13.1039,11.1572,9.1986,0,0.6984,2.0835,8.5602,8.0812,6.1584,0,0,11.3046,0,0.6226,11.57,10.0832,0,4.2968,9.8251,0.7164,5.3233,0.3519,10.3469,0,11.8503,0.6289,2.6751,11.1736,5.6456,4.8339,11.2114,0,9.3097,0,0.8844,8.7009,1.2912,2.1669,1.6444,0,1.8418,8.0546,0,11.9076,5.449,1.9734,0,4.5777,1.9671,8.9367,0.9438,9.0216,1.9404,7.9361,7.3423,0,0,1.8548,0,3.7439,3.9656,0.9587,11.4267,10.2662,10.9577,8.8443,0,5.6514,0,4.9431,4.293,7.4995,6.905,0,3.133,9.3195,4.3622,0,2.9564,7.4544,3.4877,3.6789,0.5843,1.639,5.765,0,2.9722,0,0,0,1.1864,1.8375,6.0104,7.2691,0,0,0,5.1189,3.4108,0.8733,8.293,0,9.6641,2.9288,0,5.9927,0,8.7687,0.6743,8.4564,0,4.6815,0.6256,1.4679,3.7976,0,5.4693,9.452,0.9417,1.8787,12.562,9.154,2.9399,11.6123,0,9.8179,11.104,10.1216,1.5568,3.0195,0,0,11.1879,7.6687,3.3098,0
"HSD17B13",12.6435,11.9412,13.0429,14.2457,3.7518,11.4664,9.4718,6.0615,12.862,10.737,2.0894,10.3513,2.366,4.222,9.8914,2.0092,4.2742,10.99,14.7332,13.1985,3.3742,3.4185,13.245,3.2338,7.7109,6.914,3.0602,10.3889,3.7119,13.2866,13.5459,5.0355,9.5556,6.0831,6.587,12.0442,13.3514,8.2791,15.7022,3.873,10.4974,8.5303,12.1867,11.064,6.167,7.3654,7.8325,7.0612,10.1121,10.0828,12.1366,15.6712,5.0326,12.8106,11.718,2.9247,8.8889,9.5837,10.5528,8.6994,12.4749,2.0446,14.3296,10.4106,12.8763,12.9436,4.6377,4.1823,8.6549,3.6558,8.3358,9.3105,9.5759,3.5827,7.3587,9.265,5.4535,3.6722,4.2667,5.8341,4.6688,9.9317,8.956,6.0057,9.9677,13.6207,15.3482,7.5768,1.8857,9.7469,8.6916,5.6143,13.6856,7.9324,12.4702,13.6544,6.2133,5.8747,8.6974,4.744,13.1488,1.3712,2.4383,13.0899,4.579,10.7429,12.408,13.9327,11.2691,7.1373,12.3274,8.7931,10.8237,13.7084,11.4347,11.8833,12.3757,6.4603,2.7472,3.4451,9.359,4.2024,12.2365,9.9394,3.9406,2.9231,11.3867,7.5839,11.5663,3.3394,13.4711,2.8055,11.8744,2.6374,6.6803,8.5929,3.4155,6.7519,7.9031,9.8755,11.208,6.09,6.9158,6.3742,4.2189,2.8658,11.5084,13.4149,9.2597,5.8414,1.5321,4.4158,9.5697,11.829,3.5296,9.6423,14.8213,11.6929,10.8118,2.1467,13.0904,4.4181,10.3619,10.4541,2.2605,13.8188,7.4185,12.7834,4.2956,11.3607,6.5894,2.505,13.362,2.5125,4.1314,14.1702,8.0003,13.9213,13.2177,10.6599,1.3788,8.4689,11.5129,9.0516,14.3677,10.1987,4.9126,12.5926,11.239,5.7099,14.6561,3.1421,4.4859,13.2129,9.0037,12.7482,7.7025,13.6912,12.5028,6.9998,3.4245,13.6874,13.309,2.5738,7.4966,6.8231,12.4185,0.8493,7.7607,12.6297,11.3045,7.2341,8.983,6.0892,7.7866,6.096,5.8061,11.397,3.4969,3.0931,12.4722,13.6446,2.4177,11.2809,2.3435,6.1544,10.4438,11.0123,4.0367,6.0877,7.5392,3.4631,2.9747,6.4623,12.5684,4.6776,10.5855,9.5587,11.3974,3.4959,0,0,3.1853,2.925,12.8109,1.7155,6.3695,4.0239,11.4477,15.075,3.5497,7.9969,14.1204,13.3894,6.9018,5.3903,2.7383,11.4168,11.5356,10.2472,12.746,13.4434,6.5743,13.4176,7.8665,8.2143,8.4551,9.1458,9.4327,11.5067,14.3738,2.8929,8.5368,13.1953,6.1146,16.0927,10.7622,3.7665,13.1921,12.1067,3.2457,4.7303,10.6498,6.5328,3.8463,12.3649,7.9636,14.2638,13.7259,9.6074,13.236,3.1792,14.3408,6.9803,12.3376,8.6619,13.5618,8.1372,12.7204,12.2338,14.1322,13.3747,13.4287,14.5703,10.2805,8.6794,3.3626,10.2265,2.8425,9.5186,13.7802,12.4569,5.7253,12.2176,2.9334,11.1988,2.2231,12.2304,13.904,10.372,6.5494,10.5096,8.3768,9.4395,13.3029,2.1152,8.7023,9.12,0,11.1035,4.1829,14.6464,9.9029,3.7108,14.8567,2.5211,4.8617,14.3859,12.7184,8.3468,13.0297,12.177,2.3312,7.8023,12.3818,8.5174,13.6513,1.6514,3.3745,8.517,8.245,3.2038,4.4218,13.897,3.0126,12.3462,2.9165,10.9144,2.554,15.534,5.3647,2.7517,12.9983,3.0238,11.9676
"AFP",13.789,9.2243,10.3501,5.7721,7.5,8.77,1.8048,6.3873,7.6555,3.0376,16.9864,4.8918,16.7824,4.7042,3.8029,14.7002,5.1458,14.2669,8.2732,3.2516,17.7755,5.2284,7.6041,10.3415,7.2412,6.9603,3.8467,8.1867,4.5533,5.7051,5.8627,6.4896,10.9891,0.7212,14.5932,11.9358,7.5344,12.3108,7.5427,4.931,6.5105,3.9688,2.7976,4.8087,12.6425,8.9606,6.3575,16.1126,8.4692,15.3997,6.7064,5.3628,17.3778,6.4303,5.3994,9.5412,14.2,12.5293,8.2523,6.884,5.9114,7.4207,3.8692,4.5515,4.7636,2.8836,6.388,7.9182,9.8899,7.5123,7.8919,13.3958,6.345,15.6811,13.658,7.021,16.9214,5.6656,17.2797,15.0978,6.7321,6.2315,12.0783,7.1709,8.2288,4.6781,4.7295,6.1807,3.6387,19.2989,7.5818,11.1244,11.2556,5.5916,8.6433,7.2594,6.3428,10.4561,4.0159,4.744,5.4106,5.9564,14.936,6.8119,0,16.5154,4.4399,5.3774,8.4195,6.7349,7.2486,15.8298,4.521,7.4017,6.86,6.2056,11.8578,6.1685,6.3651,13.1744,6.9614,1.802,14.7363,7.4382,17.7455,9.8382,8.631,18.8382,6.7176,6.2832,7.1461,5.9822,7.2874,11.5692,14.6223,6.0412,4.702,7.3878,11.636,8.4539,6.5913,6.1937,7.1326,7.9257,17.3639,15.1451,5.4881,9.083,7.7409,0,14.4619,16.5332,9.3351,9.4496,5.776,7.9048,6.6455,7.7803,6.9982,11.7802,11.758,13.5604,5.6735,6.0064,6.3466,4.765,5.4358,5.805,5.3615,7.7727,6.1603,19.1791,6.3997,17.7323,5.7262,6.3158,4.5603,4.9432,8.3034,8.3117,0.4856,8.6557,7.0259,8.1217,8.783,17.0141,18.2853,7.4594,0,5.3521,5.5531,7.2918,7.1772,12.048,5.9423,5.7289,7.652,4.3007,5.9077,11.0155,0.6533,1.5666,5.7101,7.7926,7.3522,6.1022,2.0771,1.1391,13.5169,7.8376,7.2102,7.3563,8.1596,7.5035,11.3006,7.8276,6.2015,12.6893,12.8751,7.3447,4.656,5.2605,9.0224,12.639,6.8146,8.0813,7.8471,8.3935,10.6414,9.2494,7.7939,6.0114,13.3379,12.1899,13.1791,9.2631,6.4976,6.2041,6.5932,17.2814,7.189,17.7863,13.6914,6.3774,8.202,10.2285,4.5911,7.285,6.0005,3.1388,8.0052,13.1868,7.5602,6.6445,14.6895,15.3225,6.0862,9.9886,6.0686,7.5008,4.5197,8.1378,15.3409,3.1067,9.2757,6.7369,7.9677,9.318,16.0095,8.5928,6.8201,16.2921,8.1953,11.4299,17.579,6.0429,4.2129,15.1458,4.9682,0,6.4797,9.3631,6.1612,16.7808,10.1387,10.9622,9.3269,2.7235,6.006,12.5607,6.3096,7.6449,5.2634,6.6737,6.6895,4.0093,4.8277,8.6599,5.4715,4.1731,6.4771,6.9861,6.4305,4.5809,5.2762,9.2679,8.0578,7.1006,19.991,6.5345,4.058,8.6274,7.4935,5.6596,5.7704,7.4103,15.6793,5.937,7.3642,3.1135,4.2973,6.9897,12.0935,7.9156,7.2559,5.263,7.0973,8.5229,18.0893,6.4528,6.0982,5.5757,7.1329,16.0197,4.4345,8.6726,8.3548,5.848,6.5564,11.7878,3.8141,14.9912,7.5676,12.8805,7.9703,6.9953,5.4135,4.2792,7.002,7.3398,7.4345,4.284,8.6477,4.6899,8.7485,7.4557,9.648,13.4944,17.3802,4.2791,4.0412,5.5111,6.5092,9.4393,7.5748
"THRSP",11.3166,8.4849,12.4573,13.2915,0.3461,11.4412,7.5128,8.8444,5.0751,8.874,2.3745,6.8064,2.5478,9.9287,11.0964,0,5.7171,2.782,15.1865,9.8156,0,1.4385,11.3205,1.1382,3.387,11.8658,1.4475,8.9141,1.7249,12.0897,12.7952,7.5602,7.2528,5.0906,3.678,11.3708,10.9622,6.5359,14.5011,9.0944,9.0888,7.6801,11.5199,6.1552,10.9407,8.5475,7.32,1.0549,10.9218,10.3674,6.8799,11.0741,3.7753,10.021,8.2504,2.2532,4.4886,4.4163,10.3361,7.376,8.8823,5.7375,12.3509,8.3166,7.4773,9.9901,3.1951,9.0341,4.6516,8.7181,2.4349,7.4307,9.6564,3.0107,3.6613,8.5934,0,1.2523,1.2986,1.9008,3.8462,6.6274,11.3693,3.2166,8.8991,5.8306,13.4324,5.2105,0.7432,7.9416,6.931,0.822,10.5785,6.5024,9.5063,9.5892,10.328,2.458,6.4902,3.337,8.8457,9.512,6.0486,11.7182,1.1206,3.7028,11.3251,9.5291,6.4662,5.3212,9.0542,0,1.0882,9.4179,11.5537,2.3608,8.8749,1.6551,4.0213,7.0929,7.1242,9.473,6.8562,12.9823,4.544,2.2518,10.5769,2.526,10.4047,3.3394,10.3075,2.8055,5.3273,3.055,9.9025,8.2652,2.1418,5.7803,7.8078,11.6249,1.4799,1.7031,7.9029,7.1041,2.7019,2.7284,8.5359,12.8411,11.807,6.7484,2.5186,4.2808,7.6867,11.7783,3.2386,10.016,12.8487,11.3797,2.22,1.786,3.1812,0.6064,10.2,10.6701,9.8021,12.6827,8.0596,10.7058,0.8563,9.9791,5.4025,3.6657,13.3632,1.4672,3.2715,13.1286,5.7079,14.0161,11.9321,2.736,0.8482,4.4429,8.5798,11.4474,13.3539,7.9901,2.1136,6.0689,8.6773,7.966,13.8996,9.7193,5.5506,6.5093,9.4471,12.1404,12.8519,10.8392,11.1397,7.268,1.1014,12.0566,11.502,3.122,6.0934,5.3289,2.282,0.4863,5.0665,14.0476,13.5965,4.2551,10.6882,4.779,2.4974,4.9319,12.8666,3.1872,1.2745,9.752,10.3123,9.9806,3.2759,8.0471,2.9303,3.0692,10.5468,1.2936,2.2789,7.6306,5.7982,7.3149,0.6524,3.7499,7.6566,10.0043,7.7672,10.4356,13.3358,3.0062,5.5943,9.2767,0.6226,4.535,13.0762,0.9364,5.6104,5.6832,4.5151,13.6735,1.7026,6.2947,11.8258,12.4314,2.0972,3.0946,8.7189,11.7788,9.9694,4.1693,12.736,12.9095,2.2394,12.9876,5.0149,7.0833,8.793,0.655,5.7007,12.7638,12.6972,2.2477,9.1971,10.1496,4.6662,14.2967,10.731,2.2868,11.193,3.595,11.8474,1.9404,12.913,2.9841,1.3818,2.6057,8.7793,12.2372,12.5864,7.5721,11.8168,4.7184,11.4224,4.0723,12.7583,6.3272,11.7764,5.1407,10.8457,12.3459,12.5074,12.5946,8.7901,12.3448,6.5044,9.7309,6.61,6.7306,4.3965,4.8816,10.3316,9.2483,7.7603,9.2838,0.9623,12.5263,2.8658,8.0784,12.8758,10.1839,3.9819,9.8893,2.969,1.6838,12.204,3.2504,10.5332,2.7017,2.7705,8.4983,1.7173,11.5537,10.738,3.283,12.3482,0.6713,4.3184,11.2246,11.3836,10.2032,11.328,6.267,0,4.8382,11.1406,10.1784,6.6437,0.8926,1.2257,6.317,8.4978,3.2038,8.4015,9.576,10.4776,9.6895,12.3278,6.8533,7.8825,12.1386,6.2092,3.7123,11.0308,5.2815,10.0947
"MAGEA1",8.6616,9.4467,3.1433,9.391,8.8412,10.2149,0,6.5114,8.0451,6.0177,10.083,5.5218,4.4446,1.7132,7.8087,7.2411,0,0,6.8912,9.7741,2.1544,2.9711,4.0638,0,0,0.6429,0.5178,3.4167,4.4429,6.8757,0,2.5339,0,0,9.4889,8.4958,0,9.5819,4.5547,4.2522,10.4446,10.2651,9.5312,3.1872,2.0774,7.3075,0.8495,4.7183,0.8951,10.9611,4.4498,2.5346,0,8.5451,0,9.9165,8.3054,0.4765,0,10.2842,6.294,2.6937,5.2025,0,10.2949,9.3865,0.6625,0,8.8367,3.0889,10.7727,0,5.5239,11.3749,0,0.7532,0,0.758,0,0,1.1134,1.7538,9.9027,0,3.4303,10.4953,8.3139,8.7455,8.1082,0,4.7026,9.7039,10.1972,3.2278,1.9567,7.8175,0,2.6423,0.901,0,7.7424,6.7079,0,10.1185,1.1206,1.3801,6.5729,0,0,2.1244,0,11.2487,9.8249,5.3663,6.6277,0.8697,0,0,7.1444,6.9151,1.1982,4.1359,0,10.495,1.3757,9.5025,5.3846,0.5617,9.1334,0,10.3872,1.5076,10.4008,0.6062,10.2083,9.9684,1.4364,4.9472,0.7114,6.1426,0,0,10.1726,0.7977,0,6.3299,1.3498,10.881,0,0.911,0,0.71,7.5249,9.9405,0,0,1.7982,3.4994,0.6869,0,0,0,1.7827,0,0,3.9877,4.2217,9.4918,9.4544,9.5057,0,0,5.8101,2.3555,0,9.4898,1.2038,10.1034,9.1213,0.4371,0,3.3536,4.7646,9.2344,7.9697,8.5708,0,0,0,6.6853,10.3293,9.3245,5.8085,9.2389,6.0158,8.9591,0.7241,9.5402,8.9688,5.8335,0,9.5655,5.2688,3.2938,3.6594,0,0,0,0,10.0326,9.7995,10.0963,4.6153,7.0685,0,0.6389,9.9876,0,0.4381,4.7065,6.9314,6.0517,7.3078,0,8.6508,3.8009,3.261,0,0.6326,0,0,1.0801,4.9943,0,9.6513,1.2426,0.65,1.2622,1.6727,7.8751,8.9131,0,0,0,0,10.2508,4.0598,0,8.359,2.2028,1.933,8.5916,3.0041,5.1796,7.1215,0,0,8.2484,7.2902,4.2574,7.4761,1.3248,3.7449,3.1067,2.6374,9.9465,5.3284,0,0,1.8418,0,2.5412,0,1.5723,5.7199,5.6018,0,9.6035,3.9626,0,0.6468,0,7.7486,0,0,0,0,0,0,8.9156,10.9163,10.2405,0,1.2132,9.655,10.1509,5.9865,10.7983,10.5199,7.558,0,8.3619,0,8.8774,0,3.7451,3.9771,0,6.5719,8.0451,6.8032,10.2892,10.2928,5.6596,2.3972,0.7573,3.3833,9.0366,1.112,6.1788,0,8.3694,10.1465,9.4995,6.5156,5.0537,3.5523,0,0,1.1284,0,10.3133,2.5322,0,3.0309,6.148,3.6124,10.6162,6.2714,6.297,9.9428,0,0.4887,0,10.0508,6.4126,8.324,5.0496,9.1238,0,8.1898,0,6.8984,9.6632,0,0,0,2.9132,10.1468,9.7485,8.1512,0,7.5012,10.2048,9.3987
"SAA2",10.1067,8.345,11.4787,9.7625,12.6039,13.7382,7.2741,15.2331,11.1684,11.4541,12.3955,8.3786,14.3727,16.7276,14.3426,3.4706,18.634,5.1005,10.5052,11.4227,6.4478,9.8809,8.7837,6.3159,6.8579,11.2901,3.9308,10.4464,7.9389,11.2728,12.4893,5.625,5.0585,9.1327,9.8114,11.7748,8.6388,11.5315,11.6014,3.5322,14.9776,8.3918,12.0693,11.6339,8.8949,13.772,15.9839,5.6906,15.0147,9.7544,6.356,12.4555,10.0911,10.6183,3.466,14.9172,4.2891,5.3956,5.9985,13.4792,8.4224,16.0132,12.2926,14.237,10.1446,8.1134,6.284,7.6418,10.3248,11.1648,6.2534,13.3025,12.2703,7.7906,5.7852,10.3527,8.371,12.5939,8.1133,11.942,8.0506,6.0497,10.7847,19.5806,11.2463,8.9994,13.6703,14.1829,8.4653,10.8198,12.8535,4.9153,12.8389,0,16.0786,14.3352,9.3008,13.0917,12.86,10.2779,9.514,10.1707,9.3385,14.4358,3.9158,5.989,16.0436,8.9227,13.8441,9.2634,18.3973,1.1031,11.2089,15.2494,15.7311,7.6585,8.0181,6.5785,5.6314,9.6985,14.2743,3.3391,7.272,12.0843,5.8879,10.1176,13.6601,7.6401,12.3803,4.4919,15.9189,2.0793,11.476,11.0623,9.5784,19.9508,11.2817,17.0492,6.0306,7.098,5.1042,14.3474,14.2232,8.64,4.4178,6.193,9.1,12.913,12.8616,6.638,7.5092,6.5322,8.6436,13.77,15.1734,8.5806,15.2306,16.404,7.5702,5.5706,7.7577,4.7616,9.3078,7.6754,15.6477,17.014,12.3591,14.8336,7.2645,11.4943,14.6464,8.9494,10.9107,6.5537,9.7235,14.9014,11.8092,5.5855,14.5177,9.2686,9.5331,11.7195,11.2146,16.168,9.895,11.4593,4.39,9.881,13.3445,16.9293,10.7613,13.5625,10.1913,8.7256,13.3015,14.5791,11.7332,13.3011,9.4265,13.4323,5.9205,11.503,12.3219,4.175,14.2637,9.6834,10.1119,11.3765,9.3354,10.9369,11.8619,0,11.6012,6.4189,6.5889,10.9576,8.2232,0.6234,10.8139,4.7065,16.332,16.3799,12.3793,11.3982,15.2498,13.1205,10.382,13.5386,6.4037,14.597,10.7284,3.5342,5.2324,7.1019,7.1318,11.2428,15.4227,19.4252,15.7066,7.3517,0.583,7.171,3.9101,8.7907,10.2272,6.7596,7.3895,13.5951,10.4463,13.1712,6.6388,7.6332,11.6596,5.5786,3.3631,12.2597,8.9417,12.9654,16.6119,13.1471,10.0972,13.1394,8.0647,18.0753,12.1373,6.6667,5.159,2.4847,8.567,7.9829,9.5301,5.2865,3.1604,10.0933,12.2627,14.4352,16.5343,8.9218,10.015,0,12.5929,5.0099,14.4134,9.4219,5.2658,0.8858,7.886,7.2511,18.9777,15.7775,12.8067,13.182,14.7799,13.6249,8.8012,8.1823,15.7253,10.9369,8.671,16.2801,10.4669,13.3086,5.1213,6.9808,10.2852,12.7452,4.1199,10.7521,8.6463,10.7728,14.8118,9.1767,8.3707,13.1711,10.4864,13.8513,5.8742,5.3191,13.9572,14.9453,9.9765,13.4832,8.5879,12.4223,11.6906,8.1548,15.414,0,10.2064,19.2645,14.5558,9.4077,12.8355,9.4781,17.0561,3.7487,14.0696,11.6267,16.2761,11.7433,9.7585,7.1895,0.4887,10.6916,11.9763,10.6222,7.2346,11.2269,12.1823,7.3476,14.785,7.3687,6.4435,10.2165,8.7845,15.3983,10.4142,6.0386,13.7373,10.0729,3.9285,8.934,13.7425,8.6519,12.0697
"USH1C",6.9245,0.4699,5.6876,0.9758,7.5819,2.5631,9.7138,0,8.2415,2.443,0.9488,1.2836,0,8.8389,0.668,6.241,0,1.5653,1.5585,4.4611,6.4231,12.2512,0,1.7664,9.0873,7.194,1.4475,8.7377,9.2464,1.0316,0,11.6548,0,9.4792,4.7448,2.9133,1.1383,9.812,0,7.8063,2.7302,0,0,3.1872,4.226,7.766,3.4091,8.5954,0,3.7561,8.805,3.3203,7.711,4.1224,1.5898,9.9757,0.6597,9.282,2.2742,0,5.015,0,0,10.2135,7.0161,4.1495,12.0791,8.5988,10.6917,11.0204,10.2465,8.701,0,8.5178,8.3842,10.8728,2.1916,7.8825,9.8682,5.3205,9.9101,6.0626,8.4456,2.364,3.4303,8.2213,4.399,3.9933,1.5953,5.5885,11.907,7.5542,0.7378,11.1871,8.2433,0.7507,9.6095,0,12.5385,9.5417,2.4255,6.7457,4.9973,0,13.1634,0.8491,3.8012,0,0,8.0021,4.8361,6.9457,0.6444,0,3.7177,0,4.5464,2.0786,0,10.9622,1.8436,9.7864,5.7227,0,7.9226,2.9231,0,4.7129,4.5121,9.2971,0,11.5184,8.1942,9.5403,9.8004,0,7.8218,3.9933,8.0422,1.9349,0,11.0456,10.0682,0,8.1443,9.346,8.8192,0.5032,10.1074,0,8.7324,0.71,10.2834,2.4132,9.7208,6.8872,1.7982,7.2154,0.6869,1.5651,4.2482,9.2595,1.5011,8.4598,7.3035,2.5741,7.7713,1.5548,9.6263,3.6556,10.8231,8.6299,0,3.4595,6.3021,4.6592,0,2.4097,7.3049,8.7958,11.9503,1.7249,2.7123,2.16,0,6.356,0,0,10.8729,2.6699,0,8.1917,7.5214,8.5113,9.087,6.0417,9.3391,2.8146,1.3152,3.3698,9.4719,0,6.9852,9.937,7.5006,0.6725,0,9.53,10.8381,0,5.427,7.8938,0.556,0,1.2595,0,0.7471,2.5521,9.6056,1.419,1.6347,6.3634,0,8.4801,9.4203,8.5972,2.1488,0,6.181,11.1413,12.0129,12.436,0,8.368,0,0,0.65,0.7649,6.4799,6.2824,12.5093,0.9133,3.1853,11.229,8.5694,0,4.3203,0,0,0,4.5917,7.7619,0.9533,9.9525,7.3221,3.0006,8.7363,1.1749,0,3.4848,0,0,6.7172,0,0,6.6564,0,10.1022,0,0,7.1061,9.6344,8.6933,5.2668,7.222,0.4621,3.0398,0,0,9.5668,0,6.689,1.3673,7.0914,3.6138,0,1.207,0,2.0219,1.7059,0,9.1714,3.053,5.1587,0,9.4373,0,6.4607,5.1497,2.234,7.637,2.0295,0,1.3994,2.0218,1.3156,8.8586,4.2284,1.3466,0,0,9.228,10.1037,4.5132,6.2821,4.1903,4.9966,2.2529,0.6606,0,0.7168,0,2.8439,0.7971,0,8.3574,4.1451,1.908,2.3673,2.6641,10.0396,0,0.6764,7.558,0.9235,11.8144,6.223,0,3.6405,8.7709,1.263,7.0722,1.7737,2.362,0,5.7902,0,11.1012,1.2257,9.2704,8.7703,11.1925,6.5467,2.3604,1.6669,6.2566,12.6003,7.0276,0.6242,0.6558,5.8556,11.8585,3.138,7.7149,0.8349
"HEPN1",0,3.9591,0.6235,5.5276,1.0597,3.0288,5.0068,0.8396,0.7882,1.0768,8.3607,0,0,0.6505,0.668,1.1991,9.8192,0,7.1959,7.5489,0.5783,11.7116,1.0596,0.3382,0.7426,10.2557,0,0,9.8313,0.6061,2.0148,12.7599,0,0.7212,9.6298,2.0931,9.2511,2.0814,0.8286,11.0183,6.4677,0,4.4874,0,0,9.4697,3.4091,1.0549,0,1.5245,0.8751,8.453,0,4.527,9.4865,0,5.4748,0.4765,1.7235,2.2749,4.7184,2.0446,6.1483,3.6097,0,0,12.7033,12.4876,0,8.7157,0.7945,0,7.4082,3.5728,1.2454,11.0559,0,0.758,3.053,2.428,11.0943,1.4748,8.4447,0,10.288,0.5334,1.6533,4.2356,7.6919,4.5983,10.4506,0,6.7822,12.18,5.8348,10.2786,0.6012,3.0859,2.886,0,9.8276,8.1958,5.76,0,0.6665,0.582,3.8538,1.5368,0,0,10.8584,4.8981,0.6444,0,7.5035,0.8697,5.06,10.7233,0,11.9825,2.0828,0,1.8061,1.0989,2.7185,0,0,0.0339,4.4878,1.563,0.9613,0,5.6507,10.2713,1.2463,0,3.4239,0,0,1.2701,12.3521,0,9.1397,3.6424,1.0713,0.4125,9.073,0,1.9357,0,0,2.7489,4.9878,9.1514,5.927,1.702,9.8535,9.599,3.8666,1.8907,0.6967,0.6064,0,11.2094,10.3934,6.8417,8.1615,8.9357,7.6855,4.2247,0,0,1.0215,10.0301,0,6.0084,0,0,4.9392,1.9378,0.9974,1.2494,0.8427,0,5.6833,3.1193,0.8733,0.175,2.5261,4.6627,9.369,0.5809,2.2698,2.1351,9.6238,4.7104,0,3.861,8.1015,7.0595,1.4427,0,9.5533,6.3384,3.3102,4.2365,3.6711,0,0,0,1.2635,0,3.2017,10.8917,1.5154,7.4001,4.3886,0,0,8.9298,6.9721,7.4141,0,6.0508,0,2.4094,3.697,0,0,12.8898,11.3707,8.7997,0.6524,0,0,6.5625,7.2885,5.5222,1.97,1.0582,10.9034,0,0,11.3186,9.9097,0.5428,5.5707,0,0,5.2109,0.8885,10.749,0.9533,11.4551,2.6925,0,10.5269,5.7831,5.0371,11.1768,1.3395,9.098,0,2.1323,0,2.6007,0.9721,2.9056,1.2891,0,7.9514,0,11.4972,4.4245,0,2.4673,5.8732,0,8.8466,0,8.757,0,7.9241,7.1686,0.6185,0,0,0,2.9982,3.9808,0,10.4911,10.6155,11.1425,9.5159,1.8145,5.0183,0,4.803,3.4971,7.1683,6.5956,0.7949,1.9541,9.0837,5.1103,1.0652,2.3252,0,3.6352,4.6648,0,1.4383,6.8632,0,0.8036,0,1.1734,0,2.6095,3.2274,5.1503,7.0121,0,1.3412,0,5.7467,0,0,8.6759,0,9.0401,1.4638,0,5.8475,0,0,2.5276,8.7348,0,3.9575,0,1.8755,4.4074,0,4.3072,8.3504,1.8096,0,10.3911,9.4275,0,11.96,0,9.9606,10.8731,9.5283,3.5998,2.7835,0,1.5138,11.5094,7.4351,0,0
"S100P",10.0218,14.0247,2.8616,1.5525,9.8858,11.1023,2.6788,8.9003,12.4904,6.0053,4.7819,2.7522,10.5524,11.7388,5.1597,4.6843,12.0563,5.2565,6.6188,7.2057,10.3131,7.373,11.9256,12.7303,4.0884,3.053,2.2888,12.7956,10.2266,7.4758,3.3343,5.0734,9.4107,1.8456,7.9329,5.5861,4.3799,11.208,6.8463,1.2148,7.5515,0.6451,3.3117,6.5686,15.22,8.5546,13.1989,11.7653,1.4434,7.2925,8.0293,1.4843,16.4943,5.0804,4.0943,6.7847,2.7649,4.8077,6.4923,5.3687,1.4546,5.4586,3.1507,12.4489,13.1312,6.1534,0,2.1935,14.6704,12.6961,13.052,6.577,1.7795,10.7587,9.7775,4.4758,8.6685,9.7331,13.1384,9.1436,0,13.6314,6.81,11.3866,2.9974,3.8044,3.4299,14.7282,1.2312,10.4181,7.6433,10.203,7.8285,1.4819,6.0845,0.7507,6.8869,13.554,3.456,11.0821,3.8193,1.131,12.5149,4.6449,1.1206,11.4539,8.8262,2.6019,2.7051,15.6959,3.8858,8.1024,10.2149,3.6823,6.2693,7.6286,13.1188,8.5278,13.4375,9.3615,0,0,8.3134,10.2814,8.834,9.2361,10.4604,5.9413,7.0301,6.9634,4.1737,4.5875,9.1575,2.5109,12.973,12.9332,1.9426,8.1527,9.4659,1.7454,2.6707,10.5714,12.0644,9.7782,4.8346,1.8671,4.9989,3.567,0,0,11.7604,1.1837,7.6472,8.9396,11.5654,8.7343,2.9274,5.9079,3.0562,6.2372,8.2359,4.2301,1.7827,2.4647,3.1015,6.3646,6.9231,8.9853,7.7532,4.5972,9.2382,5.9078,7.5343,7.5951,2.7023,5.0719,2.1622,1.8433,2.9369,8.1286,0,9.122,4.6778,7.5304,14.4837,6.887,5.805,3.5215,3.0996,4.489,3.8754,11.7956,5.9756,6.5423,5.4181,5.2285,3.9994,1.4908,5.4967,9.3379,7.4522,5.6264,2.6702,11.1802,6.1041,11.0598,8.2795,12.2303,7.3876,6.049,5.518,12.9482,7.6866,2.3928,7.7713,4.1913,12.1542,8.7416,12.2308,4.3399,7.6128,8.0426,11.8008,2.1893,11.9591,12.9175,2.4041,5.3287,14.2445,4.5177,1.3569,1.0801,4.9682,12.3619,4.2743,4.2296,9.1158,7.4465,10.1953,10.9997,1.3185,8.5427,6.6867,0,10.0437,4.4604,5.2837,1.3373,13.9089,5.7828,5.0002,5.3004,3.3067,1.1475,10.4735,13.2678,1.7089,7.1737,8.0686,7.9671,3.7274,1.7037,14.6113,3.3655,0,1.665,2.6651,7.7543,3.0389,0,2.3116,12.821,4.6336,11.4271,11.6408,3.8291,7.4375,7.4156,14.6441,4.534,3.6222,5.8041,2.7639,6.5056,10.1012,11.5361,5.3312,2.7235,4.8861,7.0468,8.5567,3.5059,4.4585,1.6769,11.1132,5.9107,3.2283,9.852,7.583,5.8592,4.4089,6.6913,3.5878,1.3994,4.935,13.2148,3.9262,4.8835,12.5948,1.944,6.5103,8.0176,9.6176,3.4696,11.144,9.5664,11.3701,4.2634,7.424,7.4784,7.1092,4.3642,7.1413,6.6092,7.2413,8.8226,10.8111,9.0505,9.5212,4.9657,10.9665,6.36,1.9965,7.324,5.3058,0.6713,7.0624,3.1285,3.385,6.0532,1.5193,8.3664,2.3312,13.1608,3.3754,13.0533,6.7379,7.8702,13.0403,0,5.7385,3.8427,5.2919,6.9423,1.6669,0.8174,6.5002,5.3916,12.7982,2.33,6.5224,0,4.9445,13.1397,4.7475
"PRAME",0.8379,1.1077,0,3.5989,3.942,3.6919,3.3425,0,1.9662,0.6366,7.9808,0.9681,0,0,1.7466,11.1872,0,7.3015,3.1346,9.9021,9.4445,0,2.8,0,7.2272,3.5445,1.6595,4.884,7.6005,8.5622,0,0,8.8095,0,8.3851,0.7253,3.2339,3.2332,0,2.1773,1.5253,0.6451,0,3.562,7.8833,8.4855,0,2.7922,0.8951,5.4851,0,2.9245,0,0,0,0.9574,3.5154,6.9161,0,1.5459,0.5213,2.0446,0,9.9045,7.6708,0,0,0,10.266,5.4707,10.9533,11.7458,0.6855,11.9367,2.8417,0.7532,10.6995,0.758,8.1656,6.2771,0,8.612,4.7922,7.6668,0,0.5334,0,5.5644,0,7.9167,0,2.2746,5.9484,0,5.1991,0,1.1122,0.8066,2.4159,0.8145,1.6717,0,11.4921,2.2138,10.9486,9.8509,1.0252,1.1812,0,6.6697,0,11.2285,10.3462,0,0,0,7.0659,0,10.5444,4.5698,7.5894,0,7.2662,0,10.836,0.9566,0,11.1849,0,0,0,3.977,1.2471,0,12.0234,0,0,1.7208,8.9192,2.9238,0,0,1.1053,0,2.7019,0,4.5035,0.5032,0,0,0,8.6494,8.1412,9.3857,1.6368,3.2641,1.407,10.0255,0,9.5994,3.2767,10.9753,0,0.5872,0,1.6432,2.7173,0,0,0,0.7096,8.7717,0,6.847,0,1.8117,0,2.1541,7.6869,6.4311,1.1378,1.7249,0.8427,2.7617,8.4208,1.5125,4.5002,0,5.0357,0,0,6.5556,0.8193,10.3824,0,0.7448,10.9542,5.0956,0,0.9514,3.8823,0,0.8208,9.4502,0.5906,10.4427,0,0.8493,11.4663,0,5.3299,12.787,3.3791,4.0927,5.0472,0,1.8929,9.7553,0,1.419,0,0,0,5.2626,11.9117,9.754,0,6.8263,0.6326,3.4994,1.7407,0,10.6404,10.1966,9.9821,0,3.1648,0,0,12.318,1.8032,9.6463,11.1071,0,9.2941,6.7535,12.1447,0,0,0,6.9264,10.1119,0,0,11.6946,11.3932,0.6483,2.0511,0,0,0.5947,0,8.3816,0,0,4.0177,7.3882,9.7464,0.9727,0,0,11.1518,0,5.3389,10.6119,1.0925,0,0.9781,0,0,0,0.9606,0,7.0163,2.0745,6.4578,0,1.5202,3.3482,1.7059,0.9587,0,0,0.5256,0,1.1755,0,2.5181,0.5781,0.7998,2.8111,6.4379,8.396,0.8631,0,1.3156,2.9174,9.754,1.3466,1.097,0,5.2269,6.1705,0.8795,2.636,1.2513,9.1123,1.1734,0,0,0.7168,0,9.2782,1.3075,0,10.5474,0.6746,5.791,0.8733,4.0375,0,0,1.4825,2.9483,0,1.1276,5.5211,0,0,6.7947,0,0,0,5.4063,0,0,0,11.3666,0,0,2.6148,2.9399,3.6196,0,1.3959,0,0,9.228,8.1395,0,1.1616,2.7517,0,9.5001,0.8349
"FAM3B",10.3375,1.3448,2.4086,4.5969,10.298,7.1061,4.0337,1.8099,0,2.443,10.5417,1.7615,11.6713,1.0972,1.4682,9.223,9.3546,12.9367,0,8.8933,11.1787,8.3933,6.0809,10.823,7.5853,10.4981,0.5178,2.9303,8.551,0.6061,1.3804,11.8004,9.2553,6.0831,10.6889,7.8997,0.6786,6.6424,1.7346,11.0236,8.0167,0,0.8025,4.8431,7.3964,3.2224,2.073,1.0549,1.4434,7.6161,3.9241,5.5218,0,0.7061,10.1013,5.6157,11.6464,9.3072,0,1.5459,4.3635,4.1217,1.6551,9.4145,5.671,0.846,7.2473,10.1344,7.7851,8.3039,9.1063,10.0488,0.6855,9.455,10.3898,7.5292,6.8253,8.0648,6.2235,12.1981,9.0637,1.4748,11.8628,10.6652,0,0.5334,0,6.9301,11.9453,8.8573,9.488,5.6367,6.7344,8.018,6.1907,2.6917,5.9541,1.6992,2.0128,3.7158,6.9976,8.93,6.8292,1.2961,6.3056,6.0943,6.7289,1.1812,1.506,3.9805,8.4613,1.4448,0.6444,0,4.9275,7.4422,4.9008,8.1397,10.7131,10.2545,8.7311,7.1988,10.8576,9.7147,10.5999,2.9231,0,3.1069,5.2468,0,3.7347,3.1431,6.1785,9.5793,7.2476,4.0886,9.7005,5.0999,10.0008,2.6268,7.8418,1.7031,10.0377,5.4041,8.358,8.8281,8.7603,10.7409,10.0189,0,0.9606,9.9563,9.1325,1.0578,10.7209,1.3589,0,9.705,12.2683,11.6979,4.5453,6.4379,2.3982,7.6718,9.5956,4.6879,5.0472,7.5621,9.6771,3.7175,0,12.4252,0,9.6906,0,5.5295,3.811,6.9685,5.0714,10.2207,1.3788,7.7471,0,9.0516,1.5511,4.4994,10.8768,0.8532,9.0839,6.3882,0,6.95,10.9671,11.5522,5.8109,6.1555,10.4545,1.7715,1.7993,8.7623,11.5224,0.726,8.5972,12.9332,3.9226,5.7978,0.7171,11.0067,11.7058,0,2.1705,0.6156,6.3133,9.3063,11.6197,5.8946,10.1541,10.3873,8.0026,9.8664,0,4.858,0,9.4055,9.6887,3.9805,0.8942,11.7519,1.6788,6.5513,10.2364,12.1165,8.8169,5.8956,7.9107,5.2948,2.3173,1.6313,5.2828,0,11.1942,11.7797,5.1947,10.1149,10.4816,10.1804,9.789,10.26,0,2.0011,4.5575,10.6206,0.9533,8.514,10.1231,1.3874,10.8164,2.5923,2.2499,10.8443,1.3395,0.8093,4.1993,0,2.6374,4.9044,0,2.1531,8.4227,1.1968,6.0317,6.4468,4.5312,6.8596,9.5791,2.0072,3.5008,7.1262,1.0856,1.9149,12.2431,10.2644,11.3578,11.8673,3.3364,2.6057,6.2149,0,6.4551,7.6608,0,2.4866,1.902,9.8802,5.6532,10.3393,0,8.5213,6.0019,2.7922,7.7947,7.7477,3.4968,0.8631,7.4212,7.1544,11.8901,4.5737,4.7674,3.4921,0,10.5564,3.762,3.4696,4.992,7.5813,5.9977,3.6205,1.112,8.0363,10.5603,0.8891,8.0731,2.229,3.8111,7.1392,9.0862,5.4024,9.9382,11.2016,7.1235,0,0,7.9556,1.8836,5.3677,8.0184,0,5.763,9.2406,1.5193,11.8312,2.2107,11.8094,8.1015,2.1962,0,2.9731,3.1751,7.3319,9.9973,9.2559,10.4063,0,10.7821,0,10.8104,6.3949,4.8922,0,8.6789,6.9465,3.138,2.1912,2.8619
"MAGEC2",8.4569,0.8237,1.5651,10.5681,10.8661,7.9371,0,1.1719,3.4824,4.4279,5.2381,11.4524,11.2179,4.222,3.0121,2.7109,0,0,6.5605,0,0,11.3939,8.3235,0,5.0612,0,2.2888,2.6074,0,4.0127,0,3.4037,0,0,8.6384,6.403,0,9.161,5.1975,3.873,3.5416,0,7.6629,0,0,0,0,5.149,0,4.4359,0,7.06,0,8.7086,7.7146,9.7576,7.019,0,0,6.1316,10.2599,1.7416,0.7795,0,0,8.2291,7.6751,0,8.9932,11.8308,0.4513,0,0,12.0705,0,0,0,0,3.6643,0,0,3.1228,10.8082,0,3.4303,1.6944,10.9653,0,4.9378,0,7.7356,3.5544,9.422,2.1974,0.6566,6.9526,0,0,0,0,0,6.6803,10.4591,5.7583,0,0,7.2145,0,3.59,0,0,1.1031,5.4526,7.4513,0,0,0,0.6204,0,6.7393,0,7.5825,0,11.4452,0,0.9566,8.8465,0,4.9682,0,8.4036,0,7.9517,0,6.1402,6.3693,10.8103,0,0,6.1134,0,0,9.7326,0,0,9.1831,3.5658,11.8141,8.3387,0,0,0,11.3218,6.4783,0,0,0,0.954,0.6869,0,0,0,1.5011,10.725,0,0,11.5848,3.2323,0,0,7.3432,0,4.2102,8.4383,0,10.0561,0.9023,11.3746,9.3982,0,0,9.436,2.0613,3.185,2.6201,5.7906,0,3.6194,4.505,1.3406,9.8507,6.1233,11.5907,1.6377,1.3818,5.4454,2.6358,4.4275,4.1988,0,0,0.726,1.3408,8.9932,4.3014,0,0,0,1.2019,6.5124,11.0434,0.6156,9.1295,4.0106,0,1.6908,0,0,1.8006,0,4.2399,6.0804,0,0,8.9591,0,2.1488,0,0.6326,2.2827,0,0.6389,4.2702,0,2.0835,10.4385,0,0,3.1737,0,9.2727,0,6.2888,8.7946,0,3.4051,0,5.9379,6.4026,0,0,2.8425,0,4.5157,7.6193,1.0548,0,5.0747,0,11.3422,0,3.9351,0,0,1.8524,0.7855,0,9.6413,0,0,0,7.0469,0,0,9.2076,6.0836,0,7.2042,8.0966,0,1.0918,0,10.0054,0,0,0.5098,0,0,0,0.8107,7.2655,7.5148,0,9.8701,10.4808,4.6749,4.0198,12.106,7.9793,5.8592,0,4.3736,0,3.4367,2.0218,8.235,0.6287,0,0,7.8345,4.8616,11.8678,3.4376,7.7604,6.6925,0,0,2.2529,0,4.5039,0,7.2859,8.2407,0,5.9799,0.4545,3.1293,0,0,0,0,10.3116,0,0,8.0478,8.4826,0,8.6951,8.3793,11.3581,7.0044,0,1.3857,0,8.8551,4.1472,4.1597,0,5.2662,0,11.379,0,5.1462,6.1417,0,0,0,0.6726,5.2201,1.9551,2.033,1.5418,6.9836,4.7944,6.6738
"CDHR2",8.6811,6.7449,11.381,7.7999,8.2777,9.3913,7.7429,4.8677,2.4226,3.8393,12.0842,4.4929,10.9986,11.5472,8.5753,9.3873,3.6401,6.2562,9.3928,10.7572,10.0037,8.6666,7.9525,11.5035,5.5942,2.1273,0.5178,5.255,3.181,10.2639,10.0209,4.4818,10.1096,10.561,11.1915,6.6483,8.4925,12.659,0,0,9.613,1.0892,0.8025,4.4559,6.8496,4.5938,3.5141,10.9642,6.2278,3.616,2.3704,3.1359,10.2424,3.4728,1.5898,7.6213,5.4369,4.3347,0,7.081,8.3317,11.4928,0,9.7894,4.699,9.1559,5.145,2.7481,2.5133,10.9734,2.8566,8.2414,4.4783,8.5708,8.1536,7.8016,8.6071,10.5225,11.2456,10.7839,3.5201,5.9001,9.9641,8.9257,5.641,1.6944,1.3948,4.7681,1.8857,8.8651,8.0286,5.2713,6.1517,6.2079,10.5531,6.1139,5.6547,7.4921,5.7981,10.7143,12.5743,2.3124,8.0742,0,11.1816,5.989,4.3694,8.8373,11.0412,3.2834,10.3662,10.8685,9.2031,0,8.8081,0,9.1001,12.3729,2.9386,9.2949,1.1982,2.7662,10.7309,5.5089,7.23,2.2518,2.9863,11.1408,9.4743,2.2955,5.8654,7.0681,5.4228,7.666,7.7701,11.2765,6.676,4.0937,2.4493,0.9569,9.3871,12.5676,11.1027,10.5218,10.3655,7.5317,8.3081,2.1173,1.226,1.8643,6.2961,10.6137,6.3655,2.4132,11.6035,7.4423,7.9297,2.0977,1.5005,7.0146,10.0356,8.3831,1.7827,2.175,0,6.4133,5.0871,4.3941,5.3897,9.2986,12.5134,10.5778,1.6135,9.5425,2.5164,4.6592,5.8986,1.1979,2.6613,1.7979,1.9264,10.2877,8.3145,10.2607,4.0949,9.3142,9.0793,0,7.8748,6.8381,6.5959,10.4172,7.6367,11.6327,5.2251,8.2077,3.8113,7.8247,2.1611,11.1478,11.3938,1.5666,11.8854,11.0485,9.2141,11.4891,1.8382,13.9011,7.1833,0,4.7122,10.1581,9.0161,0.9596,10.0681,11.077,12.1179,8.6533,12.1454,1.419,3.3887,11.8977,3.1044,9.0541,11.3164,6.9495,7.5756,1.2936,9.2338,0,0.8324,0.6389,11.471,10.4182,8.5321,12.4141,11.9831,13.5316,4.8438,10.4654,0.583,10.6173,3.6247,5.2544,9.5577,11.307,5.6104,1.3373,2.6193,0,1.4282,9.7233,5.3667,0.6849,11.8928,9.8863,3.412,1.8136,2.9564,1.7073,5.7151,4.0705,9.7412,10.9901,6.0504,7.5243,0,6.7144,11.8498,6.8899,10.7968,6.5411,10.9047,10.4441,9.1884,0,6.5368,11.1439,0,0,2.1356,4.4472,7.9152,5.7236,9.155,8.9583,6.2401,0.6985,12.7917,0.8107,1.9377,1.1051,6.597,5.8283,0.6729,10.5724,11.7293,0.4792,2.5677,8.7727,10.886,6.2285,10.0835,0,0,8.3046,7.2088,5.2626,12.662,1.4376,8.5429,6.598,8.8942,9.1997,0.5599,8.7926,8.5973,8.0514,8.9245,2.6095,11.9896,0.8891,9.7161,7.3182,0,5.1917,11.8128,10.6683,10.6498,9.7014,13.93,9.547,0.6764,10.1798,0.9235,4.5187,11.4068,1.1319,11.1257,4.2733,2.3784,11.2136,2.0792,8.3581,9.525,7.0805,4.3307,8.8525,1.8787,3.2995,10.5991,0.5977,8.6243,10.3581,7.1204,6.8965,3.8177,5.2412,11.9362,0,3.2719,1.1855,9.9406,11.5621,3.2661
"PRSS8",9.804,8.7309,9.8694,10.6739,7.9206,5.0251,11.3732,0,10.3674,8.9504,0,8.4295,1.9146,8.182,11.8443,8.6435,2.1507,2.782,10.1818,11.0911,11.1351,0,8.0648,9.3867,6.6748,2.5977,1.1988,9.6212,2.4883,10.7745,3.0845,4.6664,0.4895,9.3141,3.678,8.5496,9.2961,8.7315,1.7346,0.5265,5.0687,0,10.448,5.8853,3.4144,7.6577,6.7177,4.1459,7.1145,6.0593,2.5861,9.4144,8.0038,3.3884,8.1157,1.5279,2.4951,9.5259,10.1644,3.2689,1.2051,7.8402,9.9224,12.8206,9.9545,8.9756,1.1147,0.778,3.7401,0.7507,9.6632,12.3344,2.0149,9.0848,10.9172,4.0073,0,2.3636,2.6111,10.2221,0,3.021,7.4388,7.6742,7.2336,9.9674,9.4469,7.6854,0.7432,7.6649,5.2427,7.0433,8.659,1.7617,10.7102,8.2122,1.1122,8.3425,13.5923,3.63,8.9578,0,4.3847,4.877,12.2565,0.8491,3.5049,10.1372,10.9196,4.0984,2.6555,0,1.7015,9.8834,0.7135,10.6713,8.5791,1.0529,4.765,2.7938,9.7982,2.5787,11.4717,9.4414,7.6579,3.8247,9.142,0.9649,8.7925,3.2433,10.7152,11.6595,8.3049,1.8524,6.2132,1.3792,0.6497,8.5296,13.3165,6.3482,0.6748,7.9179,5.8142,2.23,2.1057,1.5783,9.6311,11.276,8.486,0,8.0547,2.4464,10.3424,11.0321,11.007,10.1875,8.5951,10.3463,2.3974,11.4701,9.9034,7.8182,5.8517,4.3985,6.7436,9.6249,7.2657,0,7.3094,9.4035,2.2666,10.9283,11.8765,1.9787,5.6604,12.0491,1.2038,9.753,11.4501,9.5041,12.2922,7.626,9.6819,9.4596,10.3882,7.3956,1.4135,0.8532,12.0602,8.7791,9.0938,0.9029,10.6408,10.9607,6.3827,8.6232,7.585,9.2568,8.0386,6.0111,6.8947,10.9485,9.6706,8.1521,4.9471,10.9393,9.4833,0.8493,12.0974,12.303,10.9069,0.6156,0.556,0,11.1964,0.6389,2.5233,2.2582,7.9183,8.1912,2.6469,10.3155,8.3375,7.1761,1.603,8.1486,6.1406,0,6.019,0.7175,0,7.7364,0,3.8776,0,3.874,9.1305,6.9305,10.3636,0.624,1.5811,3.5361,5.7807,1.1368,10.6416,0.9364,4.9786,5.5248,3.4123,9.1769,9.1004,4.008,10.8019,4.3101,7.9918,6.7647,2.856,6.0935,7.1899,0,10.7836,1.3248,3.4496,9.8688,4.2688,7.2086,0.9188,8.2028,0.9727,0,10.7022,4.8236,1.4338,9.0851,0,2.4673,8.1746,0,0,1.5096,8.7322,9.5367,0.8399,12.5697,10.3158,2.5016,8.8988,10.7318,7.6511,8.1716,10.0888,0,8.018,0.5256,4.7308,9.3812,10.2146,8.3577,8.497,8.9212,10.0487,7.5766,10.1278,8.0661,5.4546,7.453,11.417,7.373,2.8425,8.7305,8.9481,9.4979,8.7051,8.1541,0,10.2656,2.0513,8.5941,10.354,1.1864,2.8943,3.3746,4.2143,0,1.3412,3.9137,2.5284,4.688,3.6608,6.6867,7.6851,11.3369,2.3748,9.4142,3.0309,12.0482,9.4857,11.6261,8.1276,5.5685,9.9366,12.0192,1.9346,9.9042,9.7126,7.0742,1.7003,8.4707,7.0897,7.0435,6.7858,1.3448,7.0524,8.9497,4.7312,9.4448,8.165,11.6336,0.6242,9.8908,0.6947,0,5.9543,3.7531,9.6374
"CTNND2",5.0222,7.1644,4.7045,2.5443,5.5983,7.8738,10.4283,0,3.5733,9.4327,2.0894,2.8511,6.2571,0,4.3939,9.0824,0,10.3213,0.9802,4.4234,8.9486,0,3.4985,10.1896,11.7019,1.4246,1.4475,9.0658,3.5791,0,6.7319,0,9.2939,10.5335,3.4042,7.0263,0.6786,8.0554,0,0.5265,1.1714,6.6059,0.8025,4.2147,8.4262,7.2384,0.8495,2.7922,0,10.1637,9.2386,0,8.7567,8.0835,0,0,1.4537,10.4822,8.4457,0,2.4201,5.7375,0,4.5242,5.918,0,0,0,2.1801,0,9.1564,9.5366,1.1483,9.664,8.7914,0,7.4286,4.0183,8.902,8.9338,0,0,0.5239,1.0264,2.72,7.7941,1.3948,6.201,0,5.7774,0.7617,11.4426,3.0607,0,6.7805,0,0,2.458,11.1064,5.9822,0,0,8.7135,0.7889,11.9338,2.0724,2.2089,1.8219,0,4.1539,0,10.8394,0,0,3.1173,7.7277,4.0042,0,9.6414,3.1559,3.4207,6.1081,9.7376,0,3.1658,9.3815,0,8.2146,4.2617,1.2036,0,11.8011,3.3116,4.4172,8.4664,0,0.6497,5.9507,9.5095,1.9349,0,7.5822,0.656,7.99,11.7546,9.4657,7.5094,0,2.6682,0,9.5042,0,10.3224,0.6237,1.0391,8.6098,2.3589,4.5251,0,10.2078,10.1938,10.7177,0,0,4.7018,0.7721,3.4884,0.719,0,6.8009,1.1831,7.4236,0,8.5804,5.4686,2.59,4.6874,0.8974,0.7362,9.8327,7.9014,1.1061,0,1.7281,1.5511,9.2788,4.39,0,10.9607,5.2396,0,3.8988,7.0581,4.9665,1.0501,4.8434,2.0907,7.4743,1.7993,5.5755,9.1056,3.5191,5.6673,9.1356,1.0085,2.6655,0,5.2733,9.9672,0,3.9076,2.0681,0,0.5582,8.426,8.4684,0,9.2064,9.4518,0,0,5.2095,0,10.6978,6.4942,2.2316,5.8711,10.212,9.4342,3.4148,0,0,8.9956,10.4057,8.3626,0,1.9433,0.7649,0,5.0647,5.4038,8.0744,9.1976,0,0.7156,9.6405,10.0001,0,6.0292,0,8.8146,8.6763,8.0035,0,5.8673,8.892,0,0,0.8084,1.7073,1.0146,0,8.7112,3.5848,0,10.3516,0,10.4533,8.0587,2.8994,6.8698,9.0663,0.6482,7.1676,2.7769,0,1.6154,9.131,0,6.2962,0,0.9606,0,9.7334,10.7414,8.2861,7.3853,0,2.0219,7.6715,0,0,3.5788,0.5256,0.6729,2.0519,2.8254,10.4513,3.6813,3.765,6.4593,8.1714,1.9781,0,0,3.9443,10.9702,9.0708,1.3466,0.6504,0,1.3207,7.3845,3.575,10.6293,5.8822,10.1574,2.2529,7.2588,0,5.3539,0,0,0,0.8212,0.7996,0.6746,3.7429,9.911,1.7538,1.1004,1.7208,7.3652,8.2981,0,11.2363,1.9288,0,4.1594,8.1652,4.5768,4.6057,1.5927,9.5741,0,0.6755,0,11.1974,4.3032,2.8464,0,0.5977,0,0,0.6265,5.9177,1.0647,10.4594,4.1525,0.6558,9.0205,1.1855,4.431,0.5319,1.3603
"CHRNA4",6.9057,2.6758,6.9859,10.2915,0.3461,8.6492,3.9966,9.2453,4.5114,0,1.7335,9.774,0,5.3733,4.4338,2.0092,2.1507,8.4583,5.8916,9.8364,0,2.3193,4.6667,2.5371,2.096,8.3012,0,0.594,0.6566,10.4375,8.6077,0.904,0.8545,3.8043,6.6729,10.7421,8.9591,3.5836,11.0436,1.2148,10.4999,5.9647,5.4646,0,1.3842,7.0293,7.8577,10.4342,10.0561,0,12.5917,8.3897,1.8953,6.2264,6.5617,2.5133,1.7307,3.0766,1.3419,8.5411,5.8143,9.9964,12.1954,5.6141,0,10.9758,0.6625,9.4935,1.1225,4.3543,1.0716,7.0436,11.5828,3.8014,8.2477,0,3.655,0.758,2.2171,4.4267,4.1597,0,9.9334,4.9086,8.6954,3.7574,8.9804,9.4794,6.3312,3.5775,9.8042,6.1154,6.5308,0,5.801,11.0905,3.0962,3.6131,2.0128,2.2611,2.6927,3.9337,4.4591,10.8342,0,8.7608,5.8039,11.4226,8.7961,3.9177,10.4658,10.3815,1.0882,6.7487,10.9301,0.8697,3.4276,4.1422,7.6165,2.9862,6.8281,0,3.881,7.7679,4.4419,11.463,1.726,5.34,3.0484,0.7238,10.0445,0,9.9503,2.6374,4.4622,1.7664,0,10.7878,1.1857,0,9.1861,0.6452,7.506,9.0306,4.3415,0.9949,9.3725,10.6973,10.7099,0.911,4.4155,5.2188,2.3142,9.9641,6.8966,9.0476,0.8686,7.8257,0,9.1587,5.3914,8.8708,0,0,9.9806,8.3037,2.8158,3.5828,1.5974,8.0291,1.1831,6.7149,9.9021,0.6675,0.8375,7.4992,2.1622,1.8433,11.7667,6.8886,0,0.6566,10.5717,10.8187,12.6095,3.8668,7.22,9.174,8.0825,10.3097,10.9904,0.9029,10.4251,7.8261,10.4505,9.0373,2.7797,8.902,6.3982,4.6054,8.9917,9.563,3.8104,0,5.2832,6.0896,9.4584,0,7.4955,10.349,2.7231,4.7304,2.2514,0.5582,0,6.7911,10.8943,4.3547,1.2745,5.0722,11.2445,8.5987,1.0606,8.6708,4.418,7.7794,10.6606,0,3.3726,1.1945,6.3608,7.4312,1.7168,6.4209,0,0,8.3052,6.9793,5.7614,1.8897,6.8145,1.4682,1.3891,8.509,2.6176,0,5.3139,4.0239,0,0.6786,1.0891,3.8106,10.0869,7.931,2.5651,3.9075,8.2663,0.7038,10.757,4.2574,9.1298,3.2136,9.3358,11.88,6.2615,0,0,0.655,3.1986,8.1166,9.4988,0,5.9337,9.623,0.9823,10.5566,4.6285,4.046,0,0,7.4485,6.6487,0.6103,7.1035,2.2471,3.8644,8.001,8.9563,11.379,0,10.0863,5.7225,3.3397,2.0274,1.1299,2.7364,10.1885,5.0578,10.6896,9.4165,7.6915,4.2387,12.6884,10.5832,10.4699,2.1617,4.0739,7.4111,2.0308,10.1743,1.0564,4.642,12.1703,8.0158,0,3.1031,0.608,5.8919,10.2574,9.0785,9.4308,2.395,2.8439,0,0,0,9.2477,10.4571,6.8347,3.9844,8.9687,11.1079,10.0671,11.9056,11.7815,0,7.934,4.0435,9.6845,2.7007,0.9511,9.6156,0.4887,0.7571,0.8895,8.9697,9.9607,1.6514,0,9.3488,2.143,1.3448,1.3858,9.3478,8.6504,0.8174,7.9902,8.8624,4.6018,11.0288,0.6947,8.1429,7.6152,2.6668,0.8349
"KRT19",10.0901,4.367,0,5.552,9.0753,4.7523,7.8219,6.1406,2.2124,6.6481,9.9428,3.7475,8.9241,0.6505,4.9,8.4819,0,9.9246,4.6056,6.3819,10.1759,1.0978,5.2011,5.2106,10.9111,2.1273,5.5071,9.7625,0,6.1384,1.0489,0,9.5337,10.4315,6.6413,0.7253,0.6786,13.2833,2.997,0,5.5839,0,0,7.6413,8.2543,5.6984,3.173,2.7922,0.8951,1.5245,7.5725,9.06,5.6686,4.8471,4.865,4.3101,2.163,6.6498,1.7235,5.4018,4.1678,4.6112,2.751,14.4369,6.4168,0.846,0,1.2807,0,7.0034,5.5404,12.3342,2.0149,10.8235,10.3265,3.8788,4.0148,4.0785,12.1421,7.7751,0,4.7913,7.0952,3.0459,7.964,0.9219,4.399,4.9711,2.5153,9.9458,3.8294,9.4282,11.1908,3.6272,10.6427,2.3493,0,4.3558,14.9055,7.3112,0,0,8.1092,3.0493,14.2745,7.0837,6.7076,1.5368,3.6962,6.7972,2.8799,0.6545,3.151,0,2.6132,1.4085,6.6989,3.9041,5.501,10.4589,0,3.4527,8.7051,2.7462,10.7036,6.9012,0.8233,4.1423,7.7314,5.5425,0.0068,13.3673,5.8751,6.281,8.4093,0,0,6.284,7.082,9.1427,0,3.1532,4.3218,6.0275,9.6188,8.5213,12.1258,4.9172,1.226,5.1065,4.3501,7.5686,12.5789,3.1878,4.3952,5.6297,4.9024,7.727,4.4008,11.0912,3.7459,7.0799,5.1612,5.5762,1.3315,6.8801,9.2476,0,1.39,7.1598,3.7768,11.049,0.5993,7.7451,3.3845,5.0356,0,0,1.2213,10.5087,8.6072,5.9018,0,6.2942,0,10.1327,0,0.8532,11.7844,6.696,7.0296,2.4192,12.4043,7.799,1.3818,9.775,3.5148,5.675,3.3118,8.4012,9.6189,1.2066,10.6608,11.872,4.1033,1.4759,0,12.8048,14.6041,6.0707,8.518,4.0846,0.556,0,11.559,0.6389,3.4824,11.2855,12.1014,4.4545,1.0375,10.3498,0,10.7101,13.3178,5.7041,6.8904,8.977,8.8196,2.8959,2.0436,3.3094,2.1475,11.9279,4.4269,0,9.2647,3.4316,0.7903,2.5534,2.3144,6.3777,7.9987,0,5.4391,0.5428,6.8123,0,4.0386,5.3233,9.5969,11.535,1.2657,0.6849,9.5802,9.9132,0,6.3707,0,1.0927,0.5947,0,9.3767,0,3.3418,11.8547,0,12.0522,0,0,9.0288,7.9254,3.8692,8.0807,7.3483,2.9625,6.1533,0,1.6981,0,0,3.8324,0,10.5406,7.0166,9.5815,4.062,0,5.7835,5.2745,2.2553,0,6.3928,0.91,4.9684,12.8677,0,6.7036,7.3013,5.6831,9.3034,6.0521,7.4587,0,0,1.3156,12.2896,7.7664,0,0.6504,0,1.3207,9.079,8.4212,4.285,8.3644,3.454,6.1812,3.0958,0,3.6534,0,0.7229,7.4335,5.5312,7.2556,4.9171,7.0036,5.5726,6.2315,4.9951,4.2176,2.922,7.1021,6.4737,13.9247,5.6875,1.1319,6.9121,7.2361,1.7369,8.3377,3.9927,6.1296,3.1165,5.2712,0,11.9127,7.3952,3.0137,3.8745,10.1108,1.6557,5.7567,4.3244,6.7304,9.9593,11.3344,8.167,3.5057,0,0.7112,6.7752,5.6451,4.6154
"XPNPEP2",8.0868,1.7268,14.3389,8.8981,4.2806,7.445,7.2663,9.7681,8.7305,5.5039,8.3857,12.1387,8.36,13.1698,3.3817,11.1538,12.2494,7.9247,9.0998,12.7934,10.7256,3.6326,11.6886,4.0012,5.2797,8.557,2.2888,3.5482,4.2378,12.2609,14.3647,3.4037,12.1008,1.5585,10.0478,11.2437,7.0238,9.0333,5.979,1.8648,11.7568,0.6451,10.6771,3.8593,9.728,12.1651,13.0766,11.5926,13.7792,14.528,0.8751,9.2179,4.1143,10.028,11.7571,11.9951,10.9938,3.2046,3.1168,1.5459,12.0279,4.4658,12.1229,9.7552,13.5087,13.6922,10.0591,8.4267,10.8067,12.4179,4.0378,6.9207,13.633,7.8965,7.996,12.1839,11.9483,8.0385,10.2142,10.0003,4.9926,3.5455,10.0021,12.8573,2.72,5.9186,2.5579,11.3326,4.0443,9.0204,11.0405,3.2971,5.0463,2.8027,8.9545,11.4176,3.8441,9.9705,7.2512,6.3474,10.9839,4.3532,10.2602,11.1802,1.7436,11.6269,4.803,4.6489,10.9688,9.7457,11.3125,7.9297,2.8467,7.2189,13.1733,1.4085,10.7614,12.2026,0.5619,6.8045,15.3686,6.9312,9.1025,12.1633,9.699,11.2955,2.6748,9.1651,3.2456,2.6351,2.9316,0,3.3116,11.5852,2.4789,10.3439,4.6701,10.7633,2.6085,3.8254,6.8369,6.5727,11.1045,9.9136,5.0174,12.3559,6.9284,1.6261,8.2652,0.911,0.9606,7.7961,6.5724,8.846,6.416,8.9252,5.837,11.3416,5.5083,10.5783,3.6058,7.9551,1.5011,12.8896,12.9928,11.7804,8.7984,8.4848,7.2645,7.8087,3.7083,10.6923,7.8466,8.7338,1.364,11.1855,11.8858,10.6992,8.7652,5.3696,0,11.3821,10.401,9.9116,2.2813,12.228,9.1903,7.8954,2.5965,12.4274,5.3162,9.8636,9.7372,11.3165,2.4013,6.6193,8.1982,3.3295,8.6735,7.8787,9.404,4.5784,10.0801,11.3151,9.095,10.59,7.7337,1.9281,6.5642,2.0035,6.3862,6.7757,7.4855,5.4898,8.2121,7.1263,12.4388,11.4193,3.1384,9.9675,12.4628,11.9058,3.1044,9.5575,2.8305,10.9466,3.1256,6.7111,6.7812,11.1918,3.374,2.1186,13.079,4.0502,11.3105,11.8557,11.9154,12.0399,11.4944,9.6666,5.3867,12.2151,0.6226,10.419,13.1217,12.4466,12.4311,3.4494,3.2265,2.8086,2.1317,10.44,9.1484,6.908,8.4853,9.465,13.4481,4.9915,3.617,14.778,11.7231,2.2516,4.0984,11.226,7.2397,7.9275,2.6651,1.9535,12.2137,13.4297,11.3314,10.988,8.0298,3.8891,11.4141,7.5272,8.2152,12.9201,2.1266,1.9149,3.5544,9.544,12.9832,3.432,1.8784,7.0067,11.5477,5.1897,8.4084,7.5078,2.927,8.7951,7.9017,2.5446,3.6877,3.8294,8.8163,3.0165,11.1172,4.3408,11.7347,12.1685,10.521,8.5983,10.0924,12.1329,1.3998,4.7539,3.3589,8.0137,5.9032,1.3207,2.097,11.1074,10.2713,8.4998,10.7925,10.7725,11.4374,6.0734,8.9962,2.9664,10.2021,12.4406,3.9608,10.7356,10.1574,5.7547,6.4098,10.7732,2.1481,7.4804,4.5685,8.866,2.455,1.4738,12.0401,9.9881,10.0776,11.5194,8.6166,12.9568,0.8532,10.6009,13.3766,2.1962,3.4756,0.8926,8.5945,5.6338,12.6682,3.7356,12.131,1.9095,9.8405,1.3359,12.0532,10.3229,10.7942,2.33,13.8997,12.4844,3.707,6.4657,9.1002
"AP1M2",10.8114,6.7188,5.8335,3.0444,9.8422,7.4737,1.8048,1.5259,0,2.2878,11.9719,5.879,11.0405,6.3151,2.9027,8.2387,3.3469,9.4603,0,5.1332,10.4758,8.5573,10.1896,3.5618,5.6264,8.4865,6.8401,7.6992,1.7249,10.2077,1.8767,4.0601,0,1.5585,7.6918,2.6384,0,8.4986,0,0.5265,9.9967,0,8.9341,3.8593,9.0076,5.7489,5.1161,8.4384,0,4.4359,0,5.2538,13.492,2.0556,2.8136,11.5922,7.8813,6.6041,6.4294,4.8499,7.9679,7.114,4.4915,10.4489,10.2047,6.7316,3.9055,0.778,11.8644,10.3275,6.7678,10.7077,11.1596,8.2413,10.1119,2.6969,0.92,2.852,10.9003,10.5684,1.457,1.4748,10.0126,1.6201,2.72,6.8349,1.3948,0.599,4.805,7.3888,8.8036,3.1797,8.9745,0,8.0808,4.2802,5.1641,0,11.1348,2.4731,0,10.3179,3.8339,4.3681,7.3648,0.8491,9.8628,1.5368,7.8748,4.0984,0,0,2.6011,1.1268,8.8685,0,4.9203,10.4139,7.9633,10.669,0.72,1.4104,8.7159,10.4344,8.5721,3.0918,7.2239,9.0927,8.4466,2.2955,2.2595,10.3957,7.4032,3.9164,5.7688,1.7664,1.9426,7.4742,10.8252,3.4439,0.6748,1.4287,10.8516,0.7977,1.0713,1.2167,8.1519,4.1108,0,8.693,7.9062,1.1837,5.376,0.6237,10.1268,6.7885,2.3589,6.5585,5.4083,9.4975,2.2403,0,2.2207,2.0049,2.0119,8.154,10.3154,10.5411,1.5974,4.8667,1.1831,9.6866,10.5823,6.1257,0,8.7294,4.4784,10.2414,8.6238,8.0728,10.9529,8.8484,1.7571,10.8452,9.249,5.8225,4.2707,0,9.9146,6.4143,7.3286,9.2686,5.1143,9.7142,7.4062,8.7622,11.272,8.4228,10.7034,4.8585,0,1.2066,7.7316,7.3521,9.1742,11.1141,1.194,0.4863,11.116,1.0024,10.9842,6.0544,9.7252,9.9523,10.9108,0,11.6028,2.0852,6.6386,1.419,1.6347,5.8662,11.298,1.9882,8.9338,9.8438,4.8746,0,1.9077,10.3521,7.9014,2.9421,0,1.8035,0,10.0717,3.9817,1.2622,11.2138,10.2316,7.2611,5.0741,5.0611,3.2316,11.6795,0.5428,10.7915,1.3373,7.9005,0.6786,5.0002,6.1065,4.4941,7.4792,10.3466,0.6217,0,7.416,7.2337,9.1711,0,11.9012,4.2935,0,3.1429,6.7271,0,4.3602,0,6.6877,7.0746,9.9073,2.61,6.3328,8.488,1.5298,3.7424,0.9781,0,0,4.8152,3.9252,11.7692,9.65,9.6317,4.0966,11.5559,0,2.6093,10.3066,2.5155,11.3128,0.9354,5.2779,10.3211,6.1847,9.1916,3.2732,8.0535,9.9992,5.5193,4.8139,1.9781,8.52,3.0254,10.9012,10.0722,3.7049,13.0224,2.3181,0,5.9638,3.9265,3.7652,0.9623,11.3315,0.608,6.5723,5.6708,8.1765,4.7752,10.314,1.8487,10.074,6.6864,8.4211,9.8233,2.8468,7.9976,2.6641,3.4979,8.8535,0.6764,5.7747,1.8836,0.6713,6.6635,0,9.1898,11.2918,5.5748,10.0136,4.4034,8.9756,10.9442,0,0,4.0372,10.8204,7.9059,10.9595,9.929,4.8826,6.7979,1.895,1.3359,3.1113,10.5763,12.2042,0.6558,6.8196,0.7112,4.2275,10.5791,9.0305
"IGF2BP1",6.4915,8.1728,8.3633,3.4789,9.2075,5.2808,3.0843,0.7019,8.0881,7.5878,11.5527,8.2025,11.1221,7.6912,0.668,9.4291,0,10.1239,0.9802,4.4611,9.5668,10.4234,10.9505,7.4915,7.9568,7.58,11.1136,2.0202,4.2378,7.0507,6.9841,2.0176,9.0128,7.597,11.9993,7.7719,2.0011,8.1306,0,0.5265,7.5895,0,0,7.1451,8.2313,4.8926,5.6871,8.981,8.1138,10.17,10.5272,1.7643,9.0707,5.2575,9.3201,5.7977,12.0019,7.0919,6.9156,6.9415,5.1449,6.9775,8.0941,7.3833,8.6222,1.3757,10.1087,7.9889,4.1279,11.2891,4.1614,4.2653,1.1483,11.7446,7.7517,7.9369,10.7172,7.9922,11.1445,9.4376,0.6616,5.8565,9.0158,7.4867,0,4.7518,2.8022,8.5981,10.1495,10.3822,10.3976,4.4668,9.797,1.1345,4.0498,2.6917,1.1122,6.2882,2.0128,8.7623,0,5.2287,11.5972,0,7.0374,10.5922,6.126,8.5773,0,5.894,6.5096,9.551,1.9318,0,6.4596,8.1452,9.9501,6.9672,7.6234,10.6968,7.5698,5.1289,6.7261,8.3657,11.4516,7.9836,6.8244,11.9388,3.779,0,9.7282,0,2.8442,8.1631,1.2463,5.9507,10.3376,2.152,4.5027,0,11.4646,5.0992,1.9555,8.243,12.3304,10.0109,0.6006,9.1007,1.226,0.911,9.1645,10.5503,10.3799,1.3909,7.7277,7.5903,1.407,6.1745,0,8.735,8.0114,9.8861,1.1508,4.6787,3.2236,0,6.9826,6.8004,0,0.6346,6.6994,10.5544,7.0976,10.1554,0,6.3458,1.6656,9.6193,7.8331,9.5367,2.0708,10.1252,3.6894,2.16,8.0242,9.6686,11.19,0,7.4441,3.8101,1.0663,9.9912,8.4178,9.0828,1.0501,0,7.5801,4.8154,1.3152,5.2958,10.0861,2.2999,1.3408,11.4759,2.4732,8.4881,6.5203,0,11.1756,1.5881,1.9266,3.2502,1.5265,0.5582,9.8148,7.7326,5.0093,10.2202,7.3021,0.8774,0,0,1.0606,8.135,6.8659,6.9495,3.8815,9.2879,9.5189,8.1973,3.0046,6.2519,11.1003,11.2926,10.4389,7.5663,1.0965,0,1.97,11.9415,1.9957,11.2438,12.2229,0,7.3865,8.5157,10.0892,0,6.69,0.6786,7.9305,12.2397,2.5063,6.058,11.3961,9.938,0,2.5923,2.2499,10.2472,4.0718,0,11.1143,0,0,5.2167,1.4756,9.3964,10.5396,3.3285,3.8948,11.88,11.4768,9.16,9.5152,0,3.3629,11.4463,0,5.8415,0.6468,10.0673,3.4601,8.899,8.7056,8.0153,8.4635,0,0,8.1526,4.5636,9.3191,0,1.4636,0,1.1755,2.2646,7.0206,8.021,6.3,4.9068,0,7.2996,0.8631,5.3859,7.3514,7.8412,7.4895,9.5791,3.1657,0,0.5843,6.2347,0,9.9426,6.5361,10.6264,9.5816,7.7462,7.6255,7.87,2.395,10.1403,1.3075,4.0301,4.7103,8.8844,8.9152,11.0402,3.021,2.9754,8.4291,0,10.5014,0.9235,0.6713,7.7105,3.1285,1.2324,10.0709,8.1534,9.322,9.374,8.6682,4.0308,3.9383,1.0874,1.1921,7.9888,0.9143,8.2205,8.2302,9.1075,5.8284,8.0095,0.8174,9.4817,9.5334,10.6602,0,10.0122,0,1.2742,7.6298,0
"SAA1",11.1896,10.7178,11.6046,11.7981,14.3453,14.4193,8.4206,16.0217,12.3932,13.0512,11.5875,10.5662,15.6561,16.7921,15.5897,1.0062,18.4876,6.6431,13.0247,13.9463,6.4396,13.1007,9.6384,7.5295,6.745,11.5708,4.1218,12.202,9.5176,12.4166,12.9051,6.5712,4.7032,10.3742,10.633,11.2948,9.0921,12.5945,11.5455,6.7668,16.2606,10.6834,12.5936,11.202,11.8254,15.1421,17.3419,8.2495,15.6367,11.5173,7.0163,13.845,13.3605,10.7943,7.5308,16.6688,6.0301,5.7187,6.8011,13.4421,9.3168,17.0404,13.0734,13.9351,12.085,8.5354,7.1851,10.5285,12.9076,12.3395,7.15,13.397,14.7859,9.4323,6.4029,11.9192,9.2062,13.4693,8.6631,13.002,9.3044,7.6157,11.7212,19.7803,12.206,10.3247,13.5393,13.4714,8.7054,11.1008,13.7632,5.1672,13.9338,0,15.8658,13.891,10.3717,13.6797,13.1483,12.0586,11.7165,11.6252,10.0003,15.7618,5.4159,9.0255,16.861,9.8723,14.2989,12.2785,17.9937,0,11.9101,17.0894,16.9408,9.1822,9.9436,8.0693,6.4303,11.5607,15.3457,4.4954,7.5944,13.0608,6.9796,12.364,16.0736,8.1747,13.995,6.663,17.4005,2.8976,13.1899,11.9179,10.2055,19.5744,12.1888,18.1917,7.8642,9.7714,3.5528,13.977,15.3556,11.4032,6.2563,8.3149,8.9915,13.0567,14.9355,8.7764,8.2218,8.1034,8.0511,13.7561,16.2672,8.4152,14.6916,16.7919,8.5687,6.079,8.5828,4.3458,9.5537,9.7968,16.0144,16.9452,13.1399,14.006,8.1218,12.9057,14.4451,10.2838,12.6722,6.5171,8.5007,16.1917,13.1189,8.7048,15.5974,8.8208,10.2671,12.5038,11.7596,17.669,10.8815,11.358,5.1676,11.1155,13.0838,17.617,11.5687,14.018,13.2646,8.9434,14.2614,14.2637,12.4335,13.1393,9.7192,15.2858,7.4895,12.0457,12.4021,5.5449,15.6639,12.6601,12.2568,10.5691,10.0876,12.4058,13.1516,3.0791,11.8175,7.9213,6.2532,12.1555,9.0429,2.6793,11.9982,7.284,17.1085,16.5046,14.2086,11.8291,15.7399,13.9735,10.1444,13.3194,7.0202,14.9165,10.7786,5.692,6.8427,7.3256,9.3816,11.654,16.6297,19.1628,16.9711,8.7844,2.6956,10.4524,4.1483,10.9687,10.8642,5.8377,8.8499,14.8521,13.2527,14.2692,8.4156,8.4852,12.9988,7.819,5.6333,11.6148,11.4139,13.9882,17.6751,14.5847,10.5424,14.2283,8.1926,17.3929,13.8146,7.4487,5.9437,1.9535,9.4033,10.0241,10.985,3.7354,4.3014,11.1771,13.3134,14.6201,17.4375,11.3119,10.394,1.9149,12.4545,7.4362,14.3818,11.2427,5.3439,2.3893,10.4017,9.869,18.4434,17.3731,14.6496,14.1664,15.1951,14.2707,10.0976,9.8668,15.4899,12.1792,10.9305,17.4495,12.392,13.7597,7.2377,8.9195,10.2805,14.4158,4.7074,10.7805,9.9893,11.9511,15.0012,9.856,9.3981,13.4119,9.4482,15.5686,6.9003,5.5297,14.1547,15.7459,9.0602,14.6143,9.4855,13.7347,12.0585,11.311,16.527,2.8468,11.231,19.6206,15.4796,10.3678,13.1128,8.9488,16.7945,3.7487,15.2902,12.3465,16.7389,13.4401,11.7441,8.4673,1.1439,13.4936,13.3636,11.8254,9.8331,10.8882,15.511,9.5272,15.8148,9.5839,8.6952,11.5892,8.4292,15.0748,11.6681,9.0536,14.5962,11.3014,5.8244,11.4754,13.1127,9.612,12.374
"MUC13",9.6696,10.6678,11.3609,6.8584,8.294,9.3761,2.4782,14.5442,14.8864,11.5859,5.341,8.2531,9.0002,13.7971,7.8498,5.2214,3.8838,13.1613,6.1505,8.004,9.8831,11.1402,6.8641,14.6216,8.3011,2.9519,0.5178,11.5225,12.5244,13.0935,11.4438,1.2059,9.3654,6.2522,8.4686,10.1677,1.1383,12.1427,2.6852,2.434,11.0951,9.4653,9.962,7.7266,13.4509,11.78,15.4756,8.8252,3.3866,6.9202,13.6647,5.3202,11.729,10.674,2.8136,2.7336,4.0065,9.3116,12.5733,8.8146,9.9617,14.8815,5.3618,13.3416,6.1531,8.5842,10.1698,1.9483,12.288,10.674,15.1021,5.7109,11.8375,11.004,9.981,6.4378,4.486,12.3256,12.2524,11.5354,2.6407,12.8942,6.5178,9.4869,3.9041,10.0766,11.2828,15.3939,3.2869,4.2226,10.1069,12.1231,3.2748,0,7.7354,6.2495,6.8726,11.883,10.8264,13.9349,3.4379,12.1569,5.7261,0.7889,10.7206,8.259,13.4805,8.5434,8.8169,15.0464,4.4021,0,7.5713,9.3064,11.4337,13.8035,7.0527,8.266,13.6829,5.8671,11.2321,8.0019,10.5995,10.3687,6.6986,14.1044,12.1046,1.947,6.454,5.64,4.8784,12.4124,13.0129,1.3599,12.9975,9.603,6.5326,10.4635,9.9525,7.5995,0,15.0757,11.1263,12.9678,13.0816,14.3675,9.0061,7.7377,1.226,0.911,14.138,1.5397,6.677,6.156,12.7098,9.8848,12.2931,11.3251,4.1264,10.1789,11.9648,3.3793,5.5845,6.6647,6.6267,9.9397,10.2635,7.4493,7.9504,9.1689,13.8444,9.1498,6.894,7.4474,15.0195,6.964,11.4997,13.6309,6.4953,11.5332,10.9112,11.9728,8.3145,7.7084,6.2164,8.1833,5.2006,8.222,8.2711,11.9697,1.6727,15.9923,12.8866,12.3812,6.3356,6.7519,5.0979,8.3339,6.4151,7.6631,13.9354,6.3821,8.3246,14.2929,10.1968,13.1808,12.7135,16.5927,10.541,2.5889,4.3154,4.0846,3.8243,3.449,11.8145,10.4845,11.6367,4.429,13.3853,2.9441,8.5001,10.3365,11.5781,8.3987,12.2235,14.9712,9.3446,11.2223,8.1353,1.8389,4.4126,6.3438,0.6524,11.3598,7.4584,6.7306,5.1814,7.1594,6.6362,4.195,9.8279,7.8553,5.1515,4.3352,6.2505,3.6347,2.3577,6.2588,10.2285,2.5372,13.7954,11.0842,10.7137,1.1475,6.7994,11.9062,4.0776,9.4309,10.7738,9.7796,8.2531,2.4633,13.1329,2.3868,4.3633,14.0046,6.6416,13.3283,3.0389,5.8545,6.137,9.9587,0,11.5635,10.6181,3.7503,10.2512,0.9781,6.6405,7.7251,4.8152,8.2601,7.0428,9.1375,12.2377,15.4653,11.3037,8.2756,8.5129,11.5835,7.0666,5.8139,8.6914,8.1297,9.2274,10.0552,5.1394,7.7211,5.9454,10.9657,10.3825,8.5397,4.4315,3.8995,3.1958,6.7242,7.3556,9.064,3.1237,9.1904,11.7439,11.4613,13.286,4.5132,14.6389,10.4356,3.9214,10.2438,13.3649,11.6692,13.5335,8.1832,6.6183,5.7966,10.4969,13.0035,12.1474,11.3141,12.5522,7.3054,15.6716,6.7773,6.6131,6.1472,7.1835,12.5272,10.4085,8.937,10.8223,11.1719,5.902,10.3709,2.3312,14.2678,3.2517,12.6446,5.9998,15.0529,15.5921,3.4236,4.9361,10.324,2.8977,13.2376,3.5701,13.1266,9.9999,9.7852,10.1747,10.2096,10.1893,6.1645,10.7408,7.3977,12.1784
"CYP1A1",9.9897,7.9729,6.5821,9.873,6.2953,4.8607,7.0435,10.9588,7.8036,8.1577,4.8061,6.8429,5.7263,2.9702,1.9799,1.3294,8.9948,6.7908,4.8684,4.6362,0.5783,11.0316,2.4162,2.9271,1.0647,11.3509,5.675,0.594,6.0472,5.7195,4.4135,11.7445,0,6.9717,4.6631,9.101,12.2639,5.2665,5.1351,15.7879,8.0546,13.6563,6.7064,8.3725,5.475,3.9832,10.5075,3.5578,5.6688,3.8214,2.9398,6.8056,0,8.8357,10.8652,10.7274,5.1844,0.8341,2.8359,8.7991,8.2578,6.203,7.4638,4.1116,9.3411,2.7186,12.9862,12.3733,7.9175,8.2499,11.1598,5.6645,5.1319,5.1661,1.9037,12.7328,5.0494,3.3196,4.8077,6.0279,12.1569,2.1886,11.7893,8.4359,8.5198,2.8603,3.5009,7.2114,10.4949,7.5786,12.5963,4.2511,3.6263,11.5587,8.2785,5.8831,12.5701,4.4077,2.6332,0.8145,10.0983,16.0274,9.0355,8.5595,0,0.8491,7.1102,5.4834,6.8696,7.653,13.0417,0,8.2662,4.4795,3.9141,0.8697,5.9542,9.5153,14.2462,5.3065,13.7127,3.9159,5.2883,10.9319,3.4018,2.2518,9.9121,4.3917,6.5781,15.8627,7.0149,1.2525,10.2074,5.6312,7.1487,5.6159,10.8698,6.8556,0,4.1652,10.1011,3.4044,11.152,5.429,3.5865,0,11.6243,3.7119,11.2876,0,1.7507,8.555,3.7353,5.7404,3.5296,3.5795,2.7616,4.7172,13.6625,0.575,4.6561,2.373,14.1243,11.5512,12.4659,12.1562,9.6856,10.37,9.2736,5.4259,2.9979,3.8524,2.0321,2.5125,11.5911,7.381,9.7143,9.3927,4.2461,3.4474,0,5.7556,3.282,11.2264,4.516,3.444,5.2953,13.8136,4.0573,3.2371,4.6161,8.0894,2.4821,3.3434,13.0049,9.5812,12.6248,5.7896,11.4664,2.2433,7.8024,7.565,8.4084,4.2183,4.1452,5.9018,3.5785,1.1391,1.2019,5.1338,7.217,9.7886,11.5732,12.196,2.4974,8.9004,15.1685,1.0573,4.3585,11.8616,12.2142,5.7987,9.0522,5.0203,2.1909,5.2926,4.0405,0,1.6788,12.9931,11.7779,11.5864,2.6196,0,2.4108,7.8573,6.1265,7.2682,4.9153,4.6639,8.9011,1.868,0,7.8606,12.5177,3.5806,6.7693,15.3345,3.8585,5.7184,4.069,6.4271,5.1556,11.4939,6.1924,3.1828,12.3392,9.1391,3.4286,7.4267,1.0146,4.8119,6.7999,3.6831,9.2787,3.8101,11.7542,5.9787,6.0541,7.7688,9.6183,6.4018,8.6056,10.2465,6.1146,5.8296,8.9966,0.9781,9.3134,2.231,11.4883,6.6623,11.9459,2.6286,0,0.5098,3.6755,6.0529,7.3688,4.5154,6.0672,11.8728,2.2171,11.9817,13.451,8.5207,7.0762,2.1846,5.406,1.9868,8.8542,7.9839,5.1213,7.0538,9.1164,3.0781,0.6287,2.2637,3.8962,6.9478,3.4219,10.8552,3.5086,9.0154,2.1108,2.5439,8.9023,7.2859,1.7324,4.3317,3.4131,3.594,6.4406,5.3253,13.1223,6.1267,10.7525,5.0595,2.3673,11.7775,2.7486,5.9773,8.0934,2.9483,7.3904,1.1276,6.1393,4.192,11.4522,7.7146,7.4166,1.3944,4.3184,0,8.2381,10.4451,9.4479,0,7.017,11.998,12.6361,11.2971,11.6262,7.3904,15.5829,3.8797,11.8989,4.73,1.8903,1.1049,4.9397,11.3465,7.5012,7.1118,8.5917
"PRSS3",5.982,1.5484,11.1728,2.5443,6.9583,9.0532,5.2476,0,8.6015,8.1436,1.2601,10.084,2.1579,7.9884,7.0608,6.6121,1.1022,9.8159,1.5585,1.0952,6.0026,0.6509,0,1.1382,1.0647,0,2.2888,9.9804,8.2295,6.3926,10.8889,0.5217,9.1225,3.7357,7.767,9.0539,2.8086,4.9418,7.7283,0.5265,0,0,0,8.6475,11.1226,10.2031,8.062,8.8406,8.6561,10.568,0,7.1419,14.3971,1.1781,0,0.9574,1.1106,1.3593,5.3811,8.86,3.2124,9.0625,4.1855,8.0883,0,10.6359,0,0.778,0,1.8993,10.3496,6.4596,8.1796,7.7544,6.5787,0,8.7485,7.7954,9.9808,7.5034,0,11.831,4.1759,2.0395,0,5.1104,7.0786,9.912,0,5.5885,1.2577,9.7406,8.5032,0,5.2869,4.8909,0,0,4.0913,3.337,0,3.0252,1.0738,4.877,5.1317,2.8898,6.9743,6.8227,9.7334,9.3492,5.1693,8.5002,0.6444,4.0347,8.6744,6.4159,2.341,8.3203,6.819,1.9882,10.9435,9.0292,8.3274,10.4893,1.3757,4.0046,9.1082,4.2545,6.2393,1.563,8.2482,1.2525,8.8077,8.1177,9.8513,9.0807,0,2.4835,0.7114,4.9597,0,6.6149,7.8098,1.6847,0,11.0776,6.8467,7.2527,2.3269,1.8643,9.3135,2.0631,2.5281,9.9084,8.9224,0.8339,5.4304,7.9539,1.5005,7.9474,9.4892,9.9553,0,2.3271,0,6.572,4.1097,0,3.4228,7.2515,6.6636,7.7865,10.894,1.9787,6.3994,0.8772,8.3545,9.0126,0,8.9421,1.766,1.7249,0,0,4.6698,9.3281,0,0.8532,4.6857,8.2318,0.6295,2.1632,10.8494,8.1351,0,3.7908,5.3024,0,5.3465,1.5197,0.6533,10.2016,7.8984,0.6326,2.9215,9.3111,0.7171,3.5136,8.8209,8.5783,7.2572,0.6156,1.2694,0,9.9964,8.3153,1.2369,0.6234,8.2959,1.419,0,7.5825,2.0899,1.9882,1.0135,10.5554,9.4061,9.214,0.6326,4.6715,0,0.6389,0,8.6622,10.4809,1.2426,6.8217,9.9753,9.9418,6.7854,0.583,8.3095,12.5147,0.6776,0,7.8898,0,0,7.6278,2.8086,11.0074,4.9939,9.0651,0,9.2443,9.4043,0,8.4997,6.6024,1.0927,11.4109,0.8093,3.4496,3.3655,1.2051,1.9616,0,9.9728,1.2891,1.1968,3.4477,8.9032,1.0938,5.3622,9.5419,5.6569,9.4007,8.7634,8.0485,8.8543,0.6468,7.5571,8.8403,8.4913,9.2906,0,11.1798,1.8036,7.9238,0.8107,9.3962,1.1051,5.5429,1.4636,7.5832,10.2218,5.3152,3.1506,5.3373,1.3114,4.7688,0.6929,1.9781,0,0,9.1392,2.9174,2.0596,0,0,0.6228,7.7088,4.5144,9.2182,11.4092,6.1992,8.7207,8.9367,9.5732,7.4151,0,1.435,5.6186,6.6521,0,2.2335,9.4006,1.2488,2.1136,4.4037,6.6517,0,0,2.1241,7.3592,0.6713,7.9173,9.0304,8.2669,9.8002,9.0038,6.3071,3.361,7.3983,9.0299,8.8215,1.0874,1.6514,10.4553,0,2.143,4.0357,0,2.7034,0.6265,5.843,4.0254,4.6297,0.6242,8.9639,12.0163,0.7112,1.6452,1.4768,9.6318
"RHBG",7.8853,2.3881,8.065,5.4279,1.0597,3.7682,5.8973,9.3735,2.9149,2.443,10.5135,3.264,11.5365,1.4379,3.1137,7.1208,10.7673,8.6847,0.9802,5.8394,6.0677,11.747,5.8012,1.4862,3.9594,11.9819,0,3.4839,11.7071,2.5108,4.4135,10.8829,5.6753,5.271,11.6004,2.6384,9.2766,1.8422,0,12.1652,8.7182,9.6688,2.2389,2.3375,2.5437,7.3895,5.3609,5.7923,6.0332,6.4587,4.4498,0,1.8953,2.9901,11.9748,12.6338,12.0165,3.58,4.8394,5.3,2.9123,3.3752,8.0362,2.5465,1.4771,3.2887,11.9918,14.3535,9.7008,10.8848,7.7115,7.7187,7.6432,7.7518,5.6539,12.0476,4.1658,2.5454,7.5195,9.4865,11.9919,2.7931,12.7583,9.7016,7.1077,5.1104,1.6657,8.8808,10.7538,8.1092,13.5444,0.4687,6.0391,10.3943,8.2812,2.5306,11.2525,7.4182,5.5402,0.8145,8.9061,11.636,7.1764,2.7703,2.3534,6.7494,1.6184,5.0586,6.6493,6.954,12.0408,1.1031,2.3049,1.7517,6.8033,1.4085,3.6773,11.3503,5.1983,12.8094,3.7331,3.8344,7.948,4.7689,7.9368,3.5043,4.164,5.3057,4.2154,12.5249,0,0,7.6599,9.1579,1.7169,4.6905,11.8764,7.5732,7.1155,1.5273,11.7213,1.9336,9.7768,1.983,9.9384,5.2254,11.9512,1.6261,14.0148,1.465,5.8871,8.638,6.3999,3.9637,11.7267,6.868,0,5.1757,13.4673,9.6166,6.0073,9.055,12.9743,12.6002,11.7267,7.7323,9.1718,10.4528,12.2935,6.8842,3.3964,11.0668,2.6206,9.8135,0,2.7777,4.3304,2.6267,5.49,4.2781,1.9264,8.0371,4.6778,9.5887,0.7168,5.8841,9.1079,9.0932,3.9671,6.6745,4.0759,3.9806,4.5343,7.6951,11.7609,8.291,10.9399,3.4136,11.9688,6.4257,2.6218,0,7.0112,11.3465,3.97,7.3706,2.8951,1.3803,8.0985,2.3257,3.0007,4.3334,11.21,12.3473,7.7309,8.9435,12.4538,8.1565,3.5848,11.6321,6.956,3.9696,7.4579,6.1624,8.6268,6.051,5.37,5.4534,2.927,12.8714,12.6197,11.318,6.2889,7.239,3.6864,11.5908,5.9651,6.9055,3.4869,4.0611,12.3177,9.4796,0,11.834,11.8015,4.0068,6.8846,13.0849,3.4969,1.1383,3.058,9.5794,2.9173,11.7738,4.8239,7.8553,11.5742,3.1977,7.4782,12.8727,0,2.4633,0,0.8844,3.9411,1.9616,8.0524,6.0679,11.1278,9.3263,9.4028,3.9998,10.6034,6.4351,6.5497,0,8.5767,10.9404,5.0681,2.231,13.0381,7.3634,2.7069,10.3282,4.4157,1.6413,3.3448,0,6.2956,9.34,1.9377,11.0948,2.2171,11.3729,8.5972,0.7043,5.6789,1.1257,7.1291,5.764,8.911,8.7527,4.2202,4.4786,12.3144,6.7242,0.6287,5.0306,6.0061,3.3381,3.0033,4.2461,1.0654,5.0406,3.6843,5.0335,6.067,4.8703,3.2796,8.747,4.6698,1.435,8.3541,5.0956,1.3412,7.3634,11.2256,5.089,5.8884,9.5475,8.5904,3.9582,8.8926,9.5077,0,1.7527,9.6294,0,7.3119,6.3081,3.6087,10.172,1.9346,9.0375,4.1042,10.346,7.1458,0.8926,4.5703,13.941,10.4532,12.2481,9.9604,3.4126,13.7819,0,12.6306,5.0984,6.2112,0,9.979,14.1109,6.1686,2.1912,2.0478
"C5orf27",6.1513,5.0921,6.0105,9.7152,2.2617,9.7661,2.2451,4.6328,10.2152,10.3929,2.239,4.0268,3.5094,11.6077,9.4082,0.5891,11.6085,3.5578,14.167,5.9229,2.3059,4.2664,4.8406,3.4865,2.8452,12.9142,2.0082,11.8843,3.4327,10.9523,12.0465,11.6809,1.7758,1.5585,2.2288,10.1636,11.6709,4.8798,4.2362,5.2138,10.1962,6.8082,8.3561,11.4762,2.5437,10.1768,10.8635,4.7183,2.978,9.6727,3.7562,11.04,7.6075,4.2234,11.8811,3.8264,1.1106,3.9885,5.6908,9.4841,10.6395,10.7337,13.9638,8.3344,10.2105,9.0273,3.3679,11.4564,7.0978,2.1418,4.5711,7.505,11.1775,3.8414,1.9037,13.7023,2.1916,6.9543,1.6735,3.5773,2.9967,2.7931,4.0671,9.2883,11.0339,4.4899,12.0252,7.6599,3.8557,5.7551,9.7884,3.6457,3.2748,1.7617,8.2892,6.8107,11.7843,5.7598,7.738,6.9881,11.4148,4.381,4.7233,12.5053,1.9767,5.212,5.8172,5.3774,13.101,9.6739,5.2519,2.4835,3.8593,11.6554,11.6865,3.8316,9.9666,1.8823,3.0255,4.3773,10.9055,3.558,2.4248,7.877,1.3757,6.9012,6.8725,0.9649,11.5562,6.1306,5.4779,1.5076,5.3273,2.2189,8.9259,11.6386,3.9809,12.1203,3.1124,11.0772,2.1948,7.3576,10.3059,4.3359,4.4903,0.7329,4.2532,6.7074,12.5649,5.4051,1.7507,5.0629,1.9189,11.3741,3.6557,6.0937,7.1353,2.6217,5.6019,1.304,6.1529,1.0322,11.5695,11.1626,12.9517,11.005,10.5619,10.8944,4.5413,10.9257,7.488,0.664,11.5077,2.1794,7.1878,11.7128,11.8321,3.3909,9.4278,3.3507,0.4856,7.2751,6.8878,10.981,12.8116,6.1829,1.8056,4.0288,8.5874,11.2243,11.1237,8.183,4.4358,3.3434,3.7916,10.6905,12.3998,12.5206,5.3813,6.0318,2.868,3.4343,8.6283,2.7014,7.12,4.6637,12.9466,7.6395,2.6326,11.9395,10.2347,1.6456,13.2125,10.0149,2.4974,10.2426,3.8648,2.4126,2.2936,10.7193,11.9509,10.5375,7.1947,8.1622,11.9351,7.6393,5.37,1.6677,4.2183,2.7653,11.9317,11.437,2.3226,5.2615,4.6292,2.9692,11.5826,12.7413,4.2657,2.7975,3.5797,0.9133,1.6595,10.1126,12.7533,1.9034,4.7762,5.4511,9.2991,3.9462,2.4619,4.3366,7.3692,13.2987,2.6925,3.9584,2.7383,3.4675,11.1834,10.5881,12.4455,3.5278,4.5443,12.2569,8.278,1.2912,3.6526,2.4847,4.3398,4.5216,5.2353,2.0751,2.61,6.9078,10.5928,6.3538,9.2077,2.2868,6.2302,4.0619,9.009,6.8514,10.7531,3.6462,1.6514,1.9882,9.3873,5.7194,11.422,4.417,6.9169,10.9811,7.8341,3.9131,11.6116,3.6957,11.7984,10.7738,9.2009,11.1129,8.5219,9.9064,5.8292,11.5684,11.614,7.9894,0.6287,2.9947,10.2583,12.3062,5.5005,6.5449,2.565,9.0478,1.2766,4.4853,0.608,10.5054,9.7382,2.8834,4.7058,6.2952,1.3929,3.7591,12.4884,4.5371,3.5523,1.908,2.3673,8.92,9.0012,12.8768,11.7247,2.8169,12.1999,0.6713,5.8543,11.4085,11.0815,3.0592,11.3998,5.3252,1.7737,9.7543,11.9637,14.6098,10.5609,0.5143,9.6964,5.2198,10.9661,2.1996,10.6323,11.6452,3.195,3.2302,5.3713,3.0227,5.5717,6.6268,4.1457,12.6956,5.722,10.602,11.7386
"AGR2",2.3036,6.0373,0.8347,0.5688,6.3634,3.0025,0,1.5259,1.9662,0.6366,0.551,0,2.8545,7.6549,1.1229,0.5891,0,0.9853,6.5899,0,1.5716,0.6509,8.8815,14.8726,9.5058,1.4246,0,11.6883,0,4.0587,1.3804,0,0,4.8195,0,2.6384,0,12.8451,0,0,3.2878,0,0,8.3577,9.078,4.2167,0.8495,0,0,4.517,0,6.9242,13.2764,0,1.5898,3.5059,0,0.4765,0,0.9708,1.2051,0.833,0,14.1843,4.699,0,0.6625,0,11.719,5.6083,12.2627,2.7657,0,8.999,9.5952,0,2.1916,3.6722,13.5084,0,0,7.6797,1.6731,3.5071,4.0329,0.5334,3.5685,5.7689,0,4.2862,2.3711,13.0465,2.117,0,1.7249,1.242,0,0,0.5197,7.7274,0,0.482,8.8161,0,1.7436,0,3.9535,0,0,9.114,1.0428,0.6545,11.4671,2.7905,0,1.4085,4.0403,2.4057,3.3956,0,0,0,5.8056,2.1459,7.8744,4.8217,2.277,4.0624,0.6836,3.5941,0,5.1145,8.0371,4.7607,13.8602,6.9009,0,3.6417,0.7114,0,0,11.0499,4.5867,3.1892,0,9.0434,9.407,6.6486,0,0,0.5588,0,6.004,9.4157,3.2386,1.743,0,3.0052,3.8496,0.575,1.1646,0,0,3.9603,1.3315,0,6.2086,0,4.105,4.4949,7.7616,5.5954,0,9.7753,1.7488,2.1201,0,0,0,0.4371,0,0,0,6.3769,10.0325,8.171,0,0,0,2.4848,3.1141,12.0339,9.2001,0,0,2.6795,0,0,1.3152,0.9514,6.6033,0.726,8.1213,3.2105,5.6604,0.6725,0,15.166,8.8042,2.5889,2.3791,1.8722,0,0.5582,1.2595,0,6.9675,2.4126,11.1817,0,0,3.3692,10.8694,0,10.3164,6.2274,4.0405,0,1.4067,0,0.8324,0,1.1,7.0621,0,0,0,0.7649,1.6727,5.9194,0,0.9133,9.5386,0,0,0,0,0,8.3759,3.1388,14.1827,4.7583,0.9533,0,11.7515,9.6063,0,0,0,0,0,0,0,0,0,10.7993,0.9188,0,0.5668,3.9274,5.1574,12.2327,0,0,3.4271,1.8649,3.2104,0,2.1266,0.9438,0,9.8597,1.6352,0,9.3029,0,1.8548,0,2.8324,7.0713,7.5891,0,0,0,5.6532,13.0631,0,8.026,0.9896,5.7038,7.1402,4.8758,5.7127,0,0,7.513,8.4172,1.8217,6.0738,0,0,0,4.2082,0.8795,10.3008,5.7771,6.6372,0.7028,6.0828,0,0,0.8891,0,0,0,9.6312,2.918,1.908,3.8391,1.4748,9.8106,1.3397,2.3748,5.3685,0.9235,1.4738,0,0,4.454,8.513,1.7369,5.8446,0.4887,7.6668,0,3.0295,0,8.1761,9.5851,1.8694,0,0,0,5.5809,2.0919,2.4785,0,2.3666,9.1847,0,0.6947,0,1.6452,9.2621,1.3603
"COL2A1",2.7031,0,0.8347,0.5688,0.3461,0,0.5014,0.7019,0,0,1.2601,0.5637,1.9146,0.6505,0,0.5891,0,4.142,0,8.4947,1.7931,0,7.5798,12.4636,0,0,2.0082,1.603,5.5579,0,11.7778,0,0.4895,0,1.3074,3.8797,0.6786,0,0,1.2148,2.2501,0,1.6926,7.3016,0,3.2224,2.073,11.7403,0,1.5245,13.2777,0.6774,4.8632,0.7061,0,2.5133,13.598,3.0081,3.1168,0,7.1275,0,0.7795,0.911,7.8746,4.2737,0.6625,2.1935,7.3372,5.2684,2.6186,2.1093,5.669,10.3628,1.6117,2.8419,9.3727,0.758,13.0352,3.4018,0.6616,8.0592,8.4636,0,0,0,0.6259,1.3471,1.2312,12.969,2.553,2.4871,1.2235,0.676,0,0,0,0,0,1.332,1.6717,0,10.4235,1.2961,0.6665,4.8998,0,3.1054,0,0,0.6136,0,1.7015,0,1.8316,12.3339,0.8586,0.6204,7.8368,0.9921,0,1.802,2.7264,0,9.0685,6.1028,0,4.9755,0,0.7238,0.5592,0.5468,3.0968,12.6927,0,0,0,0,0,0.5564,10.8174,0,0,3.1892,9.0383,0,0.6006,0.5032,0,0,0.5588,14.5568,0,3.4952,2.0582,2.2964,0,13.4181,0,10.5588,3.8736,4.487,0,0.5872,0.8142,4.6064,7.5206,0,2.7382,0,0,10.9222,2.2032,14.8298,0,2.7777,0.9023,2.1541,0.7362,1.7979,0.4856,1.9567,0.8427,0,3.3232,8.5183,9.2447,0,0,0,2.6939,0,9.6465,6.9886,0,0,12.4354,0.6812,0,4.429,3.8252,0,0,2.927,0,0.6725,1.8382,0,1.2019,1.5881,0,3.9911,0.556,0,0.5506,10.5946,1.6018,4.0121,0,0,0,0,1.0606,0.6722,0,1.7926,0,0,6.7297,4.9066,0.8324,0.6389,0.6524,10.4799,4.3526,1.2426,0.65,0,0,0,5.1842,3.0121,12.1506,0,6.8653,0.5428,5.6346,0,4.2964,0,0,13.2001,0.554,2.823,1.6717,6.1059,0,0.7038,1.3234,3.1586,0,0,13.3733,0,0,0.7855,0,0,9.6565,0,0,9.0401,9.5337,4.7365,11.5432,9.2053,0,1.9671,0,0,2.6067,3.3869,0,6.7568,0,6.5586,6.025,0,1.6045,2.2542,0,0,0,0,0,1.5301,0,0.8383,1.5711,0,1.4013,0,6.6363,1.3994,10.3453,1.5779,1.8996,0,0,0,0.6228,1.3207,1.4,0.8795,0,0.7573,12.9507,0.7028,1.112,3.9101,12.766,0,14.0998,0,0.8212,4.2019,0,2.9786,1.4135,4.1381,0,0,0.6764,1.2288,0,0,1.9288,0,0,1.7845,1.7369,10.8824,8.6475,8.7811,0.8895,0.6755,0,0,4.9905,0,0,3.0333,8.1893,0.7563,1.3959,0,9.6578,14.3728,0.6242,0,1.5138,0,1.2742,0,0
"SLC22A12",3.2722,2.1586,1.1212,2.8646,0.3461,10.9111,0,4.5959,2.606,1.6865,2.3745,0.9681,6.6542,5.5764,4.3108,0,0,2.5603,3.8697,3.0682,0,5.4702,8.326,0.6785,1.2961,8.4752,0,0.594,9.8177,0,1.3804,9.513,0,1.5585,4.7448,0.7253,0.6786,3.8654,0,6.9629,8.4986,2.7307,0,0.7448,1.3842,4.8926,6.9223,2.5482,0,0.701,0,0,3.6765,2.0556,6.1364,7.3979,0.6597,0.4765,0.8217,4.4672,3.7678,8.7971,1.2827,0.911,7.1123,0,10.5073,8.7739,3.5356,7.755,2.5296,3.7474,9.1664,2.4098,0,8.0039,0,9.4619,2.4275,0,9.7102,0,8.0259,7.6887,2.72,5.9292,0.6259,7.3498,4.4959,0,13.3945,0.822,5.6554,0.676,1.7249,0,12.4912,6.6092,1.2023,7.4678,6.8551,10.6639,2.4383,0,0.6665,1.7674,6.0715,0,0,5.9733,8.6463,2.6245,0,0,8.2792,0,0,8.4051,1.5384,8.0011,5.9353,0,0,2.477,1.7623,0.9566,6.4201,2.1149,8.2822,7.304,0,0.5468,8.9528,2.7536,2.3553,0,4.6701,3.1758,0,0,8.5665,7.7082,14.0003,2.4409,3.0283,0,5.1534,5.6629,9.1484,8.8192,0.5588,2.0631,0,0,7.6002,8.8635,1.407,0.5544,7.7321,0.575,4.8855,0,1.5011,8.1789,8.3734,7.9211,7.0996,10.3154,8.8495,1.4101,9.7609,2.3482,11.5445,0.6675,11.1568,2.3741,0.5205,0,2.114,0.7721,0,7.9524,0,5.8204,0,0,0,8.1542,0,6.9585,0,4.9341,5.4783,4.1034,8.3743,8.5881,10.3753,2.0063,9.879,0,3.8823,0,4.3335,2.2789,8.3522,8.8914,0,7.4672,0,0,0,0,6.1414,10.2226,2.908,0,7.5771,0,0.4381,4.8806,2.3814,1.2224,8.5064,0,5.5499,5.8188,11.1509,0,2.4339,11.4399,12.6077,12.4048,0,3.2806,4.6292,5.2437,0,6.0452,7.0235,4.237,12.2549,0,0,7.792,8.7198,0,3.3328,10.798,3.8585,0,0.645,5.0246,2.2465,4.4768,3.0186,1.885,10.1862,5.8479,9.3529,9.1739,0,8.6833,1.1639,0,0,0,0,0,0,0,0,0,7.9494,5.6537,0.9823,0,6.1945,0,4.8041,0,12.7596,2.5186,14.2974,1.7243,2.5405,0,8.0728,0,6.0511,6.9621,10.2506,9.4,1.902,12.6514,1.4765,2.4344,6.3784,5.3222,8.6987,9.2941,0,8.3887,1.3044,1.3994,8.7501,5.8599,1.3998,0.7081,0,0,0,0,7.8416,0,0,4.8384,0,7.4029,2.4972,6.9331,4.0949,0,3.0277,6.7641,0,6.2994,7.4271,1.908,4.39,8.9271,8.8804,0,4.1495,3.0687,0,0,7.446,1.4789,10.3986,3.1613,0,1.3944,2.642,3.7466,7.7016,3.1313,2.4593,0,6.6253,9.6274,8.2531,8.6191,8.5246,2.7034,8.1923,0,10.3089,0,3.2724,0,4.0944,5.2463,6.3172,7.6134,0
"RELN",9.6541,6.7397,4.829,8.9596,7.8461,5.8879,6.8388,11.8673,8.358,3.4574,12.8179,3.1903,14.0639,11.1471,4.1285,10.7441,10.1355,11.9198,2.7733,8.4992,13.0833,11.2071,10.9744,3.6334,8.0686,10.0808,4.0484,1.8266,12.9697,10.3872,2.6656,9.4279,12.2487,5.0346,14.0162,3.0333,11.1656,11.5403,8.4929,0,5.1216,8.1754,3.0774,9.4726,10.4516,11.797,10.2364,3.0008,5.0736,0,0,2.8058,12.802,10.3821,2.591,13.3821,14.2365,12.317,3.1168,4.3362,7.2062,8.4715,7.6554,9.1111,3.126,3.1659,12.2186,9.8436,6.3924,10.9758,4.1009,5.9029,9.3961,7.014,5.5522,10.888,11.0453,8.9355,10.3869,10.7676,10.5561,12.0271,11.4827,11.092,7.5238,2.5656,7.2836,11.4017,10.6923,10.7233,12.4974,9.7348,9.1201,9.962,10.5619,3.8042,11.7497,1.6992,7.4752,10.2673,10.3006,13.1931,4.8392,8.6248,3.3778,5.7085,9.0694,5.6198,6.2738,12.1766,11.7624,8.6541,4.4485,2.5198,9.7006,1.4085,11.1101,12.8278,6.4142,12.6038,5.4714,7.6256,10.4218,3.4953,10.9174,10.0217,8.8295,13.5072,9.2225,11.3562,2.8392,3.89,8.7258,13.0777,12.2892,9.7006,11.4714,9.742,6.6862,6.3314,13.0002,11.1776,11.5707,1.6847,16.1401,2.8658,12.2778,1.1713,9.2878,3.0076,0.5588,7.8287,13.4728,2.6799,13.9496,9.9717,4.4902,9.301,10.046,13.0975,5.2098,0.6064,5.2095,8.6064,7.9242,10.7906,11.7659,11.6778,11.7898,10.0493,9.2991,12.9884,2.0321,12.8907,11.6477,4.1486,10.8552,4.2568,1.8731,10.2203,2.0708,10.2676,3.282,10.4395,8.4262,8.9426,10.3402,8.6475,5.755,12.3247,10.3584,10.7034,3.3469,6.627,12.9182,10.1189,8.5464,3.1449,2.7977,7.1778,5.0725,3.5191,9.943,10.88,9.6362,6.7213,7.6296,12.9855,11.9228,6.027,7.5759,11.3314,9.4651,10.9122,11.9148,7.7059,10.7681,8.1007,10.899,12.6715,11.1594,10.0958,7.8996,13.1664,9.5228,9.9402,9.0045,12.9382,5.8365,11.486,10.6266,8.2296,7.9936,5.1895,2.4108,14.1144,9.9432,9.9377,2.2163,10.412,11.5939,11.55,8.8948,11.1394,9.57,10.7011,12.228,8.3796,11.4842,0,9.5081,13.6687,5.4618,7.1617,11.1032,8.2746,8.1357,11.6697,11.0969,5.3044,3.7274,0,2.576,7.4254,1.2051,8.4975,12.3195,10.8924,8.6227,1.1968,10.8932,8.1623,15.0057,8.8626,12.1189,0.4621,6.3668,5.8147,9.447,3.595,4.1214,12.084,10.4633,12.6797,12.4388,1.1838,5.5882,2.0405,8.7399,8.8153,1.9377,9.6186,1.4981,12.5663,8.5454,12.2512,9.3531,1.1257,9.4076,7.8998,11.7823,4.7158,0.7949,4.0497,10.6474,10.6894,5.725,11.7562,4.9222,7.5835,8.3392,1.5837,4.9565,9.0862,9.2636,7.445,11.1079,2.5902,4.06,7.9571,7.4384,0.8891,11.5998,10.9421,12.1483,8.0357,12.3833,2.8468,12.8714,11.23,10.934,4.3317,10.7496,3.6348,3.5558,4.2756,11.2089,11.1111,11.5975,4.6345,1.9259,10.6981,1.1439,11.9064,8.4949,2.8014,1.7003,3.5493,9.3538,2.8464,11.8702,6.6523,6.6888,1.6171,10.7308,2.8273,11.5285,5.3076,11.1253,2.8738,0.6947,6.8542,10.5098,7.5769,4.8685
"UGT3A1",11.9695,12.3808,4.638,12.4564,11.4216,9.2118,4.7647,8.0891,9.821,11.4165,0.551,12.111,11.0122,13.291,8.9721,2.5952,2.4821,10.0932,10.0128,8.7578,10.5312,1.9451,10.3636,9.711,5.6157,6.8311,0.8982,9.6259,11.6016,12.2944,9.3273,8.8015,0.4895,8.2441,10.3675,10.3714,10.8964,8.2821,11.6096,0,10.3023,0,12.5363,6.9617,9.2172,10.6915,12.2061,9.6945,6.5525,9.7087,11.0134,10.7333,9.2031,11.7665,0,7.499,8.8977,3.3776,11.5916,12.1931,11.3227,11.0856,5.6357,8.6947,4.1415,7.6806,10.7634,11.5666,11.4446,12.2462,11.028,7.0882,12.5738,9.1855,7.7563,11.1092,4.5424,10.8015,7.7955,7.9001,5.8728,0,11.8923,7.652,5.5144,11.4668,12.6202,11.0114,6.8608,7.3816,11.8016,9.2266,11.6837,0,11.4266,7.5808,11.6507,7.7498,6.9611,9.0202,7.0462,9.9685,10.5308,9.9192,1.1206,3.2951,13.4272,11.8021,11.1614,12.3882,11.5666,0,0.6444,9.4451,12.0425,10.554,13.0555,10.5633,11.753,7.836,6.8444,10.88,10.2835,11.2302,0.8459,11.3365,11.1798,6.5807,11.6979,0,11.3318,0.5468,10.83,9.9422,3.7875,8.9087,12.4446,11.7533,4.5816,11.2624,1.1328,10.9493,9.3311,9.6488,2.5743,12.9534,10.3804,12.2552,10.2121,1.8643,5.4764,5.3141,9.9805,11.1559,11.1558,9.9085,11.6129,11.0945,0,3.6728,10.4894,8.9042,0,9.9134,9.7421,9.0376,9.4072,11.2524,7.9097,8.5033,11.8085,10.2046,9.0069,8.0822,11.7743,12.0075,10.585,12.738,11.3952,6.7673,0.4856,9.0781,1.3712,9.0069,1.5511,9.7994,4.2707,2.5456,8.845,11.7405,12.0504,13.01,11.3219,9.7873,9.961,7.4979,11.1943,12.1338,0,7.9675,9.0317,8.4278,11.253,0.6326,6.2834,9.5481,12.1706,10.3734,5.2254,11.3062,11.141,2.9852,0.556,8.9448,11.2856,11.2526,0.7471,0,11.6167,0,11.7929,11.4365,11.3666,8.1741,8.7134,13.5619,9.1069,0,6.637,10.5956,8.4638,2.1186,1.1,7.9075,6.6942,11.9253,10.6921,10.5783,12.3795,2.9056,8.7838,0,5.0611,10.5785,12.753,7.5604,7.8785,5.4258,13.1178,9.6862,10.7456,4.6442,13.1421,0,1.6717,9.4694,11.5878,8.7811,10.767,11.1841,5.3683,12.4794,4.3821,10.5288,4.5356,8.5004,1.4756,11.3649,9.7155,4.8144,11.3174,11.8094,1.0938,9.0903,12.1455,12.8135,7.9401,11.0599,12.2433,1.5096,11.7914,9.5256,12.2329,7.7501,11.5155,11.8538,9.1751,11.1885,11.6346,12.5713,8.936,9.2334,9.7778,9.253,7.048,6.3044,11.2469,11.6372,11.2147,11.6386,11.9764,9.3984,5.1514,1.3994,7.4883,10.5188,6.6885,5.1121,7.3215,10.3426,7.1211,11.9027,11.3897,9.5133,9.5115,10.5113,7.7888,10.01,11.6281,10.9492,11.8282,7.984,12.772,3.3003,11.3421,9.6672,12.0107,9.2365,5.7165,11.5853,9.5383,12.6192,8.9125,4.8009,12.5274,1.4738,7.1788,10.9256,12.4599,11.1716,11.3609,12.5485,3.3032,7.5862,11.1909,7.7466,0,1.4399,11.7979,10.2166,12.1565,1.8346,11.3143,10.4808,8.5409,10.7454,10.6002,7.2123,0,11.2271,0,11.8676,12.1281,4.771,7.6943
"BPIL1",4.8359,0.4699,0,0,0,3.9754,0,2.8611,0,0,10.8931,0,11.2362,4.8251,7.6186,3.0983,1.7197,4.2938,0,6.2154,8.038,1.0978,7.4062,14.0099,6.1691,1.6986,0.8982,11.1764,6.5951,1.0316,1.6498,0,7.9345,0,8.8856,1.5656,1.4864,0.7193,0,0.5265,4.4783,1.9332,0,6.1276,12.8159,4.2868,0.8495,5.8741,2.6227,1.1707,10.4493,1.1365,11.6297,2.7404,0,7.8623,0,7.5612,0.8217,0,0.5213,4.8644,0,1.6785,0.6732,0,1.1147,1.6528,3.8023,1.6078,0.4513,0.8708,5.1811,1.5661,11.0055,1.6119,9.2083,4.6145,13.5082,10.556,0,0,5.4849,7.4008,2.72,0,0,11.2902,1.2312,4.6668,0,6.1074,4.7568,0,2.3319,0,1.9652,1.6992,0,4.8234,1.6717,0.8427,8.3579,3.5749,0.6665,7.0922,6.5006,0,0,7.8465,3.2451,10.3507,2.3049,0,4.7329,1.4085,10.3455,0,7.9014,7.873,0,7.6615,8.5408,4.8281,2.7185,8.7449,3.4597,4.862,2.213,0,0,0,3.664,11.486,7.8467,7.0302,0,2.152,9.2519,0,0,4.1174,1.4474,6.295,1.4071,0,0,4.7483,2.6682,0,0.9606,9.4624,0.8437,9.2979,7.6002,8.2837,1.407,13.1129,0,9.744,4.5832,9.7038,0,0,2.0119,1.2724,11.2087,10.2663,0.4908,7.3428,0,8.6573,1.3477,13.52,2.0523,8.551,1.2038,0,2.5009,7.0282,0,1.9567,0,4.1974,7.9014,10.0171,4.6981,0,0,0,3.02,2.4192,11.4441,2.8747,1.0501,2.1306,6.284,2.3853,0,10.9373,5.8649,6.1493,0,6.1919,0,4.6295,0.7171,10.9323,8.8456,7.3445,0,2.0681,1.2694,0,4.3587,5.0818,8.8904,0.6234,0.7737,0,2.0559,5.9619,4.018,9.1016,2.6074,1.5101,0,8.4182,8.6441,5.2375,0,0,9.1718,14.1162,4.4269,0,0,2.5595,0,6.652,0.583,10.6366,1.6595,0,3.4104,8.368,8.3993,0,1.8369,0,1.933,7.0593,0.554,0,4.9819,8.9115,3.5581,2.8656,5.3512,0,0.5947,0,2.2394,0.8844,0,0,3.7513,0,1.7682,5.6836,2.3116,5.1625,0,1.8606,7.0199,2.7361,0,7.5031,0,4.1396,1.7061,13.8299,1.3673,12.8623,0.6185,0.8858,6.2401,0,6.3142,4.467,2.2553,0,0.9354,1.2132,1.7558,1.8145,2.0158,0.4792,3.6813,4.6269,5.1033,6.9506,0.7949,0.8631,0,0.9947,0,5.827,3.7383,1.097,0,4.1274,6.9661,0,6.9354,4.0769,6.8089,1.5277,0.6606,8.5743,7.4491,1.8302,6.5796,4.9309,0,0,3.1293,10.9303,10.1558,6.7277,4.7717,0,1.4825,11.2601,0,1.4738,6.6126,1.7583,0,2.4002,0,5.7164,0,10.0238,0.8895,1.4809,6.1672,0.5143,6.7015,0,3.9295,1.0191,0,2.1525,0,4.8298,10.235,11.8714,9.8375,0,6.6163,0,6.0806,0.5319,0
"NTS",7.2195,3.121,0.8347,5.5668,11.409,5.8707,5.6689,1.5259,16.4511,2.8282,2.8168,0,2.7093,0,1.1229,7.8764,0,0,1.9702,4.3847,1.985,1.0978,3.0087,1.4862,11.0727,0,4.1218,0.594,2.1565,5.8427,0,0,1.1454,3.8697,2.933,4.27,7.4625,10.5111,3.7458,0,2.0465,0.6451,2.9443,2.6793,15.0735,1.9175,5.0123,0.6218,2.1504,2.5861,1.8083,4.6071,5.6426,4.1738,1.0036,4.2399,0,2.8604,2.2742,4.1921,5.1626,2.2948,1.2827,3.8284,3.6884,0,0,4.1244,2.1801,4.8742,1.504,16.3071,2.0149,10.5275,4.0071,0.7532,2.1916,12.4612,11.7687,0.7515,0,14.4339,2.5401,2.0395,2.9974,0.5334,3.9187,3.0366,0.7432,8.6125,3.4246,12.3825,7.2719,1.7617,8.6032,0,4.292,0,5.593,14.1351,2.4255,0.482,9.4338,0,0.6665,1.7674,3.9045,0.7083,4.4701,4.2074,4.4727,8.6375,5.5425,3.6823,2.6132,1.4085,5.3524,1.3852,8.02,4.0726,2.4675,0,4.733,0,3.0316,2.5118,1.3441,9.8486,5.1015,0,4.6794,6.7352,5.0566,1.3599,15.3446,1.7664,1.4364,2.7529,0,5.7343,1.7594,16.4382,1.9555,0.7977,9.9791,8.1515,7.9678,7.8619,0,0,0.5588,0,6.099,0,1.0391,3.2641,0,0.954,2.8275,0.9851,2.0371,11.2645,0,2.3271,1.7115,1.6432,4.1853,3.019,2.9036,5.8278,13.4487,0,0,5.3781,3.3845,1.4188,0.5205,0.5174,0.7362,1.4696,1.5853,2.6293,0,0,1.8375,5.9861,0.8733,2.5456,2.4707,0.8207,4.9834,15.0802,1.3386,2.1761,2.8922,6.0564,0,0.6812,3.1599,6.0923,2.7501,0.726,7.6123,2.4339,7.1766,1.9888,0.7171,6.2993,2.6326,0,4.5917,11.1651,1.2694,0.9596,0.9482,0,6.0909,2.0852,15.3569,0.8774,2.0559,5.6147,6.79,4.2778,2.1909,2.8401,0.8942,1.6677,12.0986,2.2827,4.1838,1.0801,10.4839,5.3523,1.6594,1.2426,1.7122,0,0,6.8545,2.3173,0,10.3887,1.4847,0,0.9364,3.9094,0.8184,4.2964,0,15.2106,8.2024,0.9533,2.3933,14.7168,8.3623,0,4.4007,2.4615,0,1.6045,0,1.7997,0,3.3418,2.7633,13.2867,3.3497,2.6539,2.625,7.6238,16.2995,4.0281,6.3905,0,0,1.6154,1.5558,2.9512,0,0.6468,0,0,3.2691,2.4013,2.2676,2.6402,0,2.3453,4.3651,3.0958,1.7235,3.3397,1.2132,1.9896,3.8294,2.4767,0.8383,0,2.445,12.1626,3.6683,0,0,0,1.7998,17.3304,6.5472,7.7721,4.0337,3.1856,1.9985,3.5086,7.5885,9.5439,2.8505,4.0179,3.4652,3.2796,0,2.8943,0.8891,0.4062,0,5.9264,0,0,1.2488,10.0758,2.1886,2.1481,0,2.5322,3.0687,0,2.1875,4.3184,0,4.5815,8.1896,0.9511,0,2.642,1.9109,0,7.8879,0,6.5068,4.8636,0,0,0,0.6208,0.7563,3.195,0.8174,0,3.472,1.0585,0,0.6947,0,3.3535,0,6.5344
"GCGR",9.7758,6.7188,10.2699,11.5884,0.3461,1.9281,6.0589,5.6034,9.6963,9.7542,8.914,11.3369,2.1579,8.2211,2.3568,3.4706,10.3636,10.969,0.9802,10.1589,0,1.0978,2.4162,6.6708,5.0454,5.0198,0,8.818,1.4484,11.3301,11.2112,11.1598,6.0717,4.2599,6.2239,9.1599,11.3667,6.1059,12.5626,10.5635,8.9963,6.7337,11.1903,11.2879,3.4144,8.6804,8.9882,11.2771,12.74,8.399,7.992,11.8501,5.3854,9.6479,3.1764,4.3101,8.8906,6.2358,5.327,11.4015,9.7622,6.2182,11.8653,8.5564,11.3377,11.8825,1.736,6.8679,6.5727,1.242,3.0609,8.265,4.0717,3.5827,7.2394,0.7532,7.9496,7.5028,1.2986,6.9386,2.3428,2.3651,5.1355,8.827,10.357,1.2276,11.2063,7.5532,10.7938,8.6733,9.6227,6.6333,5.8516,5.6951,10.6587,12.5746,8.925,9.9455,7.4503,4.6159,10.2956,8.016,8.3676,7.7084,0,8.6414,11.1811,11.0096,12.2795,4.0984,11.9575,9.1545,11.6284,10.6747,7.8458,11.2487,6.9987,10.1826,7.4846,7.1642,7.9817,4.7829,9.1744,9.8899,4.6849,9.181,6.053,5.1403,7.9452,5.6587,9.3615,1.5076,6.5503,8.3594,0.9373,8.1149,7.2346,7.2422,3.565,11.8225,11.0891,7.8595,5.5206,9.2737,5.9698,0.7329,10.58,1.1713,10.0337,0.911,7.8303,11.8444,8.1891,10.2956,7.9896,8.0353,11.0862,9.2409,12.2646,9.8108,3.8112,9.9238,3.5076,2.3271,8.6157,10.4102,8.9525,7.481,0.4908,10.3661,8.926,7.4138,5.1075,9.0236,2.867,8.1058,11.0209,5.7332,7.8289,8.0108,1.1378,9.9672,8.267,0,11.905,9.7075,9.3349,10.7444,8.1091,3.8101,10.7202,4.4512,1.7197,5.7302,8.3028,10.1398,9.9616,11.4195,2.3129,11.0304,7.5916,11.2106,11.7648,0,6.4924,2.5237,6.1922,0,4.6092,11.877,7.1965,10.1748,0,7.9819,9.1377,11.6032,3.7237,5.0397,8.3424,4.7962,2.0559,10.9903,10.9523,7.182,6.1864,7.0128,12.153,7.4163,9.0087,8.5496,5.6713,3.1374,11.251,6.0391,4.3526,5.7983,10.3083,9.7265,11.7559,0.624,0.9971,4.1525,3.6864,5.2769,7.0374,10.6597,6.1013,12.329,9.4632,11.5561,1.0891,7.7108,1.7402,8.4045,2.4254,6.4726,0,1.1749,9.5334,0,11.1422,2.0035,11.4018,11.2731,12.8463,6.766,11.34,5.518,12.2536,11.1657,10.8682,0,10.4885,10.7006,7.7261,11.7087,9.3852,1.5558,9.5714,0.9438,11.0939,8.1298,6.1289,6.9839,0.6185,0,11.8463,12.7837,11.1833,6.0739,11.4433,0,11.4277,10.9081,8.7544,1.5301,11.2089,0.4792,2.4425,9.838,10.3831,1.159,12.0496,11.3482,5.3137,0.9947,5.9456,2.7449,0,11.8887,11.5414,11.4198,0,11.3397,5.5545,3.4146,7.6526,11.5527,6.1195,11.3235,7.1025,12.4316,8.8695,12.1453,9.0207,0.4545,3.9913,9.5223,6.2297,11.035,8.4369,5.687,11.9705,10.9612,11.7088,0.6713,7.7392,1.7583,11.1533,4.6696,10.2042,7.9481,4.8491,6.7076,8.1757,6.0199,12.3156,1.4399,3.7058,6.2346,2.318,1.0191,2.7897,11.1164,8.4383,11.8485,3.1113,8.6528,2.26,12.2702,2.033,0,11.6911,0,3.1436
"LOC255167",9.7925,9.2093,11.7102,12.0863,0.3461,10.308,6.7356,7.6456,11.0728,11.7084,4.4547,12.1954,0,11.5676,10.3774,3.0983,10.2239,5.0587,12.2682,11.5531,6.0571,8.2548,10.9861,8.7393,5.5833,11.6361,0.5178,9.4009,8.2918,11.8123,12.523,8.7425,0.8545,5.3874,4.9988,10.5366,11.8803,5.9637,11.264,10.1828,10.3145,0,8.4845,6.1136,4.4551,11.1819,8.1461,4.1013,8.0683,11.1698,0,11.8722,0.931,10.9111,11.7356,1.9356,6.9864,7.0961,9.1066,9.5109,12.0665,9.1264,13.6981,8.4713,12.737,12.7183,1.4585,9.6646,2.6549,5.4256,3.2949,7.0436,11.1321,3.0792,2.6967,10.1148,0.92,6.5053,0.7907,2.1433,3.5915,0,9.6966,9.9532,8.3877,4.9527,11.2746,10.7092,7.3343,6.4949,9.2907,3.1173,10.7988,3.0308,11.0664,11.573,8.883,7.1403,5.5402,6.4002,11.0374,9.2029,7.0132,11.4543,1.9767,1.3801,10.4003,10.9067,7.9573,7.8038,9.9234,1.4448,7.247,8.3459,10.3526,11.2274,8.0909,10.8504,10.4079,6.508,7.3978,11.1342,7.1314,10.4321,1.7623,8.9148,8.5114,3.3282,10.977,3.876,12.617,0,11.652,4.3074,3.4069,10.5961,11.3609,10.4073,4.3306,12.0018,0.6748,8.176,9.1338,0.7977,3.211,0.9949,9.7448,10.5736,9.9444,1.8643,5.3314,5.337,6.5664,11.3691,8.9034,7.9282,11.5999,10.2307,11.9374,3.2211,11.8212,6.4204,11.7816,10.0233,9.2614,10.2058,8.3188,9.4024,4.4373,10.8808,5.6956,1.9718,9.2893,4.3092,2.303,12.0664,11.0652,11.0911,10.8646,5.6795,0.8482,10.2568,10.2276,7.1739,11.4473,6.9242,1.4135,10.053,7.6247,10.3677,12.0593,6.0304,6.7348,10.2131,10.6166,10.8543,10.0618,12.7221,11.648,5.4578,1.4427,11.4186,10.5648,3.9875,6.0827,7.4314,11.8619,0,2.9073,9.6842,10.4106,4.2143,9.1295,1.5309,7.7866,10.303,3.9304,0,2.1852,10.6488,11.0405,10.5921,5.7311,7.6638,6.8405,9.3491,8.2925,5.2205,5.065,9.411,9.593,9.0536,2.1475,0,7.8647,5.3918,10.9463,10.19,8.976,1.662,8.8799,0,0.6226,10.7581,10.5884,0,9.0674,10.4702,9.5008,13.0923,7.3216,8.0008,11.917,11.4517,2.6925,5.3336,8.9199,9.3344,9.7326,10.6113,11.3883,11.2391,2.2394,12.2902,7.1363,5.9992,9.2465,4.3193,5.3724,11.9491,11.3158,0,0.6482,10.1361,5.0099,12.8943,8.8397,1.9671,10.8935,11.1569,9.9593,8.2601,7.9121,6.2013,5.62,7.2985,6.9992,12.9761,11.6383,10.8785,12.27,10.2405,11.3576,9.6288,9.5074,3.2943,11.9309,7.2508,11.4029,9.9471,11.4667,10.7742,12.0461,13.0127,10.8603,8.5478,3.5082,4.1787,1.3466,12.0724,10.8253,10.4441,1.4,10.8404,4.2494,8.852,1.8563,11.5296,10.3045,9.4169,4.1996,11.2432,1.3929,8.8025,12.2831,0.7996,6.9025,1.6157,1.4135,9.9715,4.089,11.2913,12.2462,9.5406,11.1809,0,9.2925,11.467,9.4359,8.0502,11.986,4.5731,2.0792,8.9657,7.8422,11.3987,11.5073,2.4013,5.8719,8.401,8.9321,3.2038,11.6299,11.8063,10.5739,10.019,6.7978,10.5508,1.0585,11.5311,7.7851,9.104,11.5068,1.8777,12.0189
"CYP17A1",6.1187,10.8964,13.2549,12.454,7.4622,7.7707,2.3203,10.1705,11.2415,6.3044,3.6295,12.5166,8.4652,13.4619,3.1137,2.4695,10.5786,4.8725,9.5137,5.9386,4.0468,6.2025,8.6182,9.9998,6.1452,7.6329,1.8444,7.5224,11.1871,3.9653,8.7431,5.4625,4.3524,2.5566,7.4013,6.9801,5.4092,5.5898,7.7644,5.8272,5.8876,8.6381,7.0277,7.266,7.8734,3.0717,9.8478,5.5642,8.2542,3.4607,12.8182,1.7643,9.8838,7.4778,12.4147,8.0888,4.5994,3.3222,2.4867,11.9567,10.9642,13.2484,10.5959,3.3171,12.8242,8.7198,7.7768,5.1038,13.7082,6.6626,4.5686,3.0803,7.3835,10.705,4.2858,4.2779,4.0787,9.5008,2.9202,4.9779,13.7402,9.1022,13.7988,6.5083,4.4566,3.3775,10.6776,6.0626,5.0736,5.4286,2.8164,1.8825,6.4217,5.6665,4.3378,7.5387,12.2379,4.7155,2.8219,6.9073,4.8218,7.633,6.4277,10.7724,1.3204,5.6142,8.8194,11.3602,8.7929,2.8173,6.2056,2.152,9.2596,8.8955,11.6507,5.4327,7.4904,8.5735,4.1344,6.0471,2.7709,3.2157,4.8431,11.1534,0.8459,10.1183,7.1727,4.1029,5.3969,10.5462,6.726,0,13.3251,7.3286,3.7349,14.1241,11.1181,10.7177,4.4595,2.6572,10.844,12.5878,5.2817,10.9582,4.9364,3.7277,3.715,9.419,7.3438,3.915,15.9606,5.6808,2.134,7.7953,4.5258,2.6583,9.7101,8.552,12.9548,4.6958,13.8667,3.159,8.4841,12.3221,5.4164,9.7672,12.313,13.4807,1.814,8.4726,11.1818,6.6981,3.6241,6.2701,9.5986,12.303,14.1176,12.6105,9.338,3.1921,1.1378,9.7486,12.9427,8.1629,6.455,5.8662,2.583,9.4759,4.4683,10.2372,8.069,3.1421,5.7881,8.6199,4.9209,9.7247,12.4569,12.1648,8.6317,5.5656,10.9432,6.2951,6.2207,7.8947,0,14.6864,0.7171,12.5625,5.5636,10.9124,11.8587,1.0457,10.878,7.9829,3.7095,3.0214,9.1558,2.7962,11.0006,12.5159,4.3181,8.7751,12.442,3.6651,1.603,0.6925,7.2927,4.1898,2.7867,14.0406,13.1105,6.6193,6.0952,7.3176,6.8705,11.3207,1.437,9.2621,8.2315,3.0062,3.802,5.9504,0,9.8054,3.3215,5.5589,3.6946,5.012,5.0753,7.0825,0.645,6.8812,12.8928,6.2666,7.9598,9.4594,2.8907,10.596,9.943,13.8104,11.5829,12.3572,9.293,12.9388,4.156,0,6.8157,15.4564,6.2914,6.4613,6.7144,1.0505,7.8521,13.046,4.773,8.2613,2.3584,3.0605,5.5551,1.6134,4.7175,6.9082,8.3843,3.9028,8.2655,15.1475,10.8876,5.3823,1.6045,10.1088,7.9167,6.8986,14.0523,7.2395,10.4244,2.8275,8.1415,9.3993,7.9186,5.6401,7.3155,11.7765,11.8767,13.5671,10.7729,1.992,3.6865,4.7176,2.0308,7.0302,8.6735,10.1128,1.8999,5.5001,5.6526,9.9859,3.3547,10.8578,13.2148,6.8865,13.5517,11.3323,5.4442,9.7094,8.0854,0,6.3521,4.7173,13.8889,3.237,5.7721,13.1501,9.4212,14.105,6.9604,0,4.2131,8.7208,7.5007,6.841,7.6619,6.3511,1.2794,12.0359,6.7587,10.7363,12.1082,0.8926,15.1711,14.5292,11.6287,2.3334,8.1306,13.3745,12.0641,8.6304,8.1223,3.7671,2.4145,6.3524,8.4955,5.9325,8.0282,5.406,3.3473
"LGR5",3.1496,2.8399,2.8616,6.1416,2.4162,6.8319,4.7199,6.461,0,4.3118,10.2433,0,6.6038,0.6505,1.4682,7.52,9.1745,6.6289,0,3.4142,7.3155,6.8169,8.1333,1.4862,2.6912,10.5903,6.4129,5.9091,10.5229,0.6061,0,11.2544,9.1939,3.6637,8.3724,0.7253,8.4828,4.9718,0,11.1075,5.0954,4.5228,0,3.477,7.1891,4.2868,1.3806,1.0549,0,0,0.8751,5.7152,1.4922,5.0804,10.3888,6.8212,10.1065,10.2492,0,0,2.735,3.8363,4.2412,7.6115,1.4771,0,11.2425,10.8903,4.8994,9.0075,3.9376,2.1093,2.8243,6.0721,2.354,10.2885,5.8822,5.1236,7.5479,9.5874,10.501,0,9.5719,7.3467,0,0.5334,0,2.8432,5.2245,9.0664,11.4647,2.0254,0.7378,9.8012,7.4517,0,10.1216,2.8058,3.2078,3.1022,9.303,11.218,9.1799,0,1.1206,1.3801,4.4399,0,0,5.721,10.2422,1.9524,1.9318,0,5.7405,0,5.0321,9.7982,1.2801,8.2743,0,1.802,5.7565,1.7154,8.4752,3.5043,2.0277,7.5695,4.4334,11.0111,0,1.9127,8.8253,10.0668,1.7169,3.0367,10.3452,0,4.1865,1.5273,7.1289,4.7519,9.0264,4.2822,11.5363,1.4088,10.1748,2.3712,9.7336,0,0,9.5173,5.1685,1.0578,8.7911,4.0574,0,3.7207,10.6411,8.1649,1.8005,4.9923,9.9884,11.6445,10.2296,5.2936,8.8194,11.1239,10.1163,4.1354,6.5606,7.7517,0,11.2425,1.364,0,2.2959,0.5174,0,6.9764,2.6328,6.9106,0,2.16,0,6.4405,8.8146,6.0514,3.7676,4.7163,0.6295,6.3556,2.0208,6.3811,9.5922,6.2482,8.991,3.043,8.4275,6.472,4.3148,0,3.8871,9.3307,3.1849,0.6725,0,10.5974,6.0161,0,0,1.6456,7.6018,9.5845,7.9928,3.7285,7.6176,10.5533,0.7737,8.9798,2.871,2.663,1.6652,9.9256,0.594,1.7926,2.1488,8.0664,3.122,9.4881,10.7895,11.7996,3.3431,3.185,7.395,5.3918,1.437,3.688,0,0,9.9301,4.8271,6.7747,11.7611,9.2215,7.9009,10.3703,10.3007,0.7164,0,1.4282,10.4703,0,9.8393,5.6954,4.6577,11.8028,8.2121,3.7837,9.0093,0,0,0,0,0,4.3604,4.967,1.1039,9.1335,3.9274,8.1061,0,8.4222,5.8961,2.9689,0,3.6267,9.1532,6.0465,0,11.066,5.4454,10.104,9.3085,3.0865,1.8252,3.5196,0,5.386,5.0301,0,9.5843,0,10.5614,6.6388,3.5483,4.2679,0,7.1443,5.409,7.0115,6.4583,0,2.9169,9.8823,6.077,4.2499,3.4776,3.3589,0,2.2567,0.999,2.097,2.3782,8.4649,5.178,9.9643,2.8634,1.112,3.3118,3.4977,0.8891,10.7486,0.7971,2.0241,0.7996,7.7282,4.0729,6.7368,10.8669,9.6494,1.3397,6.3635,1.2288,0,1.9864,6.5164,0,6.1669,6.0264,1.263,9.0509,1.3857,5.8128,0,6.7372,5.1647,5.3515,0,9.6241,8.56,10.6522,9.7112,1.25,10.3915,0.8174,8.9592,4.522,1.0585,0,1.7966,10.9247,5.4213,0.9197,1.3603
"ASPG",9.5182,6.7135,7.1462,9.4054,0.625,7.9205,5.5587,8.8085,11.6614,5.8052,1.7335,8.1954,7.7481,9.0888,2.6554,3.6552,7.9781,9.4441,9.5859,9.9756,8.94,0.6509,7.753,10.8086,4.119,6.5748,0,3.8831,8.1585,9.5652,9.9353,3.7221,6.347,2.0849,7.5739,8.4614,8.5211,7.5078,3.1308,0,9.8537,9.297,11.9163,10.076,9.5991,11.1956,12.6608,8.1869,10.5824,2.4274,11.0342,9.1661,7.5528,8.8317,7.7214,2.2532,0.6597,1.3593,7.9279,3.6461,10.8412,12.2687,9.1527,8.7235,7.628,8.6021,0,1.6528,8.4197,4.2286,9.2697,8.7601,7.6076,9.9848,5.3244,0,9.3313,11.4905,6.8801,10.2353,0,0,3.9897,10.5311,10.357,5.129,12.0735,12.1558,6.8011,8.8573,8.5542,0,0.7378,5.8821,9.5568,12.1427,1.7328,12.0521,6.7389,11.4829,4.7081,0,2.9316,7.7431,0.6665,9.7592,11.4047,10.024,11.2036,10.6557,0,4.3986,10.4762,11.2952,10.2986,10.0486,8.4014,6.2924,7.9906,0.9921,8.3106,0,8.5552,7.9185,10.2379,10.8653,9.8593,9.5017,8.5055,0,9.5271,0.5468,8.5781,2.5109,3.4069,11.234,0,9.9422,9.2291,7.0781,0,10.8315,6.0705,10.3406,11.0974,5.2756,8.7343,1.4165,0,9.782,9.959,9.5893,7.4449,8.4416,9.2815,8.2208,7.4329,9.2685,1.1503,6.6638,8.0725,10.5209,0.6872,0,0,10.2979,2.0884,5.4259,1.39,9.2549,10.6376,10.2986,10.6435,1.4672,10.8953,7.479,10.2117,5.0026,4.5217,8.417,0.8482,7.9691,7.4026,6.9357,10.2509,11.4389,8.9924,10.7832,6.3265,10.2601,8.1461,9.2909,2.2698,9.107,0.6185,8.7889,7.1478,4.2096,7.9312,9.5999,11.68,6.7231,11.2167,9.8673,5.758,10.8832,10.0414,9.4067,5.4987,11.2467,6.2063,7.8277,1.7446,0,7.5566,9.1229,5.5165,10.1095,8.7528,0,11.3897,10.9403,6.5437,8.8127,9.4996,10.2981,8.2766,1.6677,5.4391,0,4.7836,0,10.4781,0.6984,7.0042,3.2012,9.8573,10.0245,5.0163,6.9835,0.9971,4.8271,0,0.6776,9.3219,9.0424,3.9865,0,8.4035,2.5372,9.9492,6.3803,5.727,0,9.5792,7.1291,0,6.3597,10.5397,0,10.916,7.8056,11.5796,10.8582,6.2615,5.2445,7.0722,5.3655,2.278,2.8994,7.9471,5.2258,0,11.6165,9.3109,4.2282,11.373,3.4194,10.2162,9.1617,2.6067,4.8769,0,8.3405,3.4817,10.5123,11.5427,4.8279,10.3443,10.304,0,0,6.2093,0.91,9.5097,1.1755,11.2675,0.8383,3.3735,10.1365,8.3655,6.2636,10.4726,6.9235,6.8868,8.2771,0.6287,8.2625,4.3965,9.1519,11.4044,4.7794,10.2416,10.9632,4.0979,9.3516,7.5555,6.2059,4.5987,10.2654,11.1708,9.7564,8.2173,10.1062,9.0271,5.6078,10.2408,5.3787,12.317,7.5164,12.2159,9.5978,7.0829,8.1693,9.7542,1.4738,11.9219,1.4789,9.0239,2.8304,4.1537,8.4517,0,6.1577,6.6049,9.9326,9.6062,3.1225,11.0102,0,1.0969,3.4267,6.6661,11.4235,0.6265,7.4111,1.0647,9.9363,8.9363,9.0557,2.4141,0.7112,10.4583,6.6753,6.8894
"CHI3L1",10.6248,9.2473,9.255,14.525,7.9478,12.1731,8.4241,14.5946,13.0801,10.1039,10.6605,3.9396,12.345,11.9558,13.9272,12.937,7.862,7.4941,16.1268,14.4479,12.7524,16.0512,14.4701,5.4672,13.5118,13.9183,9.329,10.1011,11.8666,6.7129,10.6079,12.5147,12.1297,11.8165,11.2337,6.874,9.5144,9.5461,15.4362,14.4709,10.7931,10.161,6.9943,9.9387,5.8009,12.5853,15.0032,10.0509,6.5258,9.8669,11.3773,15.0985,7.1724,16.075,9.1696,12.9537,9.6086,13.0985,9.7427,6.7229,7.9754,10.5046,9.2184,12.5856,11.9504,4.6395,10.7187,15.4564,10.2416,13.301,7.412,15.9542,10.4569,9.2994,12.7386,16.0089,3.9329,14.381,10.1198,11.8793,12.7603,11.1304,13.3356,13.7048,8.5524,8.7659,11.1449,15.8289,8.249,11.6031,15.2406,6.5051,12.1286,1.9959,11.9169,10.9885,17.6184,14.3896,9.0884,11.7829,15.4765,12.6307,16.547,15.2433,3.7989,16.1801,14.8995,5.3327,7.7134,12.7406,15.9244,15.0356,6.4361,9.0111,13.7893,3.8316,7.6633,6.5206,9.0744,11.2897,2.0828,2.9321,12.6273,12.739,6.5346,2.7321,12.0723,4.5169,12.0246,5.5625,5.5814,4.0186,11.8165,7.9173,10.5098,11.7764,14.0342,11.6123,13.4167,2.5125,17.7431,15.7866,13.5403,11.6207,7.7347,4.6148,12.3953,11.0272,13.3113,3.0076,4.2096,8.69,10.676,16.6419,16.2842,11.0088,14.8239,15.2265,5.9819,13.8225,12.3759,6.5058,10.3039,15.2403,13.3515,16.9468,15.1441,15.3802,8.2769,15.0326,12.8225,7.6293,12.6428,9.078,16.0699,17.4634,9.0681,13.3096,14.2734,14.7826,3.46,11.1965,12.9983,13.3177,17.0999,10.0128,9.0411,4.0288,9.3003,13.0972,15.1478,10.9929,11.7795,8.998,14.9272,17.4832,15.8784,13.398,16.279,14.1596,9.4003,12.9939,12.6631,6.0553,16.2578,6.5398,8.3236,13.5137,11.1269,11.3922,13.3347,4.2948,15.7207,12.8203,6.3713,5.9607,6.0021,13.3541,8.6303,8.4582,13.4067,13.9838,14.4119,11.2021,15.0038,13.7582,11.9616,14.9631,16.5206,15.5239,8.0868,12.6742,13.4317,15.4724,14.5362,4.2296,6.47,10.0824,11.7919,7.9369,2.6956,7.6293,4.0577,13.1165,9.893,4.757,9.847,13.0375,10.7886,12.038,12.9683,10.5365,6.0254,17.4357,7.7422,15.7897,7.62,15.8653,14.1138,14.0476,10.6146,8.5361,9.3413,12.0457,4.6146,10.4887,16.9219,2.7541,7.9252,13.1806,11.7688,8.4675,15.8061,13.2556,3.1383,13.926,10.821,9.4874,14.2961,3.9799,13.7853,7.2152,14.166,15.6959,7.8925,8.5921,3.8162,13.4067,13.4432,10.2052,13.2047,16.484,15.1678,14.9223,12.8033,10.7839,10.1733,12.4937,12.2938,13.0232,11.9871,14.7817,9.5978,13.9806,15.81,11.8838,14.3705,15.1177,7.096,8.4329,15.0615,5.9169,12.626,8.1919,15.3521,13.9794,9.6688,4.9603,10.3091,16.0121,7.0404,9.6835,11.1326,3.3003,14.5002,9.8617,11.5222,16.3201,3.9206,15.3544,16.5948,14.3045,9.094,14.1471,11.941,7.4528,11.5772,17.219,15.2862,11.5829,10.0136,10.9752,7.5491,12.339,7.279,13.9131,11.9254,10.9696,10.3541,14.7519,16.3573,4.5282,11.5405,10.7058,9.9269,12.443,16.1326,9.8245,8.9316,5.079,8.7112,14.135,16.0207,9.7281,5.0156
"NOTUM",10.0691,6.9565,5.6202,9.9476,2.0886,9.2638,7.8298,8.61,6.2315,4.5353,11.7148,5.1851,12.8297,2.6153,7.1108,9.2303,11.6451,7.4135,5.3874,7.8946,6.3639,14.8642,6.2342,1.4862,4.3425,11.9627,4.6789,5.4013,11.5059,7.237,5.0239,14.4812,10.3828,5.7247,13.6487,5.9486,11.4717,2.6256,9.9472,15.0351,5.9913,10.3329,8.0262,3.8593,0,7.1471,5.5944,7.0078,6.0889,6.33,5.9517,8.5013,5.2197,7.3511,13.0193,14.4757,13.8214,8.5973,3.2391,6.6695,5.015,4.304,8.2516,7.3718,3.4736,7.1913,13.0805,13.2013,11.375,12.9453,2.5296,6.0364,4.3551,2.6085,2.5355,13.644,5.3309,4.4869,5.9783,7.8018,12.2039,1.1284,12.1972,12.8561,5.83,2.1948,7.2376,5.3626,9.4396,8.4275,14.0163,4.8007,6.6791,14.2851,10.4186,8.0283,12.3172,4.4577,8.1528,3.5388,13.8491,12.2231,2.706,8.0189,1.9767,4.8998,6.9564,7.4381,7.2383,6.3513,15.0364,2.4835,2.9555,5.7932,7.7547,0,6.7865,12.4904,1.7575,14.2006,6.8116,3.748,8.5114,6.6488,8.5415,5.4986,2.8389,3.9335,7.3145,12.5818,7.0617,3.6463,9.3058,13.8101,2.5926,6.9484,14.6322,3.5025,4.7619,3.4439,14.2649,4.4508,13.1881,4.0447,11.9375,1.4088,12.726,8.9247,13.4645,2.8404,6.6757,7.3832,7.3845,8.9616,11.1343,5.0479,6.8243,8.1665,12.8934,8.0008,0,5.1278,12.6889,12.844,14.2222,10.2832,9.532,10.3875,11.1919,9.2562,3.7083,7.9692,4.2102,15.2372,8.0606,8.9184,4.0568,3.4491,6.9868,6.609,1.766,6.6541,8.4871,8.3175,8.2815,7.6475,7.7691,8.5546,5.3354,4.8754,9.2063,5.584,4.6704,7.133,13.4944,9.8646,13.7282,7.024,11.5066,7.311,2.1495,8.2501,9.1829,15.636,5.3563,5.9442,5.3087,0.4863,5.0094,6.634,7.9877,5.8698,11.4085,11.3673,8.8761,4.1467,9.5944,10.5117,6.2721,11.3727,6.3585,8.5012,0,9.8225,5.4858,5.4227,6.9008,8.5829,3.2938,13.9776,14.779,14.8055,3.4972,0.6984,4.6292,11.0064,7.797,8.2403,3.8932,2.7975,13.6239,6.109,2.5503,13.6139,10.6748,0.9364,12.5046,13.9566,3.3224,8.0182,3.6175,14.7357,8.1769,14.1729,6.778,4.1011,14.318,9.3498,8.0686,12.0815,9.529,4.1943,4.2935,8.2025,7.8089,5.069,9.8229,3.266,5.4852,8.9274,11.1106,2.0751,14.9246,9.8508,5.5501,9.3508,4.9508,6.5711,8.931,4.534,14.4886,2.7391,11.1846,12.7265,1.3818,4.3575,3.3448,9.1283,8.2482,5.459,7.2387,12.2607,5.8242,14.7024,8.5613,4.3582,7.2947,2.0538,8.9159,7.3111,10.898,9.7907,9.1655,8.4809,11.969,3.2385,5.8532,6.6418,3.1237,6.2186,7.5364,6.4327,4.7377,7.8044,1.7532,6.8614,8.3578,6.0506,8.2151,6.3689,6.4679,6.3714,12.4734,6.3469,6.0484,0.4545,8.0009,7.1081,4.2707,12.3368,12.6563,8.4033,9.2983,6.5502,5.8895,6.4316,8.988,11.1002,9.9672,5.0878,6.8899,10.4065,9.3783,6.4587,0.8895,7.8435,11.2716,6.4157,2.9436,12.8418,12.4362,15.063,13.5771,8.2909,13.1466,5.6375,12.0636,7.0407,2.4145,10.47,7.3216,13.7025,8.5391,1.225,4.1891
"UGT1A4",8.2811,12.4231,9.367,11.9816,7.7325,10.9129,8.8097,14.8711,11.501,12.1471,8.1453,5.2567,7.0811,6.8985,6.9448,7.3568,13.4422,9.5675,12.2486,11.801,7.0979,11.5121,10.2774,4.4073,7.7604,15.036,0,8.2012,13.7076,14.3252,5.7841,15.5663,9.0295,6.3622,11.4752,10.9059,14.5019,8.3936,4.5288,14.102,10.8736,12.9455,11.6735,12.8367,7.5561,11.1976,11.7425,1.4572,10.9218,3.9081,10.0393,12.8252,2.8859,12.6612,14.4662,9.8735,12.3328,6.9469,10.3509,12.3152,11.9409,10.827,13.8823,10.7556,11.3502,9.4268,14.2828,14.0969,9.9736,13.0522,14.1694,7.6586,12.9751,8.7869,4.459,14.6699,0,8.3512,6.4671,10.7111,13.5795,7.0252,14.742,7.3515,13.8494,13.2826,13.1863,5.6467,13.0062,9.266,14.4019,6.2811,11.7383,15.2869,13.028,12.4984,14.1517,11.8897,7.9518,10.1064,14.2259,14.4928,9.9598,3.1186,1.4838,6.8802,13.0154,12.5218,10.6903,12.8967,13.6099,3.4328,13.2442,7.2875,12.043,2.6331,12.2863,13.7499,10.7952,11.8193,13.6451,11.8454,10.8031,8.0499,8.1116,3.9986,11.0986,6.652,13.0585,14.2701,13.0416,0,13.9095,11.1122,8.4967,8.4606,14.0373,7.3583,1.7748,12.0717,14.6414,10.5063,14.0735,12.8383,7.9506,0.9512,13.3901,9.0988,10.8611,3.6676,7.3209,9.8057,10.1141,7.9016,10.6009,6.2516,11.096,2.4529,14.2089,4.0503,8.8954,7.1025,14.0972,13.659,13.7447,12.8176,12.6643,12.1238,14.4892,10.4533,13.1836,5.7998,11.6969,3.9498,16.1015,9.424,11.95,11.8497,4.7279,11.5909,2.4281,12.4799,7.3331,7.5331,13.4249,10.5431,4.6173,14.0118,9.947,10.3295,12.7507,9.4693,7.2994,12.1668,14.4852,13.5416,12.9237,10.8651,14.7002,8.7662,12.863,13.2936,13.8121,11.5394,8.4002,8.2576,9.7861,9.2288,5.4385,10.7831,11.9969,13.1397,13.3046,13.9973,11.0055,13.3814,12.1355,9.6574,8.9184,13.569,12.8849,12.54,3.1738,11.5716,7.3948,11.526,12.9783,6.2684,3.6887,15.7088,13.8773,15.5159,9.3933,0,11.3187,14.7158,12.3657,14.1679,12.3621,6.5248,15.7165,0,0,15.2434,14.9004,10.2676,11.8488,12.1622,12.1641,0,2.2216,11.1728,7.5,14.2085,7.3667,6.043,15.1168,12.0952,11.6594,14.1536,8.7964,11.0518,6.6474,12.6881,3.2116,8.975,8.9717,4.902,9.6591,10.3071,12.7108,9.0982,11.9195,14.4626,7.8553,6.7816,11.9145,10.2389,15.1378,12.9423,14.8415,4.5006,13.7382,2.2842,9.9134,9.3431,5.4461,4.7832,12.8636,10.5744,11.0241,15.2507,10.347,14.758,13.7276,9.0684,13.6972,6.9838,13.3957,12.0635,13.7859,11.9923,7.7755,8.7573,14.9832,9.9917,7.7619,8.6515,1.6811,12.453,13.5779,5.1616,15.2379,10.4584,3.5897,8.774,8.1063,13.4743,8.5476,7.224,10.3317,10.4275,12.6429,12.4294,12.4084,8.0532,13.7018,5.6595,5.3727,13.7094,11.3537,10.8301,13.7324,9.0703,13.3766,1.4237,8.2848,11.8212,12.9155,9.3913,9.3203,10.3894,6.318,8.9184,14.0887,14.1603,13.5345,2.2102,6.1165,14.704,12.7413,15.1787,15.866,11.9499,15.0239,11.442,11.9647,7.3769,6.9657,12.8777,9.9599,14.7829,13.8032,10.3264,12.7143
"CYP7A1",9.1851,1.1077,12.7095,11.5902,1.0597,11.033,6.2444,2.731,6.4148,13.0108,12.1641,13.7179,12.8837,4.5722,12.3262,5.3339,6.4806,10.561,10.8421,11.7408,12.3977,2.9711,11.0652,4.9554,5.4929,11.3419,0,5.0034,10.3348,12.3259,12.4349,9.8402,8.5215,2.904,10.3439,12.1913,9.7317,7.368,13.4535,11.1218,12.3384,11.9859,12.379,11.4233,8.0327,9.8447,5.9529,10.7655,9.9232,10.4105,10.8665,13.5123,4.6712,10.1421,12.2315,6.0441,11.7931,9.6921,11.1097,14.153,11.2718,8.5337,10.904,2.4335,10.6735,14.0898,8.3077,10.6432,8.2873,5.2164,7.6202,4.2018,13.2784,3.2073,9.5733,9.5967,10.3202,0.758,5.8381,12.1096,11.6643,4.277,14.0545,9.6011,8.7051,11.0061,9.6614,11.7437,8.5507,0,10.0737,3.7727,12.2347,3.1327,7.1401,14.3232,4.0605,9.4102,0.901,4.4253,10.4251,9.6826,8.0383,7.6416,1.7436,6.299,10.9148,10.4687,10.6898,5.7393,10.0686,4.0443,1.0882,9.8779,12.235,10.3107,7.2849,9.4447,12.2263,10.1641,10.493,13.023,9.5747,13.4075,3.5068,10.8006,11.9398,6.5146,9.4294,7.4562,13.7929,0,9.8858,9.7552,1.7169,8.3771,11.8429,12.7063,10.3506,13.6124,3.5528,0,12.9379,8.9184,4.0848,11.4485,11.8623,13.4025,10.9308,2.1767,9.8375,9.3642,7.471,8.455,11.2318,11.2946,13.3517,8.3182,11.7184,11.6143,12.3064,7.4119,13.7866,11.4921,10.5325,7.8652,5.8619,8.6563,12.2111,10.8642,2.0623,8.4655,10.3395,9.1454,0,12.0104,12.3624,11.3291,13.084,8.3052,1.1378,12.3462,10.2672,11.8303,6.5691,4.7518,9.2467,12.9708,7.1735,12.2944,12.9937,7.2511,10.1627,10.9008,14.3833,7.4204,6.0767,12.391,10.125,8.8814,1.4427,12.1097,12.2199,9.7365,4.8989,9.5932,9.8402,0,4.1623,12.3079,10.9525,4.2143,10.3197,6.0069,10.4423,12.6234,3.8648,8.4763,5.01,12.7679,5.6271,5.2095,3.9179,9.7368,1.3382,11.3482,9.6274,8.135,3.6507,8.4036,11.3237,12.8329,9.6037,0,10.9635,2.3501,9.4697,6.0754,8.0659,1.0582,11.0617,10.5095,0.6226,10.6422,12.4311,11.5847,11.2096,12.2408,8.2866,13.9143,4.9484,8.9225,13.3243,11.4169,2.9179,1.0548,13.5036,7.6909,8.2925,9.0344,10.5334,14.5953,8.9325,12.0402,11.5556,8.2248,5.6686,4.5841,9.6964,13.3746,11.1583,0,1.9396,9.0443,8.8562,9.4838,11.017,11.3488,7.6414,1.9149,11.7135,3.0991,4.2406,9.7256,0.6185,12.1883,8.4582,11.5849,11.517,11.3948,8.8648,8.1853,13.0716,10.0697,11.5015,7.0638,11.8328,11.9746,11.3031,9.6592,8.269,12.6206,11.6873,14.3265,10.8128,11.5186,2.4249,8.7073,2.493,11.5382,10.3591,10.5127,7.5867,13.6203,5.3348,8.3523,8.0564,9.8005,13.6179,11.3184,9.9124,12.4814,1.3929,8.3402,3.8111,10.5424,11.0452,1.908,10.3822,9.1194,5.046,13.0157,14.3712,11.5427,10.7458,0.6713,12.7794,11.2754,8.2381,11.0421,13.3041,8.0755,2.4424,11.0341,9.2499,5.9658,12.4854,0,3.975,12.0353,10.5296,5.9562,10.0326,11.76,11.2874,8.0062,9.0028,11.8294,6.1575,12.46,8.148,10.5344,7.7592,4.3342,12.5806
"CA9",5.7462,0.4937,0.477,1.5091,6.5589,1.4465,8.2623,0,0,2.1593,9.3793,0.9681,1.6218,8.9993,1.5342,7.7219,1.1022,1.9778,1.9702,0,2.7389,3.2271,4.2525,12.9787,4.7891,0.0081,11.3983,4.7634,0,1.0316,2.1285,0.904,7.3093,12.3989,2.0269,0,1.4864,10.3292,0,0,2.3004,0,0,2.6011,9.6314,0,0.8495,2.5335,1.8398,9.9924,0.8751,4.6652,11.1405,2.0556,2.0054,0,1.4537,8.2687,0.8217,0,5.0564,0,0,10.2449,1.7564,0,0,1.9483,4.8616,5.6902,10.2593,9.0807,0.6855,9.833,6.8327,0.8331,4.3663,2.5265,11.3488,0,11.945,8.4068,4.9204,3.0459,1.2613,10.1206,2.9031,1.8121,0.7432,5.5169,0.5312,13.2783,0,0.77,7.0657,0.7507,6.8072,0,14.0762,3.7968,0,2.2245,9.3562,0.7889,10.9228,1.3801,0.6018,1.5368,0.9413,1.3095,2.1592,9.6406,2.0985,0,1.0575,1.5084,2.7541,1.6227,5.496,6.9389,1.1982,6.3405,4.0628,3.2662,4.904,2.5118,2.6748,5.8369,2.8198,1.2635,0,14.1533,2.3564,8.7422,12.9477,0,0,2.152,2.0658,1.2701,0.6748,4.0204,3.2982,1.0396,0.6329,10.8739,7.148,3.2322,0,0,6.45,3.6285,3.7197,9.118,3.6557,9.0078,0.8686,2.2376,1.9117,9.3775,1.3304,4.8798,2.7427,1.3258,0,2.0629,10.7738,0.719,0.4908,4.0851,8.4434,2.82,5.7603,8.6241,4.9015,9.8118,0,0.5174,7.6011,8.3375,6.8583,1.4484,6.8572,0,1.3029,3.6173,0,0.8532,4.9521,2.6169,2.0984,13.0343,8.3177,0.7688,0.6185,4.7119,2.2961,2.2417,0.6143,2.2433,8.7083,0,7.2388,9.6012,8.1586,1.4759,0,14.7252,8.6634,0,4.9267,7.6791,2.607,0.5582,3.8056,0,8.9562,1.6609,6.5064,0.9416,0,3.7004,4.6373,5.6007,9.7271,4.9286,1.6498,1.3273,9.5439,4.6806,2.6465,5.6907,3.076,8.9658,2.6775,0,1.9065,0,7.3179,3.7653,1.386,8.4613,10.4322,0.6776,0,0.9364,5.2974,0,1.7759,0,12.4704,9.1255,0.9533,0,12.725,10.5929,0,5.3373,0,5.2624,0.5947,0,2.7457,0,0,5.3687,6.3828,4.344,2.4144,1.1968,4.9821,9.4725,0.6482,5.0444,3.1383,0,1.6154,1.5558,0,6.6449,1.2749,9.2576,5.4784,3.9658,5.4872,6.2319,3.6755,0,1.0146,0,5.484,0,0,3.4616,1.4765,9.6874,1.3346,5.9303,3.924,1.3114,7.8101,8.533,6.4671,0,0,3.1961,11.1444,5.8427,6.2288,0,1.1541,10.3938,7.7151,3.4116,10.8409,3.1919,5.7487,1.762,6.3265,1.1864,1.1935,0.8891,9.2531,1.6838,0.8212,3.5957,1.2163,5.0589,5.8963,2.7931,5.5117,0.82,0,6.3859,0.9235,13.7905,1.9288,0,2.2257,9.8836,7.254,1.0607,5.7802,3.0522,0.8895,0,0,12.4396,2.9436,0,4.0051,3.2543,0,0,4.4984,0.8174,5.1938,1.7551,6.298,0,0,1.1855,0,7.379,1.7446
"TM4SF20",0,1.5484,4.4949,1.7726,8.7731,5.4291,0.8729,4.2129,2.7687,8.9824,0.551,0,0,0.6505,11.666,0,0,0.9853,2.9652,3.3352,0,0,1.6639,4.0012,0.4477,0,0,7.8723,0,0.6061,8.5243,0.904,0.4895,1.1998,4.6205,9.6533,0.6786,3.0198,0,0,3.5416,10.0904,0,0.7448,3.9535,5.415,4.9006,0,0,9.6627,9.5998,1.7643,0,2.8707,0,0,0,0.8341,8.8573,3.1176,6.0024,1.3577,0,9.6705,1.7564,7.8891,0,1.2807,0,3.1456,14.3257,0,7.2638,5.4119,1.6117,7.752,0,0,9.8386,0.7515,0.6616,1.1284,3.001,0,1.2613,11.1688,10.9016,4.6839,0.7432,0,0,4.2217,8.2356,0,0,0.7507,0,1.6992,2.16,0,0,7.2605,3.1268,0,0.6665,3.789,0.6018,0,0,5.6838,3.074,1.4448,0,4.3176,11.6343,0,4.9773,2.2514,7.5447,1.5744,6.8924,7.6615,6.9755,0,0,12.071,10.7736,0.5617,13.3724,0,0,0,2.538,1.0317,0.9373,0,0,0,0,4.8462,0,0,8.7382,10.6232,2.5743,9.6665,0,12.3464,0,3.0076,3.2502,3.1093,0,0.6237,1.0391,10.5004,0,2.5074,0,0.575,10.722,1.0322,0,1.0032,7.5036,3.8529,2.0884,6.7143,0,7.1259,0.7096,1.4613,12.4629,0,0,6.5138,5.1777,0.8974,7.8581,0.4371,0,5.8737,0,3.6512,0,6.9746,8.7436,0,1.8172,12.0334,0,13.4036,3.5489,1.9318,2.0745,2.5187,1.204,8.8632,0.5812,3.0823,7.2336,10.9321,0.8208,0,7.808,8.9022,0,0,1.2019,0,0,0,0,0.5582,1.7327,0,0.7471,0,5.0722,0,0,7.2946,7.2159,0.6722,11.5502,9.4668,3.261,1.6677,8.9131,0,0,0.6389,2.3226,0.6984,1.6594,0,0.65,0.7649,5.1408,0.624,0.583,0,0.6226,0.6776,0,0.9364,0,0,2.2805,0,9.9914,4.7583,8.1604,0,3.641,0.6217,4.2595,2.0511,6.5571,1.0927,12.2236,3.3261,8.7533,0.8844,0,10.6436,0.9188,6.658,0,1.8418,0,0.6188,0.6482,3.6069,4.5508,0,1.0229,0.9781,0,0,1.4314,0.9606,7.3666,0.6563,6.1305,7.1253,11.1233,0,0,1.3267,5.1665,0,0.9354,0,0,1.1755,0,8.9732,4.5347,12.5747,0,6.9215,0,0,0,0.5814,0.6287,2.7449,2.0308,0,0.6228,0.5843,1.0654,0.8795,9.4354,1.9111,2.0513,0.7028,11.1129,2.8834,10.5097,0.8891,1.9735,0,0,11.2723,1.9931,5.089,5.805,1.1284,0,0,1.9965,3.3793,5.4311,0,2.5639,10.5235,9.6179,6.9165,4.076,0,0,8.2543,1.4356,4.6021,5.4135,0.5143,3.5496,0,1.0969,0.5977,0,9.2613,0.6265,1.3359,0,0,1.0585,0.6558,2.9642,8.9693,4.0536,0,9.1666
"NPC1L1",8.6418,10.1859,7.3118,11.5988,8.9265,10.7323,5.937,2.0471,2.606,5.45,11.7594,6.4119,11.0972,9.6547,10.268,9.3206,2.9783,9.0257,11.033,11.8334,10.4208,5.2927,11.2874,10.674,4.3425,12.1469,1.6595,3.1939,3.2699,11.837,10.249,11.0804,9.8079,8.0844,10.5332,10.0597,10.781,10.2505,1.7346,0.9113,10.8485,3.8039,4.7572,5.0632,3.1782,4.2167,0.8495,11.3719,9.2783,3.6877,1.4159,8.6269,11.7374,6.8726,2.3277,6.8332,10.2759,9.0902,1.3419,2.536,9.7665,11.0269,12.3793,8.1387,11.3321,11.2633,10.2556,11.7807,5.9037,10.258,3.1231,10.7063,11.831,9.5266,7.4002,9.2093,10.9516,9.4941,11.3424,8.3832,3.6595,10.4267,12.0879,1.6201,9.1574,12.0435,4.283,2.4936,4.6197,9.8945,11.9754,8.9857,3.0607,2.1974,9.9259,10.0457,12.7117,4.3558,8.029,7.2113,11.0991,12.4077,10.1297,0,9.5814,8.4026,6.2191,11.1316,11.9458,3.7111,11.0526,9.2824,4.4852,9.7409,11.2677,3.9902,9.5064,11.9953,6.0287,10.6899,3.2348,2.9321,11.8482,7.2669,9.9775,6.0628,9.6638,11.5869,11.5197,7.3679,4.0138,2.4876,2.3564,9.8659,6.2656,1.7664,3.4904,4.9472,11.8526,6.0431,11.0409,10.2538,5.3273,7.2926,11.071,4.8316,10.2415,6.9063,9.7268,1.8643,11.6545,10.8991,5.2156,1.3909,11.6834,11.3936,10.3735,8.5214,10.5199,8.2109,10.5963,9.0206,1.5011,8.4639,11.3508,8.6293,6.3468,1.8416,4.1714,11.8917,10.2401,11.5345,10.4887,10.0719,0.8375,8.1909,9.829,11.7348,7.903,6.8625,1.5853,11.4323,11.9957,10.9004,12.8447,9.0491,10.0144,11.0241,10.8498,11.8887,10.2479,2.8255,4.4859,10.8848,2.4013,7.7542,2.7797,11.7099,12.6551,10.6759,8.5376,2.2999,9.6854,11.4912,5.3563,11.4735,1.5517,0.4863,10.6961,0,6.1362,5.6273,10.5321,10.0539,9.2684,10.7701,11.8319,10.7276,12.7251,6.0506,1.6347,10.4133,4.758,9.0541,10.6762,8.1265,11.73,2.9129,10.9837,4.0412,1.3569,5.4,10.9276,8.2431,11.398,11.6299,10.9173,11.2395,11.9213,11.7666,5.9012,13.0967,8.5024,10.1812,12.9948,7.5428,6.9438,9.4595,6.7687,0,7.5557,11.0787,11.8745,4.9436,4.9311,9.0616,12.1443,3.6228,11.0915,9.7926,3.7819,3.8624,7.3751,11.5921,11.2532,6.2253,0.9188,1.9535,10.7706,2.8994,10.4719,9.5117,11.3202,9.5361,10.9495,2.2555,5.852,10.9894,5.7482,1.5096,8.8746,11.7935,12.467,4.4421,6.621,5.5738,12.4323,0.6985,12.1852,8.6245,5.5619,3.5059,11.513,10.5711,0,8.7383,11.8535,7.7662,7.4223,11.6268,11.2704,2.2324,11.865,12.5254,10.6317,10.8175,10.9702,4.4537,9.1043,7.4536,3.2687,8.6256,2.6924,7.7092,1.5345,11.1002,10.7159,11.004,11.8781,3.1135,4.6328,4.533,11.9351,7.7672,1.3412,10.3156,11.9699,8.6909,13.12,9.7647,7.6527,12.9441,8.4149,5.4813,9.5792,9.0662,11.4064,1.7583,11.1829,10.4757,2.9132,11.5451,1.1439,10.324,0.8895,10.9283,2.1292,2.2793,1.2257,8.6211,10.8009,11.3193,5.6877,11.8071,13.2584,1.3359,9.2349,10.2586,10.9665,4.8097,0,3.4003,11.5124,11.3154,3.9171
"PTH2R",0.8379,0.8237,8.4628,7.4552,1.664,1.6342,0.5014,0.7019,0,9.9236,0,10.2975,0,8.0173,0.668,7.9252,7.4538,0,3.8697,9.4916,0.99,1.0978,0,0,1.0647,0,1.6595,0,7.3886,10.4808,0.6178,5.5465,2.3335,2.2902,0.797,7.6645,0,0.7193,0,0,0,0,0,0,7.6943,8.7931,0,0,8.5476,0,0,0.6774,0.931,0,7.8337,6.6149,0,9.2008,0,6.2637,9.8147,0,2.4057,3.8284,0,0.846,0.6625,0,2.7838,0.4236,0.4513,2.1093,8.6418,8.4675,0,1.6119,3.3104,1.9124,0,0,0.6616,1.1284,0.5239,8.0801,7.8198,0.5334,2.0905,0,7.5878,1.4237,2.7146,1.1054,4.3477,0,2.4883,0,0,1.3208,2.0128,0,1.0656,0.482,1.6825,5.5723,9.2202,0.8491,0.6018,10.3185,5.0534,6.6697,0,0,9.9656,1.7517,3.7177,0,7.8247,0.6204,0,0.9921,8.7045,7.4858,8.6115,0,9.4086,0,0,7.8892,6.5689,4.5331,1.2754,0.5468,8.5334,1.0317,0.9373,4.2184,1.0961,1.7208,8.6575,0,0,0.6452,8.6705,9.2959,0.6329,9.335,2.206,0.5032,7.3725,0,0.9606,0,5.7185,8.8477,7.0537,0,0.8686,8.8374,0,0,1.1646,8.4918,8.0643,7.0065,8.1256,2.3915,7.1335,8.7502,0.4908,9.9186,1.8243,8.101,0,2.5125,0,1.4188,0,0.8974,1.2213,1.2724,1.1378,0,0,8.4233,10.2387,1.1605,0,3.7973,9.8065,6.3615,5.6662,0,1.7197,1.6377,0,8.436,8.8916,2.2082,6.9254,1.9264,0,1.2066,0.8208,0,2.0127,0,0,0,0,7.634,2.8685,0.6156,0,0,0.9482,7.8933,0.7471,0,0.7737,8.1364,1.0375,5.2095,9.6421,7.8273,3.0236,2.0287,0,0.7872,0,0.7175,8.3545,7.9755,7.4211,0.6984,0,0,8.8103,0.7649,0.7903,0.624,7.1592,0,4.427,1.1368,9.7763,8.7481,0.868,0,7.9005,0.6786,7.8796,1.2459,0,9.4101,0.6289,8.0584,7.1292,1.8136,2.9564,7.0974,10.1865,9.5356,2.2394,9.2963,0,7.2015,0,1.4457,3.121,1.1968,1.5764,2.0751,0,2.3067,0,1.8649,0,0.9781,0,0.9438,0.6468,7.7213,8.2076,2.1558,4.379,7.9426,1.207,0,2.3453,1.3267,0,8.1092,0,0.5256,9.7052,0.7043,8.8594,0.4792,8.7979,0.7998,1.4013,8.9014,0,8.0923,6.9595,7.4692,0,6.651,8.0152,0,8.5346,10.2625,0.6289,1.8153,0,6.8441,0,9.2628,0,0,0.7168,0.8891,0,9.6072,0,0,1.1324,9.6999,0,1.9875,6.7774,8.3636,0.6764,0,8.4243,2.3639,0.7671,9.1993,8.2888,8.0502,9.1014,0,7.9505,1.2511,9.8694,9.2626,7.2238,9.2168,7.8365,7.091,8.0007,1.0191,6.1587,11.2988,0,0.8174,0,8.3896,1.3919,0,7.1625,0.7112,0.7734,6.7549,9.6945
"GCK",4.2563,2.1586,11.0317,11.7248,0.8586,10.4075,2.2451,0.7019,2.7687,2.5831,0.551,7.5724,0,0,10.7254,3.5348,0,0.9853,1.9702,8.4579,1.985,1.0978,4.5039,1.1382,1.8267,2.3017,0.5178,3.8324,5.0312,2.0471,11.9253,0.5217,1.5946,1.1998,0.797,4.2203,4.1552,2.0814,12.1334,1.6789,4.0025,5.6453,7.5755,0.7448,0,2.9033,2.7254,2.0816,5.6192,3.6877,3.4607,12.2397,3.5704,7.9608,1.0036,0,0,4.4425,1.7235,8.9745,3.0701,6.4291,11.0833,1.6785,4.4858,7.5393,0.6625,0.778,1.1225,0.4236,0.7945,2.5782,0.6855,2.9387,2.1463,0.7532,0,3.1047,0.7907,0,11.2765,0.6718,9.9723,0,4.2602,4.5462,11.1832,1.021,9.1456,0,0.7617,0.4687,7.4366,0.676,2.7578,11.4685,1.1122,1.9987,2.2936,1.712,2.0973,0,2.1093,10.1052,1.7436,1.3801,8.0721,2.4428,4.0568,2.8173,1.3731,0,0,3.6823,7.0036,0.8697,2.6523,0.6204,0.5619,0.9921,0,1.4104,1.1689,7.2669,0,3.6192,1.3441,0.5617,3.335,0,6.0417,0.5468,6.284,0,1.5007,0,0,4.2757,2.2703,6.7078,0,2.4626,1.7237,1.983,1.6792,0.7329,3.3635,13.8714,5.498,1.465,0,1.8251,1.7587,11.8201,1.6368,5.5597,10.7997,3.0871,2.8275,0.575,3.3663,3.0558,5.9828,1.5893,1.7115,2.8818,2.0884,0.719,0,6.9437,1.539,0,12.0075,1.9787,1.364,12.9237,4.5335,4.7941,12.1296,4.428,1.3788,1.7249,3.5978,1.1086,11.9371,3.3597,1.4135,1.3857,2.7121,5.9253,13.8167,1.4539,3.8838,1.2677,4.5536,1.5981,0,9.5094,1.7993,4.2281,1.4427,10.2176,7.1185,0.6326,1.332,1.9888,0,0.4863,1.8483,12.4458,12.3142,0,5.6679,0,2.238,0.6389,0.7471,1.8886,0.7737,1.419,1.6347,5.9925,2.6846,1.9882,1.603,1.7926,3.8815,2.604,1.4067,1.5524,2.2937,3.226,0,1.52,1.0562,2.9692,4.082,2.3773,0,0,0,3.162,5.3169,0,9.7507,0,1.4061,1.7181,1.5506,10.1003,1.933,4.7212,13.0126,10.0157,1.0655,1.0548,0.6483,2.4335,4.3062,0,12.8399,9.9176,2.576,10.343,1.2051,1.665,6.0829,1.4457,0,12.2711,5.6878,0,0.6482,2.1008,0,10.9572,2.8464,1.9671,10.3463,0,6.3153,0,8.1999,1.7243,1.6514,1.1838,0,10.9386,3.1959,0.8107,10.958,0,10.4348,0.5256,0.6729,1.8145,10.0689,11.1061,7.6623,5.1923,7.2271,9.5533,5.3723,11.9706,2.8323,2.5761,1.0652,1.8217,1.3466,3.4172,2.7947,5.998,0.6289,11.4829,0,4.3453,0,0.7028,11.1421,6.3237,1.8375,9.8632,0.4062,0,5.6462,0.4545,1.759,1.2488,0.8733,2.1886,0,11.6313,8.5103,2.1241,5.3382,2.6628,1.9288,13.0788,5.85,6.6961,9.7175,3.1045,2.5456,0.7571,0,1.7606,5.4135,1.1921,0,3.0137,2.318,0.5977,2.4065,8.4009,2.8037,7.7697,2.4241,1.476,0.6242,10.3428,0.6947,0,4.805,0.5319,1.3603
"SDS",13.95,8.488,15.5014,12.3265,9.5139,10.4007,7.2107,14.2228,15.9968,14.8645,4.2229,11.9272,5.2099,12.8273,11.0398,5.3871,7.3358,10.7599,14.7504,15.3445,9.2052,3.167,9.9685,15.3491,8.3582,11.7257,8.4093,11.651,13.4834,15.8278,15.1629,5.8267,5.3288,6.2766,7.5169,12.4911,12.0546,8.4674,12.3151,6.237,16.2172,14.3423,15.2629,13.5307,5.4218,13.479,16.9618,11.2199,14.5482,9.9523,11.8292,15.9598,8.7718,14.4549,9.5071,8.6349,5.7326,7.7169,14.6112,15.3734,14.6081,16.2548,15.6638,9.0162,13.7008,14.7644,6.1001,7.7123,11.3959,7.1528,12.2512,10.6124,15.5729,8.3545,8.1947,7.6073,9.8825,15.4725,8.1209,12.7842,5.1663,5.4884,6.6928,14.23,14.3437,7.7766,12.7419,15.0673,9.7291,8.9777,12.3798,7.5394,9.7429,5.3381,12.6798,14.5637,10.608,15.6936,8.9885,15.4172,8.404,6.7878,10.3,10.2467,8.5441,6.6377,15.1132,15.8935,17.6686,12.7618,3.6007,3.0811,14.6832,17.098,15.0685,16.2428,10.5605,12.2238,14.5882,7.7525,14.7715,5.1957,7.3235,10.3699,7.4367,14.7157,15.6048,9.2622,15.2946,6.1306,14.6369,8.3925,12.9099,5.1052,9.0038,8.9791,6.4029,14.4784,11.188,14.6605,4.6697,16.6773,13.7342,13.987,15.2894,7.081,11.8341,3.8435,6.3696,6.9049,12.9295,5.1167,10.6711,9.9672,10.7696,12.1433,16.0218,11.4917,11.004,5.7255,15.9684,4.3458,11.8893,4.6787,11.4111,14.6347,11.1896,8.2509,7.6551,12.1722,14.7522,7.3376,11.4155,6.3503,15.9539,10.3338,12.8162,13.2683,5.7441,12.7528,5.1133,12.5195,15.2196,13.4291,9.8055,9.5078,7.556,13.4948,12.2958,15.4176,10.0559,13.5644,11.4484,13.2071,7.5615,15.0135,10.1776,14.6262,14.3859,14.2812,15.1982,9.3011,14.2457,7.7002,11.3962,15.0348,17.4052,12.3936,6.8831,11.0208,9.7071,6.144,11.1549,7.4693,11.9523,14.3594,8.9667,3.0049,11.3427,7.4725,16.3577,15.0421,13.0139,11.4969,11.6878,15.111,13.8734,7.0795,9.3033,5.2619,13.2123,4.6413,6.659,4.2987,14.3809,7.016,12.4279,15.2167,11.0744,9.0666,6.2797,6.299,8.6039,5.9853,12.9587,5.4575,7.9476,6.1698,11.2371,10.7775,9.8238,5.839,13.1196,9.9185,7.8758,6.574,3.7528,12.0272,15.6861,2.4676,11.2056,13.2557,12.0305,11.2472,15.3372,9.9706,10.2165,6.2532,11.2483,12.6776,8.891,10.1653,5.9991,13.1847,6.6086,15.111,14.9351,4.8155,14.6706,10.2518,7.8175,8.3083,9.1923,8.1073,8.67,11.7148,15.9052,9.6212,13.0756,13.1569,10.4152,12.0442,14.3933,11.8713,15.0746,7.7564,12.7113,7.2876,9.2461,12.603,12.2235,14.0399,16.1969,12.8976,12.791,11.4608,8.4715,10.4449,8.4439,17.2722,17.5782,12.4428,12.6788,15.085,8.505,10.8754,5.6057,16.7949,13.7111,8.6633,14.6923,16.0411,6.8434,13.7088,16.2016,9.9759,14.4714,4.3413,13.2863,10.8071,16.6488,17.1766,16.8893,8.1144,15.9508,8.1296,16.3107,7.3805,14.8887,11.2403,12.2994,15.5454,8.8183,11.5924,13.9246,14.8037,10.9077,6.5861,15.3884,6.3796,7.0991,5.8187,11.2984,15.1266,3.8127,13.466,7.7034,8.1452,13.9062,16.6811,14.5809,4.7616,14.3974,10.8051,15.6986
"ADH4",14.7149,11.149,14.648,15.4637,2.4162,13.3672,11.9248,14.035,5.6139,14.9496,14.8284,13.4851,12.9084,4.7958,15.4125,9.1116,15.0834,13.9477,9.6077,11.3666,12.0924,14.1339,13.946,9.8385,9.3512,14.3329,1.6595,11.8146,14.4181,9.7054,7.5469,12.3613,9.3592,8.105,13.8942,15.204,16.6005,12.0446,16.8215,14.7624,13.4338,14.2962,12.2645,9.3239,12.4792,10.9989,11.2699,4.0078,16.0148,13.7261,13.4029,13.681,4.0367,13.2294,15.6047,14.152,13.1809,9.3459,11.6326,14.155,13.2699,13.5802,14.0031,12.4399,11.6527,11.0057,14.4092,14.5695,12.1089,13.4561,7.15,12.3028,14.2524,5.9855,9.9731,15.6521,9.4053,14.3475,9.233,13.7175,14.2264,7.0773,13.2692,15.2735,14.1123,9.1926,15.4637,12.3947,12.1855,13.1508,15.5236,2.4871,12.7977,7.578,15.176,16.0656,15.2065,14.4043,11.3334,13.1916,15.0513,9.2507,11.9302,6.8025,3.9158,10.4441,12.9589,9.48,14.6096,10.07,16.331,1.9524,11.8755,15.223,13.5836,6.6597,13.3775,14.3868,6.5957,13.895,14.0405,3.3391,12.0017,15.3245,10.6552,9.6398,12.2379,8.2398,15.1917,11.2031,14.7293,0.9424,15.9799,14.111,8.0295,14.8536,15.3899,13.5442,8.4628,6.4449,11.0112,13.8045,15.2316,14.9468,14.834,6.7538,14.6183,14.7978,16.8133,5.5477,8.6447,13.2891,11.214,10.506,13.8778,9.7112,15.6958,7.1832,15.384,10.1362,15.5611,6.085,15.6649,15.7606,14.8701,15.1238,14.1393,13.8461,14.2942,13.0311,14.4242,9.2179,10.9859,13.1492,15.5252,12.975,13.6371,12.1287,10.9569,9.3341,3.7447,14.5076,8.2101,13.6029,9.7156,12.3786,13.0979,16.3254,12.1824,12.1418,14.864,10.9637,11.2584,12.0163,15.0333,15.975,13.0104,14.8803,13.6882,12.7326,12.5458,13.8312,16.1798,9.485,10.3935,7.0853,3.8602,10.6494,9.3726,15.217,13.7799,10.104,12.9593,12.9324,13.1437,15.3781,14.2349,9.9245,9.7046,14.5676,15.9449,15.3238,9.9499,13.2867,6.9336,8.4701,14.9831,9.2677,3.4473,15.8946,14.53,13.7005,7.656,9.3356,15.0646,14.6943,15.2245,15.3289,10.831,5.8934,13.6767,11.8635,0.6226,16.318,15.7836,9.6256,10.262,14.3614,9.3568,15.4433,4.7206,11.2692,13.3273,16.0023,3.641,4.5623,15.5231,13.0298,14.1919,14.799,14.9662,9.9585,12.2529,14.1369,15.1319,10.7062,13.8701,3.8295,11.3043,14.2562,16.1665,2.4019,12.0783,15.1369,13.9291,17.297,15.196,13.6768,12.3875,5.5881,15.3005,12.1145,15.5321,11.8889,5.14,7.8791,6.9694,15.7056,16.7767,12.3105,15.0564,15.3585,15.0146,16.1744,15.0282,7.7564,13.7606,15.709,12.7375,14.219,16.538,13.4274,3.3997,12.4395,13.9222,9.1952,2.4249,10.9421,3.8962,13.7037,14.0795,13.5832,10.7659,13.7088,5.4011,9.3004,10.8473,13.2263,12.1239,11.5552,14.6205,8.2534,9.7338,11.9292,11.1005,0.7996,12.2188,13.2955,14.3602,16.5226,14.2947,13.74,16.3931,8.5974,15.7801,3.3056,13.4488,12.8323,15.4162,7.7437,10.7708,14.177,4.0984,13.4821,11.5696,14.9518,15.9779,3.5493,5.05,14.7006,13.877,5.8702,16.9972,14.7048,11.5642,15.0197,15.3217,10.4757,6.9593,15.0795,9.6463,13.2206,15.0266,5.4675,15.5144
"SLC22A11",6.3868,3.7766,2.8616,3.5989,2.5558,10.8554,1.622,7.5998,3.4824,3.4574,9.0225,2.2705,8.4196,6.3558,4.1285,3.5348,6.9238,3.8793,8.9347,4.9331,3.1521,10.9446,8.8119,7.9033,1.2961,9.5828,0,4.4852,11.626,0,3.9477,12.045,0.4895,3.4233,7.8569,1.8533,3.562,7.2687,0,9.6704,9.6949,8.0613,0.8025,1.2335,4.3451,5.7736,7.7809,4.8588,0,2.5861,1.4159,0,7.3432,3.1005,8.7919,8.0737,8.8404,1.1205,3.1168,5.5272,5.8031,8.3831,1.2827,4.1116,8.0402,0,12.3968,10.6464,5.086,10.4331,6.2394,7.3003,9.9602,6.0552,3.8097,9.6018,0,9.3147,5.7429,1.9008,11.4979,7.7804,10.5693,9.8288,5.6808,6.9012,0.6259,7.0414,4.4522,5.0059,12.3206,4.2217,6.2436,9.4195,4.2812,1.242,12.2469,8.6662,6.0359,8.7547,11.124,12.3401,5.3101,0,3.6037,2.8898,7.7979,3.5578,1.9109,6.1199,11.1218,7.8637,0,1.1268,9.4818,0,5.5656,10.8778,3.4594,10.4,4.1561,2.3632,3.881,0,5.5864,5.0842,7.4628,5.8843,9.7529,9.5336,0,1.2525,9.0494,9.5644,4.7343,2.3229,10.5129,4.1876,2.2703,0,10.98,9.2165,11.7998,6.1069,10.4884,0.7329,8.1121,6.6665,11.0163,0,3.681,4.4582,2.6242,2.4132,11.0529,8.6069,1.407,3.9996,9.0087,3.295,7.387,3.3793,2.5562,9.1306,10.2405,9.5327,7.5242,10.5146,9.9887,4.3063,8.9994,4.8896,9.7525,5.6388,9.2658,3.2278,1.8508,0,4.921,2.736,2.0708,8.5795,3.0251,9.3917,0,3.8668,1.8056,8.3235,2.0104,8.5117,0.6295,6.4156,4.7949,5.3115,9.8092,9.2069,11.9955,4.1122,10.7264,7.4094,6.0756,2.2999,5.1801,10.7833,8.1227,9.5618,2.0771,7.0711,2.6326,0,0,0,10.3811,12.686,4.2217,1.08,10.9198,2.6793,2.9526,7.9537,4.5944,2.663,8.6883,1.7544,9.4761,7.835,10.9927,3.8138,6.1138,11.6526,12.7448,12.0204,7.0437,6.6258,6.1531,8.9369,0.65,7.671,8.5983,4.1518,12.0595,3.7407,1.3891,11.6635,10.1453,1.2452,8.0811,10.9258,3.7245,0,1.0891,8.2808,3.9554,7.7556,8.7109,5.4087,10.5717,6.5652,9.4934,9.296,0.5947,7.7958,3.2757,3.2419,0,1.9616,3.1722,2.9811,0.5668,5.3597,4.38,4.1378,11.0258,6.171,1.5613,0,6.8394,1.5558,6.4124,0.9438,11.1959,7.3551,11.8404,8.0891,5.0728,0.8858,8.5416,0,6.1987,8.0537,7.7993,8.6864,0,12.0419,1.1299,6.8364,6.5869,3.3309,9.493,10.128,4.1221,6.9068,2.7823,3.6399,9.705,7.1239,2.692,5.3095,6.6405,0,0,1.9985,2.8094,2.3782,2.636,7.1337,3.3833,7.0397,4.0089,8.1048,6.0583,0.8891,7.9552,7.6608,0.8212,7.856,9.0638,5.8439,6.5445,10.4995,12.8854,0,4.8928,4.403,0,2.5211,8.482,0,10.6729,6.9165,0,2.6847,1.7737,6.2258,6.9613,8.0099,7.1572,1.6514,5.1072,12.2909,10.1634,11.1524,11.1662,3.2126,10.3023,2.4785,12.1156,0.6726,4.8656,1.447,6.7957,10.2647,6.3552,9.7326,0
"CTAG2",3.4901,0.4699,0.477,6.5663,6.1376,9.3988,1.4128,0,0,4.6027,10.2147,4.2962,7.5703,0,2.9027,0.5891,0,0,5.0058,0,0,3.167,5.436,0,0,0,10.7012,0,2.8758,2.3721,0,0.5217,0,0,9.9372,9.3725,0,7.7566,0,1.6789,6.2506,0,4.8716,0,2.5437,0,0,7.6425,0,11.29,0.8751,10.4234,1.8953,0.7061,0,6.8091,1.7307,0,0,0,8.4833,2.0446,0.7795,3.0846,10.7886,8.3147,0,0,6.4322,10.614,9.6507,0,0,11.7993,0,0,0,0,11.3509,0,0,0,9.4188,0,0,7.6634,6.9194,0,2.9521,0,0,7.3889,9.0903,0,0,8.39,0,0,0,0,0,0.482,9.3036,9.4095,0,0,0,0,0,0,0,1.7208,9.4461,1.1268,0,0,0,0,0,10.4168,0.72,0,2.043,7.1325,0,0,0,0,0,0,9.5113,1.2525,8.8726,0,9.8063,0,0,0,0,9.7376,0,2.6031,4.5158,0,1.4071,7.4218,0.6006,6.357,1.226,0,0,0.71,1.5786,5.9694,0,0,0,0,0,0,0.6967,0,2.0183,0,0,0,3.297,0,0,0,0,0,8.0025,11.7859,0,2.1201,0,0,8.6431,0,0,5.448,6.0967,2.492,10.1654,0,0,0,0,2.0233,5.5531,2.9924,4.6704,0,3.999,4.4561,0,7.4496,4.822,0,0,6.9913,0.8208,11.8813,6.05,0,0,0,1.2019,2.3257,5.8512,11.2602,5.6944,2.3928,0,0,0,0,5.0722,0,0,1.2224,0,0,10.6476,0,0,1.2936,0,2.8959,0,0,0,0,2.0835,1.2426,0,0,8.0931,3.9644,5.2232,0,11.7004,0,0,1.7155,2.1044,0,1.193,0,0.645,10.7509,0.554,4.6263,10.8767,0,0,4.0636,0,7.1211,0,0,0,0.8844,0,2.9095,0,0,0,0,0,3.2585,0,0,11.4537,0,0,0.9781,7.9987,0,0,0,9.1832,0,0,0,0,0,0,0.8107,7.7993,1.1051,0,0,4.2796,7.1748,0,9.6531,7.2601,0.7998,0,8.8846,0,0,0,6.7242,0,0,0,5.3122,0.6228,5.3379,9.435,6.5834,0,0,2.6419,6.5041,0,0,0,9.5877,9.1503,2.229,0,0,1.1324,1.2488,0,0,0,9.2186,0,0,0,3.0197,0,5.312,5.8998,9.5206,8.0555,0,0,0,1.4356,0.6755,7.6924,6.6795,9.7467,0,4.0828,0,4.0525,9.4915,0,0,0,0,10.6245,0.6558,1.1616,0,2.1848,9.4347,9.8422
"SPP1",11.6471,8.2714,6.5643,7.882,14.3187,13.0146,17.767,12.7502,9.4123,12.1498,13.874,8.4454,13.6398,12.8559,12.6633,13.1865,15.2146,2.2983,9.5167,10.8216,13.1966,15.1032,15.7043,7.1631,15.4742,10.3112,13.4175,10.4384,11.5978,11.6163,9.2253,12.5066,10.7629,16.7,11.7045,8.7577,5.8594,15.5597,4.4043,9.5467,16.2319,8.6115,4.9777,11.6851,10.8187,15.419,14.9596,12.2816,10.2651,12.6595,6.3112,9.9174,13.7093,8.2867,4.7619,16.9579,11.1348,12.4329,6.2077,5.8247,11.4253,16.3118,5.3618,13.9349,13.6952,8.1544,13.8774,8.9109,12.8264,17.1606,13.8509,10.5643,14.3525,13.3318,10.2136,12.1941,11.7106,16.2546,13.097,6.3148,12.0855,12.6905,15.4168,11.2072,11.4638,10.6895,9.1444,11.567,7.1343,11.4941,16.5851,13.6444,11.2194,6.7864,10.8242,9.0122,14.2304,13.3769,14.3951,16.07,8.6397,14.5928,12.3857,9.7564,19.0205,3.789,13.1378,7.5497,8.4349,11.688,6.1492,10.6327,12.9131,4.0347,16.6378,8.7796,10.2296,14.8009,12.3444,14.6084,9.2891,9.8884,10.5908,10.883,13.6849,7.0723,16.476,10.2599,15.7562,7.0998,11.0522,16.691,11.3841,8.9436,13.2816,7.4753,12.3448,9.1531,7.9816,9.7745,9.2928,12.3162,16.6201,11.5404,8.1471,12.7545,14.1913,5.7325,4.9289,6.0665,11.1763,3.9656,15.6903,14.1314,17.2632,14.124,5.1904,13.547,9.6698,7.3668,10.919,6.6328,6.5319,3.2537,9.6511,13.4058,12.3731,12.3839,9.1349,9.9137,15.1598,14.3061,8.8483,10.2807,7.0143,14.6508,6.3771,10.9409,9.87,12.3069,15.5584,9.153,11.8178,15.0331,7.6427,10.978,11.7198,7.2988,16.6725,16.7831,4.88,15.8067,11.1935,10.887,14.3547,14.3816,12.9118,12.2001,12.5294,10.2543,14.2698,3.5191,11.7937,13.2144,17.4545,17.3951,8.9603,8.3149,11.8535,4.2524,13.5042,14.7272,15.6686,15.8196,11.3847,7.7809,16.8783,5.0397,15.3961,3.228,6.2429,9.9537,12.7237,8.5997,16.8163,16.2943,13.1026,7.6687,11.9251,15.1147,13.696,8.2666,11.5153,7.7072,11.4203,13.8948,9.0507,8.9402,17.2786,14.7983,15.2047,12.2675,12.3059,9.6517,11.6035,10.9926,14.5245,10.2725,15.8498,2.6793,16.1643,13.7395,10.0306,8.5888,10.6164,13.8181,6.5551,16.5917,16.5238,11.8079,5.823,15.9524,5.9494,7.8578,6.6841,12.0655,6.741,15.891,4.7282,7.6624,11.0403,14.0435,8.55,12.4597,12.9566,9.2587,13.977,7.5108,9.5841,1.5096,9.2573,9.9229,15.9217,7.0974,16.8379,9.1895,11.5223,3.7501,6.3863,15.0137,11.6973,17.1646,6.0791,16.6237,8.6257,17.493,12.034,10.0381,14.652,17.0462,10.9104,12.8095,5.586,7.6381,13.9902,16.4012,13.5916,10.5777,13.4953,6.6938,10.7359,12.3315,16.5396,9.3126,14.9689,13.6408,9.1699,10.1401,6.9075,10.1981,7.1092,6.1469,12.6862,15.0935,11.0879,17.4216,16.2562,7.3825,8.6025,7.4785,13.9193,5.4037,9.0955,11.6713,5.9325,17.3243,15.4892,11.7388,17.362,14.7295,9.073,6.3071,12.4735,8.2113,15.2839,10.5505,6.3964,13.894,13.0745,14.1268,17.5116,12.3816,15.4746,11.2071,8.2268,9.5261,8.176,8.6718,16.3205,3.9966,4.9967,6.7809,11.5961,15.869,7.8929
"GPR88",10.1994,8.1535,14.1539,3.8125,0.625,7.8345,2.8549,4.3958,11.378,9.6702,3.4895,14.0245,4.4898,9.4537,3.7407,5.5198,4.4358,1.5653,10.8535,5.2455,3.7363,4.6074,7.0876,10.5775,8.3405,5.8923,1.6595,14.0237,7.2858,13.7545,12.8962,3.9828,0.8545,0,4.4362,13.2984,7.1813,7.3623,9.3453,5.7742,7.8853,1.4283,11.586,5.6532,11.516,2.7127,4.6926,8.0052,5.8301,15.1396,10.9059,6.7822,4.0367,6.0725,8.487,6.1046,5.8387,3.0081,10.3866,10.9003,12.7648,7.5706,9.481,3.1576,9.83,13.9977,6.3473,1.6528,7.8528,3.7685,2.7024,5.1621,9.174,11.2476,2.6967,5.0834,0.92,6.6008,1.6735,3.0907,4.1597,6.9377,5.5128,0,8.6359,8.5659,7.5068,10.8231,11.3714,4.1561,5.3201,11.9419,8.3698,8.8325,5.9829,12.2139,1.1122,5.2929,2.4159,6.8431,1.0656,2.1923,10.6207,11.7941,0.6665,7.583,11.205,7.0328,1.506,10.9287,2.7721,8.1173,9.1498,8.9398,8.326,14.6441,5.3948,6.7683,0.5619,0,0.72,13.5336,3.881,13.174,0.8459,12.7516,6.2112,5.1207,5.5931,0,10.8176,0.5468,11.0233,1.627,6.7677,2.3229,4.2198,7.3064,4.2362,12.7452,1.7594,8.3973,4.2363,8.3931,8.8394,13.68,5.6452,11.6982,5.3637,3.2932,12.3673,3.4819,7.8645,11.5932,0,4.6132,4.1308,1.9304,4.7667,0,11.1751,6.2125,4.2247,5.2352,2.6572,3.3508,8.3251,5.5304,5.8612,9.7985,6.0813,1.1171,5.6711,1.122,7.3841,9.9231,8.0719,13.7242,11.4284,2.8817,0,5.5579,8.624,2.492,9.7825,11.7342,8.3203,6.4477,3.9671,9.4697,7.9841,7.6198,12.7909,1.9318,5.0955,4.2665,1.851,8.0549,5.6893,7.6894,8.2121,10.1527,9.3997,1.9077,8.78,5.123,7.5376,4.3102,1.8483,9.6912,9.2317,9.0072,3.5625,0.5582,2.238,1.9204,0.7471,1.0573,5.9465,6.935,10.6822,7.1531,1.6652,3.9301,3.4167,3.6674,7.4395,0.7872,5.6904,4.777,4.1205,5.9082,11.9527,2.5805,7.0636,5.3441,3.4162,3.9055,11.129,6.4346,5.9132,0,3.8026,3.3209,4.0921,3.5245,9.6477,0,8.4573,9.439,8.82,5.0547,12.9122,3.9045,2.2706,2.0814,0,7.7885,7.3905,9.0344,8.6456,10.5955,9.7885,8.7251,7.532,10.7266,3.8437,4.2337,9.6075,10.7949,8.0586,2.7849,4.1712,6.8012,9.4442,11.0149,8.1167,11.7508,9.6051,3.2192,5.3026,7.1397,7.1537,1.1057,3.1747,7.9746,1.8548,12.394,7.9055,12.4001,10.6357,6.2878,5.2972,5.8614,8.8184,4.5641,5.7822,9.6246,7.5793,7.2492,9.2718,8.7873,3.0616,9.8247,5.4878,7.751,1.6712,2.7449,5.415,9.3487,6.109,12.6319,10.4334,11.0406,9.6584,10.6937,10.7235,7.3089,7.2256,3.1135,7.3156,12.7156,3.4272,6.4109,10.7173,9.2969,4.9171,1.2488,8.5166,4.9099,2.4794,12.3513,5.133,9.5406,7.7381,1.7527,6.7029,8.0847,4.1039,9.7692,12.2545,1.3944,3.666,7.3805,13.0497,3.6259,8.1291,0,7.8365,3.6438,0.6503,2.3524,7.4618,9.5695,6.6823,4.5769,1.0647,5.5645,8.9679,9.5446,5.916,5.8978,7.7209,7.769,10.6365
"DHRS2",6.7134,5.5955,6.1603,10.5823,2.1778,6.6724,0.5014,6.398,11.1008,9.1857,14.7091,5.5806,7.7341,8.1904,1.1229,9.7084,12.5704,8.2326,11.377,11.9499,11.9394,4.5024,7.0933,4.2939,4.859,11.9529,3.6121,7.2604,13.7412,13.7282,6.2344,12.8195,8.4942,1.5585,8.0092,9.2906,2.0011,6.0647,5.3966,0,11.8056,12.0806,5.8653,11.8287,7.6831,10.6679,9.6973,5.0818,11.6429,3.3763,6.3412,4.8362,9.8488,6.5322,11.7068,8.2358,5.9512,7.9966,5.182,12.5873,9.3295,10.1748,10.8551,3.8724,4.1415,3.7824,11.1801,12.4312,12.3625,5.0774,8.4508,5.9995,4.123,5.8151,8.0969,5.1684,12.1782,2.5454,2.2171,13.3708,12.5299,9.3662,11.38,13.7976,11.1006,4.1696,10.7424,9.5265,12.1581,8.9036,2.7146,6.9568,6.9208,11.7618,7.6999,3.3036,9.2286,4.3558,8.3109,4.8234,5.3344,10.3498,5.0938,11.1206,6.2172,12.6517,2.6267,9.4915,10.6663,9.5332,8.7793,2.7529,9.7055,8.4176,11.4555,4.8643,11.2195,8.9694,4.4563,5.8174,15.0602,12.2361,12.374,3.7614,13.7402,1.9343,11.6822,9.234,6.8217,0.7238,2.8392,7.0681,10.6677,4.6146,5.0048,5.6623,5.4294,7.3064,11.9317,9.2503,12.0968,2.3069,10.8854,12.5836,4.7485,7.7887,8.5379,8.5665,12.8258,0,4.9226,6.0411,4.3831,12.689,12.0374,3.1415,2.3589,14.2006,4.9769,7.3365,6.7098,13.989,4.1768,13.1531,9.2308,7.559,11.0393,10.0817,8.0486,10.1801,1.1831,11.2635,10.3297,10.1131,4.5257,6.032,11.178,2.5223,5.6705,6.9058,4.4201,7.3936,9.1117,12.2302,12.7547,7.2627,6.078,12.2716,3.5361,12.1913,11.2943,3.1421,3.2342,12.5361,7.3073,7.612,14.5866,4.8154,9.0615,8.0763,2.6218,5.9192,9.9123,4.5587,2.1831,6.8824,6.7361,1.3803,12.4239,11.8627,7.8279,4.9697,8.584,11.4868,9.9265,8.1182,10.8334,9.4786,5.3357,8.7579,10.0135,7.96,11.6985,11.9389,1.3382,4.5726,3.4987,8.8421,3.7125,3.4994,4.6553,9.2151,14.51,7.3143,7.2593,4.2296,10.5177,4.5032,2.4266,2.4139,5.5179,4.9558,5.7807,11.1436,13.7171,7.6118,8.8,3.805,11.5525,2.9273,7.1432,12.4334,5.383,12.7428,7.046,10.8511,12.3177,7.9695,9.9661,13.7721,15.0688,11.6372,11.1952,1.4287,11.773,4.7578,3.0222,4.189,5.3555,6.3648,7.0095,3.2585,7.9057,7.8978,10.4361,14.631,11.0966,3.4194,10.0717,3.3556,8.2729,11.2688,10.922,11.7097,5.2251,5.8318,8.6998,13.0656,5.5521,12.231,7.865,9.7593,4.3335,12.9732,5.5834,0,5.8409,2.9445,7.2462,8.7703,9.2858,6.6652,5.1213,2.5641,12.3265,7.9979,1.6712,11.8241,8.4879,4.7038,10.74,5.7123,6.3455,3.6733,9.1893,9.27,12.7326,2.5902,1.9648,7.2436,10.9403,11.9802,13.979,13.7095,4.0301,2.7917,8.4576,7.2904,9.596,9.93,2.4794,13.1568,4.2436,8.6965,5.0172,4.3613,11.5467,12.0589,8.9822,3.9699,6.2853,9.5934,3.4165,12.0798,13.0335,10.638,14.4858,13.6316,4.9905,6.6192,11.287,1.6104,15.2921,4.0145,2.4198,9.3023,12.3442,12.5493,6.645,10.0386,2.9642,8.3115,7.61,8.7657,11.0595
"INS-IGF2",0,7.7863,0,8.689,0,0.3248,7.4774,0.5057,1.295,3.7863,7.3009,0,0,0,0,3.9517,0,3.9012,0.4016,7.387,5.2278,0.9901,2.3441,0,5.6554,7.9312,0,0.9692,4.5624,4.8116,0,6.4325,7.3375,2.7274,0,0,12.3079,6.6719,11.377,8.3691,0,3.6781,1.17,4.6071,0,3.0379,0.311,3.6615,6.4428,0,7.529,4.9325,0,5.0353,8.9753,0,0,4.921,0,4.3721,3.9519,0,9.7398,9.9361,0,0,5.9032,2.8814,1.1225,0,3.2235,6.2304,0,6.9628,0,10.1015,2.7652,2.0097,0,6.1373,0,0,7.634,0,6.4088,0,4.7316,0,0,4.4847,6.8325,1.2591,8.9515,2.4953,10.9553,3.5182,3.8412,2.7887,1.2842,1.219,8.6566,2.5272,1.5473,0.7458,4.3617,6.5712,6.1937,3.9697,0,1.8266,9.8439,8.5374,0,5.4231,4.8771,3.5161,9.302,5.231,1.2544,0,3.149,0,8.0212,2.6576,3.8235,0,0,4.0537,9.7703,2.1548,10.6647,1.7284,0.7543,6.5731,0.9373,0,1.9426,0,5.0461,5.8168,7.201,0.9947,4.1888,6.5379,5.1927,0.5656,10.4824,1.9451,3.0246,0,2.4491,6.0639,6.5873,1.0578,0.9786,2.0488,10.1003,0,0,5.3766,0.7563,6.8893,12.2272,0.5872,7.5145,4.1228,4.2026,2.16,0,9.4205,3.7505,4.6858,0.4658,3.461,10.6037,6.7504,0,0,1.4876,5.7119,0.7314,1.1061,1.7571,0,7.979,9.3751,5.6513,4.3416,8.2131,0.8207,6.5848,0.9029,0.8193,4.5994,3.9539,7.4195,0,1.4908,0,7.2515,5.0243,9.9036,11.0591,0,5.4511,0.6725,0,1.3624,4.9261,1.978,6.1481,0.6156,0.556,0,5.1274,7.4448,0,3.9332,0,6.0887,10.1969,5.3674,0,7.2924,0,0,0.8942,4.3203,0,0.9944,10.7805,4.0078,5.969,5.7873,6.0348,1.2426,9.0944,10.5105,0,1.3914,0,5.7863,4.1813,10.7015,6.7809,5.9351,0.868,7.4931,1.5506,11.9806,0,8.1196,0,4.8476,0.415,2.6764,12.9569,0.7038,6.4459,0,0,0.5149,4.0067,11.5878,0,7.9767,1.3041,0,7.5054,5.065,12.0786,0,6.762,7.9234,1.3346,7.8929,0,8.5785,1.2648,0,11.6518,3.8943,0.676,5.2709,0.2216,7.4775,4.5234,0.5283,12.9115,0,0,0,3.0952,11.8989,0,0,10.2365,0.8383,0.5781,1.9895,12.3221,0.6539,0,0.8631,10.6176,0,0,9.8708,0,5.7653,0.6228,0,0.2916,7.9585,1.1982,1.9111,6.9633,3.6102,2.3189,4.4272,7.9005,0,5.9264,0,0.7767,0.8148,0,4.233,4.1536,11.3428,1.1004,0,9.4478,4.3243,11.496,0,0,0.6743,3.6073,0.6881,1.263,7.8204,0.4887,7.6977,1.8309,0,0,0,0,0,0,0,0,9.2718,7.6855,5.2547,3.9065,4.5302,0.7915,3.3027,0,1.9346,11.49,0.5319,2.9273
"UROC1",9.8254,5.2018,11.1237,12.529,1.0597,1.2647,5.9073,7.6591,9.1217,6.8066,9.0569,7.0392,8.5479,5.2706,1.1229,8.139,6.2609,10.9158,9.5452,11.3422,9.3809,3.167,8.4851,2.2026,5.4455,3.3985,0.8982,4.9568,5.996,11.854,12.3463,5.3754,10.3043,3.8697,9.3244,6.5711,11.2319,5.3828,12.3783,0.5265,11.3217,5.8424,12.3439,12.1003,5.5759,9.7717,11.3327,10.2363,13.4228,7.062,11.2132,10.554,0.931,8.0835,6.7076,5.086,9.9921,9.1108,9.8461,11.5676,9.3652,3.3752,12.7677,6.0476,5.918,11.8904,1.9686,2.4029,4.6175,6.3495,3.0609,9.0171,5.001,4.3093,6.6195,2.9736,9.5514,7.92,7.0486,10.5441,12.4062,3.9844,3.4104,4.2976,10.4636,1.6944,11.9254,7.4338,11.4555,10.2399,7.9818,0.4687,10.3008,3.0308,10.2837,12.8018,3.9013,10.8325,4.8673,4.4253,8.1278,0,9.4612,10.0065,3.7367,10.6977,12.7181,11.5743,10.2562,3.47,5.851,10.6483,11.6096,11.7206,10.5115,9.1171,8.5513,7.5628,7.1541,3.7927,5.3392,0.8711,10.9638,9.4834,10.3211,8.7761,6.471,8.7667,9.0468,0.7238,4.3177,2.0793,8.2474,7.3149,0,2.0713,6.1257,8.9604,10.7704,11.2588,9.9519,5.2984,9.5847,10.8662,7.3575,3.4933,7.9071,3.9251,8.5074,2.1767,4.3163,10.6433,7.8816,10.6269,3.6557,7.8811,8.1721,8.0412,4.9769,8.182,1.5173,7.8014,7.919,4.3281,10.0524,11.9715,3.8085,5.1653,6.2082,8.5803,9.6431,10.3609,9.4709,9.5334,10.8118,9.8012,1.4531,12.0068,5.3557,8.5428,0,8.6287,7.8019,8.3017,11.1116,10.7146,11.2636,10.7646,9.0609,9.658,12.986,4.2013,10.3869,9.4612,8.014,12.3413,5.5433,2.543,9.3517,11.1655,10.0937,12.6189,12.6846,3.2105,5.703,3.8139,7.1101,0,5.0665,12.9202,4.2637,8.8859,8.5518,5.9195,10.2415,12.8471,11.594,10.2836,0.7737,5.1423,12.5648,11.1213,4.1995,9.4648,2.4815,7.7754,11.065,8.9198,4.6564,2.8959,5.9697,1.9205,11.5254,7.8811,10.5228,10.873,10.4041,10.3485,4.5614,9.9051,1.8032,9.0113,0,5.7322,8.0495,10.9668,4.4348,2.0191,4.5551,12.558,1.933,7.323,2.0967,10.1598,5.2331,9.271,2.4695,7.5284,9.1542,1.7073,8.7873,11.8492,10.1358,9.56,13.0534,7.6016,7.8667,1.7219,10.5742,8.9465,10.8081,8.3564,5.9602,12.2204,5.0529,12.6598,11.9587,11.266,12.2356,12.7658,11.0808,9.5367,10.2075,10.1296,1.6514,4.0966,9.8242,13.1131,11.648,10.1847,10.4709,2.4866,4.4585,5.211,7.2698,0.7043,11.3476,2.704,2.5677,10.9251,10.9202,1.159,10.6677,8.3127,4.1974,4.6337,5.4098,9.3539,10.6915,11.1281,12.5326,4.0425,11.1258,12.6266,0,9.2988,10.2768,10.3067,1.7324,10.0806,12.4123,5.5015,11.8975,9.3991,6.6538,0.7996,7.9392,9.1657,11.4246,8.7811,2.4794,10.7813,10.3726,11.1151,12.8023,0.6713,8.0184,10.6233,11.7289,5.2119,9.5152,11.7895,1.1439,9.4599,12.634,6.7372,10.1397,1.4399,3.3745,0,4.1767,1.6104,5.9486,10.9226,2.2651,12.6317,3.4363,6.0898,10.8204,11.6198,12.8895,3.9686,12.3184,3.0238,7.9397
"PDZK1IP1",11.4964,3.8165,12.3456,7.0858,13.7082,7.933,10.2169,8.6488,4.839,10.4845,0.551,5.9588,7.3674,12.9085,9.4932,3.0983,9.2444,9.0737,10.1376,11.4268,3.6819,8.4742,12.7357,4.0543,11.2267,10.7842,2.0082,8.5718,10.9358,10.1406,5.965,6.8027,7.268,5.8597,2.6234,9.559,8.9556,12.2404,2.997,2.547,12.7666,4.334,12.094,9.21,4.226,8.2336,9.125,3.9586,10.4635,9.5114,4.2108,12.9902,7.3432,11.4613,12.3308,5.6701,0,2.8604,11.5255,9.4469,11.6373,13.4016,6.0487,12.4233,12.1147,2.067,4.7037,11.1456,13.5587,7.6705,10.9658,6.5389,7.2976,6.3881,6.6494,10.4507,5.197,2.3636,4.7696,4.177,3.5201,3.7501,9.9779,11.2379,12.0054,5.4277,6.536,11.376,7.1343,8.2435,10.7267,4.6978,8.3986,3.2278,10.4522,9.0179,8.9456,13.4481,11.6368,4.5706,8.1831,9.1764,3.8339,11.7819,12.1276,5.9706,8.105,11.5289,10.8123,5.7025,4.7249,1.1031,4.521,4.99,10.9858,11.3097,5.1021,6.1793,11.8435,6.9616,13.3537,6.7205,7.0316,14.3302,4.931,12.2354,11.9985,3.635,7.9165,4.4919,8.7275,12.9606,7.3676,1.3599,6.42,12.0388,4.702,10.7207,4.6565,12.8169,2.1948,0.6452,10.8489,4.7855,2.7019,4.106,9.8503,1.6261,6.0285,7.417,4.1339,1.8251,7.7991,8.2214,5.63,7.625,10.6777,11.3554,7.1972,2.298,10.0851,2.048,7.9831,9.7233,8.6515,13.8641,13.4796,10.0946,9.2593,7.2251,4.3262,8.4607,10.0433,2.9013,0.8375,12.1165,12.578,13.4436,7.6395,4.8559,13.4743,11.8509,10.1093,13.0788,10.6595,7.6608,3.5626,9.5324,12.0498,11.1189,8.2663,11.448,10.7549,12.2256,2.6675,10.0341,10.6811,11.5396,12.611,5.4881,9.1943,8.8561,8.7282,3.0278,11.246,12.8837,13.1444,6.3917,6.3042,3.0041,8.1025,2.5335,5.5279,4.2079,10.0114,5.5788,7.5302,1.8886,12.8964,4.6109,10.2748,8.5275,11.3245,4.6629,13.924,10.3737,8.9875,8.4781,7.835,10.3321,6.155,9.5254,1.7168,5.1394,2.9024,2.3501,13.4026,10.6691,11.8961,0.624,4.9486,1.868,5.3555,8.2238,12.539,0,6.4803,3.9545,6.69,0,12.471,8.2323,11.9065,7.6591,5.6333,7.4468,8.0269,11.5211,13.7482,12.6009,3.0255,12.8796,7.5089,8.3668,12.1099,9.2604,5.7897,8.1129,1.5484,9.1538,8.5758,2.8929,4.3424,9.15,8.1394,5.6676,12.149,0,2.1266,2.9002,10.6608,9.8255,10.194,4.2805,10.4232,5.2434,9.1049,4.155,12.4058,13.0917,11.777,13.0019,10.4118,8.7657,9.9519,10.8572,12.6423,6.9068,10.7728,11.587,7.6291,11.9221,11.9904,6.1251,11.1018,11.7197,7.6777,6.2557,4.1679,8.4843,3.0033,9.8645,11.9507,6.2902,9.5282,10.748,0.608,14.0286,9.672,5.2478,5.525,2.1401,2.969,10.075,5.5312,11.7603,11.006,3.5864,3.3436,12.22,6.5671,13.6572,6.1247,3.4696,6.4443,13.3874,9.6572,6.6424,12.9496,9.9847,12.5772,3.1045,1.5927,11.4598,13.2368,2.1962,0,13.2224,13.3325,7.5788,9.9819,10.8843,7.0524,9.2678,10.6501,5.0449,8.6923,7.1473,6.3613,11.5824,4.9103,7.8075,7.5292,7.2909,12.4594
"HAMP",12.4923,7.7893,1.5651,12.3337,5.6459,10.8466,10.9286,8.8561,11.866,5.3357,2.8168,2.9437,6.5515,10.673,5.0866,1.5932,12.5617,8.4092,3.7704,11.4835,5.7218,0.6509,4.469,5.4475,8.2961,1.4246,5.0041,10.984,10.5437,4.1883,1.8767,3.1441,3.4191,6.2766,3.3001,2.9133,12.449,9.8151,12.1525,1.2148,5.826,5.0004,5.6255,7.1451,9.2133,9.0616,16.0541,3.0948,4.8765,3.191,5.83,4.2,5.2197,8.0005,4.7619,14.8095,3.1884,5.6862,5.182,8.2126,6.1154,8.2817,4.3965,12.2708,5.918,3.1659,3.7887,0,6.2321,7.4233,7.3549,11.9151,2.8243,6.0637,7.3159,0.7532,9.2846,10.9023,8.2613,9.2656,1.7344,2.9116,2.0232,4.5737,11.8508,5.6624,5.8856,13.8718,2.8206,11.7135,9.9844,3.9623,8.1398,0,12.8587,7.3707,4.1098,12.5034,9.5917,9.782,2.4255,1.577,11.1198,7.1443,4.1245,13.1832,12.3518,9.4902,9.1162,10.1927,11.1964,3.2647,10.2272,10.4852,9.1688,6.6714,11.0007,8.3276,2.6411,5.685,2.7709,0.8711,5.2883,7.4849,6.9238,6.0216,8.631,9.1518,11.7813,0.7238,6.0623,3.6463,4.8315,1.3599,3.6886,16.1194,8.7209,6.9117,4.6565,1.7454,2.9184,11.5133,7.1561,8.4881,10.4588,2.1078,11.3009,6.1773,3.7062,3.2932,7.6619,6.3075,10.1932,5.8794,5.4676,8.1941,9.9829,5.3681,0.6869,6.1799,7.9655,5.7767,1.5011,9.6064,9.2362,6.0315,6.2965,3.9871,3.2493,9.8996,5.0059,4.5,3.431,5.2723,5.4164,9.6106,1.2038,5.7096,2.6613,7.2723,3.2933,7.9184,1.7571,7.2526,6.636,8.7092,3.8391,10.2493,6.0248,7.4882,9.3951,3.8988,7.5274,4.7942,11.5245,11.8883,3.2441,5.3083,0.5812,11.5263,6.5157,10.0182,13.4446,2.4339,8.4701,12.4103,10.6391,4.5512,8.8456,9.6212,5.5615,1.6456,0.556,1.2734,6.2965,2.5883,1.8929,7.3597,7.0969,0.8774,15.2633,15.1663,9.6577,11.7423,3.4839,8.4576,1.8383,6.8537,6.1252,3.4994,9.3931,1.4175,7.3671,3.7499,6.4841,0,11.3381,14.8999,4.0914,11.2494,0,7.4441,6.5014,1.7647,5.5221,7.0306,8.4513,9.0077,7.7621,9.9197,9.7587,7.6822,5.6484,8.2198,6.8274,5.2746,0.6483,6.2918,9.304,0,4.6129,2.8114,8.6853,12.2838,11.0018,8.1086,4.7926,4.6516,9.7097,4.6754,7.1868,3.9998,0,13.1075,10.312,8.0716,13.0898,5.1271,7.5665,0.9438,2.6067,3.0991,2.382,6.4401,4.2631,3.2446,8.7707,5.538,13.2217,11.2835,6.2924,0,9.8637,3.1556,2.1908,1.5301,11.47,7.3962,3.3033,9.586,13.8317,3.0701,9.9559,9.3067,3.0254,3.6907,5.1237,7.914,8.3918,6.6535,8.9839,3.0857,3.9775,14.4141,4.8803,8.6684,5.7391,4.807,5.6871,14.3578,2.4606,5.8387,2.9078,3.5016,9.5304,2.4445,8.3951,8.0325,8.6421,12.8293,7.3529,8.0461,5.8535,10.7314,5.2728,3.8706,9.8307,4.7663,12.2343,4.77,2.6166,3.8653,4.8889,3.7466,6.4161,5.1791,10.6157,2.1461,9.8797,0.9143,4.2214,3.4267,6.7549,5.0006,0,10.998,4.3681,5.1476,10.8688,3.6449,0.6947,2.7517,9.8019,4.2352,3.9901
"MT1G",11.4276,8.6803,11.1764,11.2402,6.3539,10.2003,9.6209,11.6065,1.9662,8.5047,3.761,9.6238,8.1009,9.7702,6.0003,3.8694,14.3963,2.782,5.5757,7.7836,3.7363,1.0978,3.9162,5.7667,7.7722,7.4837,7.7581,7.2747,18.3602,8.2018,4.0444,9.4105,0.8545,8.7942,7.8244,13.4789,14.7133,8.3692,4.9301,5.7625,8.1177,1.4283,3.9201,8.5178,13.5221,7.4518,10.6374,11.1319,4.3769,13.1702,2.5861,10.8366,6.8709,4.7489,10.484,6.4381,10.5363,5.4222,3.5539,9.0883,11.8319,10.0052,12.3996,12.3942,3.9878,10.7058,6.5848,6.4392,8.6737,5.4595,8.1051,11.2788,6.6634,10.8378,5.7116,4.8633,14.3967,15.0372,9.6097,3.4018,4.2059,4.2322,11.931,13.8205,18.4397,6.1543,13.8233,4.8983,11.5353,9.9847,11.5414,5.3817,9.1441,10.1612,13.5255,13.3831,8.8177,5.7598,11.2492,10.4109,9.3179,6.3976,11.6875,9.064,7.2747,2.5382,11.5644,5.98,11.9665,12.3867,10.8109,1.1031,6.4267,6.1222,8.3231,7.7277,9.3281,9.3576,5.0402,7.1239,6.6443,12.123,7.3179,10.6558,7.1833,3.0918,6.9007,5.825,12.082,3.1405,2.9316,1.9127,12.6378,11.4194,6.1496,14.5705,6.9658,14.9677,3.1124,12.0266,8.9817,14.9327,13.2625,0.7977,11.1709,12.2948,10.2828,3.8849,13.3242,5.3122,6.4983,9.3404,8.8252,6.4428,8.1642,7.164,12.0376,4.0412,7.5516,0,5.1353,4.2301,11.3117,5.0724,14.273,9.7769,5.5547,6.2219,18.516,9.7003,9.4509,8.5845,0.5993,4.8984,13.7698,6.8536,10.1953,7.5057,1.8731,4.0811,7.1564,5.0812,5.4802,7.7555,8.2845,10.1602,4.5002,5.9609,7.8902,8.0351,0.6295,11.098,9.1755,7.0964,9.1711,9.4311,11.0027,9.4054,2.5755,10.8869,7.3895,11.6137,14.7194,8.5561,10.2499,10.0576,2.7645,9.3792,9.6216,3.5893,9.5848,9.2548,4.4389,6.9188,7.8834,4.7042,5.1538,3.963,7.9141,8.8392,9.4981,15.3493,6.8859,11.594,7.9752,7.4692,9.7958,1.6677,5.4206,6.8859,9.5349,10.731,3.9878,6.3121,8.0227,13.0233,11.3257,14.2466,9.569,6.7423,9.8208,5.3798,14.2587,8.1404,10.6264,6.7778,10.923,15.7328,8.4938,2.6793,6.5634,8.9805,5.265,7.9735,5.6801,4.4243,5.6377,8.175,10.0646,6.5529,16.2148,5.786,4.9438,13.6335,15.1533,7.8299,5.8797,4.7779,11.5265,8.969,13.8303,9.0209,3.3328,10.9512,13.8814,6.0511,19.3292,8.0542,9.5946,2.7097,3.9734,17.2814,12.3807,3.5783,6.0857,2.1346,8.1809,7.3645,15.407,9.7881,4.8733,4.5155,13.0653,7.9695,11.4134,5.3451,10.6258,5.0916,7.1937,10.2853,14.9847,5.1255,0,8.2597,4.7828,7.5364,6.4206,5.0855,9.2649,4.3878,12.2029,8.0369,7.5493,13.4154,6.1046,9.8972,8.789,6.8797,4.4145,8.7683,6.0583,4.2397,6.3572,4.9654,5.8707,8.3703,8.1324,6.5426,4.2072,14.4467,9.1968,7.2313,7.1693,3.5546,10.5918,3.2165,5.764,4.6683,13.0972,8.0535,11.9128,7.3178,7.3244,5.6034,11.0691,1.7606,13.8405,3.2578,9.9241,14.0487,8.0418,6.5845,9.9851,7.1456,12.3395,9.4589,8.1868,7.9786,7.8924,13.6624,8.5105,4.5024,11.1286,6.9233,11.384
"ISX",4.9133,0.4699,2.0476,1.7726,3.2334,5.0251,0,2.9804,1.295,4.8723,6.7039,1.2836,7.8028,8.9344,4.5103,2.1795,0,4.7788,8.6607,8.69,2.3059,9.6372,8.9029,0,5.7486,6.5663,0.5178,5.9213,0,9.3955,8.4335,5.2816,1.1454,2.2902,7.8055,7.09,0,2.2864,0,0,8.263,1.9332,1.6926,0.7448,3.1782,2.7127,0,0,0,6.9786,11.2193,6.8735,5.1478,1.5332,9.3201,7.8739,3.3611,1.3593,5.8718,7.0707,9.5423,0,0,0,0.6732,5.9263,10.8086,9.5371,2.5133,10.1749,8.1185,0,1.1483,8.1224,4.7934,11.4618,4.8849,0,6.6789,7.8238,0,0,9.0662,9.6392,4.8551,4.5736,11.4008,6.6035,0,9.1457,2.7146,4.1611,7.9465,0,0,0,0,4.6421,6.8187,0,5.3344,2.6223,8.0138,3.484,7.2747,7.5587,3.9535,6.3032,0.9413,0.7416,4.8887,8.6886,0,1.1268,8.7831,0,9.7322,3.6187,5.6724,7.9899,9.0807,8.2811,9.3585,6.6651,9.0316,6.7829,6.8145,8.9639,4.6227,0,5.5231,1.7243,7.7362,1.627,0.9373,0,2.9683,0,1.5421,8.5494,1.1328,0,6.8669,10.3274,3.1226,7.5973,0.6006,6.4495,4.6499,0,4.651,9.6246,5.1844,1.0578,5.1192,9.5728,0,8.6565,0,5.6145,8.0079,5.2714,0,5.9012,6.4751,0,5.4512,4.2546,5.1637,5.9489,1.1831,9.2598,10.8054,8.4554,0,6.5909,0,6.5034,2.9369,7.6759,6.0667,7.4181,0,8.5355,1.8375,9.5163,8.9421,0,5.8079,9.6457,7.9872,0,9.6229,9.5478,1.6514,1.2336,10.6445,8.6457,0,9.2871,9.1858,2.9146,3.2374,5.7358,4.2639,8.2724,1.194,0,7.4533,0,0,0.6156,0,0,8.6528,0.6389,5.9712,8.1646,0,0,1.6347,0,0,1.7544,0.594,5.6163,8.7521,3.8864,7.4092,1.5524,6.9399,0.6389,6.1679,5.7695,7.1756,7.7515,3.5624,0,4.7686,7.3325,9.0495,5.707,5.8226,10.8283,7.798,0,9.3451,0,0,0,4.4867,7.3776,1.5224,8.7963,1.4002,8.5931,10.9716,0,0,11.2779,8.9345,10.1047,8.724,0,0,5.65,0.9188,5.5886,3.4093,0,0,8.0904,4.3821,5.5762,6.8954,0.4621,1.0229,10.7349,0,1.5096,0.6468,8.2377,9.3716,5.9952,8.2831,8.7985,8.4035,0,0,9.318,8.6945,11.6979,0,4.377,0,0,0.8164,4.3716,8.8279,9.4535,2.4268,3.9815,8.4425,0,8.662,5.0772,1.6712,6.1438,9.3492,0,1.0564,0.5843,6.9471,3.575,2.2611,2.8505,8.649,6.4325,7.5501,1.8284,8.7051,2.1401,8.2157,0,0,5.1472,7.5833,6.9723,9.2268,1.4748,0,6.8461,0,4.9016,9.2459,5.0951,5.4988,1.9924,4.0461,6.1923,7.6887,8.5427,0.8532,7.622,8.831,6.7849,7.6364,0,1.2257,10.5271,9.9762,7.6635,7.6893,5.8968,0,0.8174,10.1293,6.8533,8.5862,0,6.3138,12.018,3.2498,0,4.2498
"COX7B2",9.6068,0,1.1212,2.7655,6.3587,7.9858,0,1.1719,0,8.6769,5.2202,7.9937,9.159,0,1.7466,0,0,0,8.4115,0,0,4.9106,7.155,0,4.5584,0,0,8.2314,0,3.1427,1.8767,7.9541,0,0,9.029,8.7067,0,7.8923,3.1308,8.2707,0,0,9.5811,0,7.4768,0,0,8.3096,0,7.8453,0,9.5704,0,6.7254,0,8.891,7.5565,0.4765,0,7.8954,7.3478,0,2.5886,0,7.9459,8.436,0,0,10.3148,8.7889,0,0,0,4.2805,0,0,0.92,0,9.0304,0,0.6616,0,7.0434,0,1.9238,6.4557,8.619,0,5.0883,0,0.7617,7.2466,8.1902,0,1.7249,7.7641,1.1122,0,0,0,3.1129,0,9.4129,8.4285,0,0,5.2185,0,8.7475,0.7416,0,0,4.4852,10.8131,0,0,0,0,0,8.2511,0,0.8711,0,8.7646,0,0,1.726,0,4.3501,0,7.7228,0.5468,8.1249,0,8.3458,1.3792,7.1505,0,0,8.666,0,0,7.7299,0,0,6.6858,5.9158,10.014,4.0934,0.911,0,0,8.1269,8.6809,0,0,0,0,3.7872,0,0,0,0,0,0,3.0141,7.8314,1.1966,5.841,0,0,0,0.5993,0.6675,0,7.4992,0,8.6686,8.257,0,0,6.938,6.5999,6.089,0,8.2667,0,0,2.333,3.1148,8.793,7.3848,8.1452,0,6.4372,0.7448,0,7.024,4.0768,0.9514,0,0,1.3408,9.5221,5.0825,0,0.7171,0,0,2.8114,8.548,3.9911,6.0419,0,0,0,0.7471,0,6.4288,0,1.0375,4.2977,0,0,2.8305,0,5.6422,0,1.4067,0,0,0,8.5831,0,8.9866,1.9001,0,0,4.3711,8.6548,7.4205,0,6.1311,0,0.7156,0,0,0,2.0757,0,0,2.3548,0,8.742,7.3988,0,0,7.9767,0,7.2661,9.2947,5.1235,0,0,0,0,1.4756,0,0,0,0,9.5789,0,0,9.8501,0,0,8.3739,6.164,0.9438,1.4314,0.9606,9.5186,0,0,0,0,0,0,1.7059,7.5962,8.5334,0,1.2132,7.653,7.9191,4.0859,9.8514,7.2877,1.6882,0,8.9544,0,0.8631,0,8.3579,0,0,8.5307,4.7655,8.1465,9.5867,0,3.2324,0,0,7.4427,8.1819,0,3.1135,0,9.8039,8.8745,0,7.0871,0,8.4078,0,0,0,0,6.2188,0,0,5.4607,0,0,7.6265,4.9397,9.7479,8.5336,0,0,0,2.6124,5.1059,5.2093,6.0371,0,0,8.605,0,1.0534,7.3904,0,0.8174,0,0,7.2015,4.9235,5.6219,0,4.2812,0.9197,3.2661
"DMKN",7.8314,0,0,3.9985,1.535,0.7667,9.4237,0.7019,6.6832,1.0768,9.1125,0.5637,8.7094,7.2638,1.9799,8.1103,8.0297,8.6743,0.9802,6.5749,9.0767,0,2.5558,8.1999,6.5458,0.6429,7.5775,4.235,1.7249,0,0.6178,9.1097,8.5135,11.2577,5.889,0,3.562,7.8525,1.3516,0,0.7015,0,0,3.7905,5.1217,5.1773,3.0387,7.1677,8.8753,0,0.8751,1.4843,3.3314,2.9901,1.0036,5.9593,5.2518,8.2252,0,0,2.9934,6.9228,3.4634,8.8038,4.9134,0,6.2731,0.778,0.6678,0.4236,1.3039,11.5662,0,10.9195,10.4476,3.4056,11.949,6.5801,9.0838,7.4195,0,1.1284,4.5441,8.5158,1.9238,0,0,7.3902,5.1166,6.9524,1.626,2.7566,7.6673,3.6272,7.6428,0.7507,0,5.5907,12.0708,3.4414,3.1129,0,8.9349,0.7889,10.6128,7.1665,3.1316,6.6961,0.9413,3.0691,2.9802,3.5737,1.4272,0,0.7135,7.4074,7.1343,1.0529,7.8278,2.3093,7.7713,8.8924,8.1706,3.1688,10.3514,7.6126,2.8389,7.2148,4.0136,0,0.5592,11.5951,1.6137,4.9432,4.1267,3.4071,0,3.5025,5.2707,2.5125,0,3.8616,1.4474,6.9317,1.9082,6.2999,7.0174,0.8755,2.3269,6.9672,7.7342,9.5797,4.9261,4.8641,7.8382,7.8373,3.553,7.8047,0,9.4346,5.8139,10.0706,1.1508,1.3258,1.3315,3.6236,1.9215,0,0.4908,3.0325,2.748,9.8119,0.5993,10.6928,0,6.6642,0,0,2.9369,8.8598,11.3975,4.3234,1.3712,0,1.8375,7.6999,9.2818,0,10.0299,2.834,1.9012,0.9029,8.1452,6.1433,0,6.2986,8.3954,2.543,1.5774,7.9349,4.5088,2.0943,5.9791,2.4339,0.5906,7.7185,0,4.1565,11.2053,1.5881,5.3792,3.7269,1.2694,0.5582,8.087,7.3097,2.1349,8.1372,9.819,0,1.0375,6.9347,11.7625,8.573,6.0038,5.8345,0.8942,9.6672,10.3751,1.5524,1.3569,0,9.4506,10.9051,8.0929,9.3228,2.7423,0.7649,0.7903,5.378,0.583,11.8401,7.2076,1.1368,1.1918,8.3759,8.7232,0,6.8433,0.6786,9.4135,11.2768,0,0,9.9044,9.3742,2.7383,1.5293,0,1.7073,0,0.8093,4.7578,0,1.2051,5.4965,0,10.0961,8.556,4.3494,6.8327,9.7618,0,6.171,10.8255,0,3.5008,7.106,0,7.5226,0,1.5321,0,8.5368,7.5938,3.3682,9.6705,0,4.4201,2.2542,0.9587,0,5.7281,0.91,0.6729,0,2.6616,2.0538,5.6661,1.6882,6.2049,2.9601,8.0962,0,0,1.5779,10.928,7.3785,2.8425,0,1.0564,1.5837,2.8094,3.7652,0.9623,7.4677,6.944,1.8119,5.6871,7.0207,0.7168,0,9.0289,10.1556,1.7227,0,2.7994,10.6996,10.5865,5.5444,4.7717,0,1.135,6.9379,2.455,9.4466,6.3771,0,3.385,2.7007,0,7.6995,4.1968,7.6321,4.4236,2.5303,1.0874,10.5165,1.2257,9.335,1.0969,0.5977,0,1.6171,0,2.2663,0,9.2223,7.294,0,2.845,0.7112,2.394,0.5319,0
"UTY",0,7.3009,0,5.9176,7.6022,0.7667,8.238,7.9351,8.2553,8.9665,8.0882,9.3322,0,7.5448,0,0.5891,7.5802,0,8.1987,5.5728,7.0938,7.4314,0.625,0,5.4694,7.6821,6.8126,4.7808,0,7.807,0.6178,7.8544,8.4111,0,5.1563,0.7253,8.1492,8.4191,0,8.2624,7.6174,8.3918,0,8.8742,0,6.1,6.2702,0,7.4415,7.3545,0,8.4453,6.9682,8.6509,3.9136,7.0741,2.883,8.4306,8.384,3.8519,9.0797,7.3043,0,6.952,3.3942,10.0822,8.0209,7.3126,2.3563,3.873,7.6522,0.8708,8.4112,3.6292,9.1871,7.9649,0,0,7.2349,8.5424,0,0,7.3641,4.9086,7.7745,0.5334,8.3765,0,7.8546,5.3112,8.0132,8.473,8.7242,0,8.2322,0,8.0452,7.2928,0,7.0306,9.5586,7.9711,0,7.1882,0,0,6.8824,8.5749,7.581,7.1579,7.6838,0,0.6444,0,7.5824,8.9938,7.9838,8.5895,0,0,7.8902,8.4951,0.6997,8.6908,4.931,8.3214,7.6346,8.4837,7.552,7.4722,8.141,0,7.9911,8.9482,6.168,7.6174,8.4095,8.1758,3.4851,8.7519,0,0,7.0535,0,4.6252,7.1864,1.0233,8.6825,8.5748,0,4.5672,7.7711,0,0,7.6914,0.8339,7.9248,0,0.6869,0,8.3363,8.94,8.4959,7.2826,7.6415,7.4464,7.9171,7.6759,9.4478,7.7617,6.8658,0,8.3846,0,6.933,0,8.3679,0,0,0,0,8.45,0,8.3789,0,1.1605,0,7.7994,4.4054,7.705,0,3.1421,5.4533,8.7843,7.8794,5.5532,3.2441,9.1868,6.0223,8.2633,0,0,8.1213,2.8186,8.2789,0,8.6047,0,0,2.3257,0,6.1111,7.0048,7.3067,8.3965,8.6594,7.7955,0,0,8.048,8.2487,0,2.9097,8.1771,5.4013,6.9638,8.1688,0,8.1549,0,7.7939,8.5043,0,0,0,7.5972,7.869,7.9533,6.8428,0,8.3758,4.3529,8.3195,8.0056,8.3284,0,7.8836,7.0054,0,0,7.816,3.095,8.6948,3.249,2.4254,0,8.6715,7.1094,7.3776,6.7327,8.5585,7.8486,6.0874,0,4.6146,8.8786,0,0,0,7.455,0,0,8.787,8.5317,8.036,7.781,7.0109,8.0329,0,0,0.6468,9.7048,7.9355,8.3634,8.2505,0,9.0841,0,8.4257,5.9026,0,7.9966,8.4265,8.2218,7.5285,5.572,0,0.4792,8.7038,7.1624,0,7.8668,8.1457,3.7317,8.3599,7.4733,0,0,7.2502,8.4751,6.974,0,1.0654,8.4733,9.0178,7.1756,7.7681,6.9546,0,0,0.7168,0,0,7.6503,6.9236,8.1827,7.6533,0,0,8.2228,1.1004,3.5504,8.5841,0,8.2311,0,6.8767,7.4361,7.743,3.6569,3.8612,0.6256,4.655,7.8157,7.6535,8.508,7.3184,0,5.05,4.0808,7.2632,2.6167,7.915,9.2018,0,7.6434,7.4922,5.7189,0,0,0,8.2434,0,7.3153,8.7498
"LOC100133469",8.0657,0,0,5.6103,8.5218,7.7986,0.5014,0,0,3.1319,8.9167,9.1155,7.8512,0,8.8168,1.0062,0,0,0,0,0.5783,7.1537,8.4407,0.6785,0,0,9.7415,4.1547,0,0,0,0.904,0,0,8.9079,7.1772,0,8.2115,0,6.0289,9.0922,0,6.6752,0,0,0,0,0,0,9.4076,0,9.1357,0,0.7061,0,3.9191,7.8954,0.4765,0.8217,0.9708,8.7559,0.833,0,0,4.5963,9.4422,0.6625,0,8.7702,8.5137,0,0,0.6855,9.3933,0,0,0,0,9.4457,0,0.6616,0.6718,8.5146,0,0,9.141,6.6652,0,7.2915,0,1.626,9.0309,7.1415,0,0,8.9318,0,0,0,0,0,0,2.4383,7.5826,0,0,1.3521,0,0,0,0,0,9.1682,8.7897,0,0,0,0,0.5619,9.2534,0,2.1098,0,8.8914,0,0,8.1148,0,1.1454,0,7.3314,1.9127,3.5836,0.6062,9.1032,0,0,0,0.7114,7.995,0,0,5.5563,0,0,8.3387,1.3498,8.9247,9.1381,0,1.2745,0.71,8.3471,8.9491,0,0,0,0,2.9464,0,0.6967,0,0,0.5872,0,0.7721,3.9012,6.5549,0,0.6346,1.1831,0,0,7.9884,0,8.5019,0,8.5754,8.2444,1.6431,0,7.1979,7.6391,4.4473,0,7.4679,0,0,0,0.8207,7.8261,3.1421,8.0856,0,7.7491,0.7448,0,8.5114,9.6734,0,0,0,0,7.7192,0,0,0,0.4863,0,2.0035,8.0652,0,7.8688,0.9596,0,0,0,0,5.503,0,0,5.7987,0,0,8.4235,0,1.4422,0,0.6326,0,0,1.6908,8.4667,0,0,2.3501,0,0,0.7903,7.8684,9.306,0,1.0562,0,0,3.466,0,0,0,0,1.0891,5.2493,0.9533,9.3415,9.4954,0,0,8.4356,0,6.7327,6.9418,0.8093,0,0,0,0,0,0,0.5668,1.1968,0,8.2538,0,0,8.9951,0.4621,0,9.2802,8.3409,0,4.0738,0,6.1235,0,0,0,0,0,0,7.804,7.4403,5.0037,0,0,4.5596,8.8546,5.3425,8.4805,7.6588,0.7998,0.6296,8.9687,0,5.4185,0,8.2932,0,0,0,6.9872,8.3026,9.2811,1.4,7.6622,0,0,0,8.6011,0,2.2712,0,7.5182,8.8226,0,0.8212,0,2.6703,1.908,1.8056,1.1284,0,7.7958,0,0.7415,0,5.7636,0,8.3787,7.8225,9.0837,8.2472,0,0.8532,0,1.8309,6.1829,4.0659,6.3028,0,0,6.2619,0,0,0,0,0,0,0,8.5429,4.4784,0,0,6.3043,0.5319,8.8364
"MMP7",10.0859,6.395,0,6.5589,11.6041,7.6653,10.8673,8.6533,0.7882,8.3996,7.962,1.5423,7.9188,5.5238,9.9866,11.1153,3.5009,1.5653,1.5585,7.8877,8.5517,4.1782,7.3109,5.5058,10.1608,3.6123,5.3479,5.4526,3.2699,0,1.0489,0.5217,8.9646,7.4866,2.4396,0,0.6786,12.4449,2.6852,1.4655,7.0968,0,0,9.3024,8.9523,10.6007,4.6472,2.9002,1.8398,0,0,6.562,7.4063,7.5683,0,9.5772,0,9.6035,4.7599,1.956,5.734,7.4075,2.1961,13.838,5.8747,0,1.4585,1.2807,4.9823,4.5351,6.2324,8.0152,5.5429,6.8422,9.9159,4.8968,4.486,4.2971,7.8694,2.3508,4.4171,7.2559,4.4019,6.4947,9.001,6.4703,3.011,3.6823,3.0725,10.8151,9.2907,6.8115,1.8759,1.1345,11.378,6.5832,1.9652,5.9812,10.5222,1.712,0,6.7024,4.3063,0.7889,11.8813,0,7.2443,2.4428,4.791,8.2923,2.7721,7.9896,6.0756,0,9.2361,1.7999,8.4542,5.9477,2.1155,3.3077,2.0828,5.6413,9.8275,2.7462,6.445,7.4121,7.7781,5.0396,8.1188,6.2089,0.5592,8.8059,7.3796,1.8524,7.2345,0.8486,5.7369,5.8102,6.7895,6.7399,0,3.5504,9.534,6.0437,5.3254,4.8316,11.0861,2.3712,1.226,0,0.5588,0,6.9608,6.241,5.7194,9.8437,0,12.5569,2.6979,2.298,7.9144,4.705,3.6547,0,6.36,9.6955,9.1064,1.1966,1.1477,8.3234,3.1083,9.8176,0,2.3555,3.9956,3.3512,2.6355,0.5174,1.2213,9.6737,10.411,7.7965,3.1593,4.8457,1.5511,9.8004,4.8306,0,11.4007,8.9498,0,8.1348,7.4091,5.7302,4.0925,11.4561,6.2223,12.0556,0,9.2004,6.2701,0,8.7177,2.7014,11.149,6.9807,3.0149,3.9476,12.4613,0,8.9849,5.0873,0.556,4.3483,4.571,0,7.6666,0,4.455,0.8774,0,10.5206,5.2448,9.033,9.4479,8.2888,5.4287,9.6915,8.7983,1.1945,3.374,1.6908,1.1,5.5377,6.2787,1.2426,4.7028,0.7649,7.96,1.3914,2.5802,3.642,8.6218,2.6771,2.8918,0,8.8447,0,3.4123,0,11.8513,6.8608,0.554,0,6.3262,7.5948,0,12.2147,10.5324,2.137,1.0146,2.0035,0,0,0,10.8301,1.4756,11.0932,0.9727,4.045,9.4134,3.6762,4.1251,8.2617,7.3483,5.3177,9.6453,0.9781,0,2.231,6.1061,0,7.4623,7.0606,13.8312,1.1838,5.6646,0.6985,7.1787,6.7256,3.0958,5.1512,1.4981,7.9946,4.4462,13.2281,5.3152,0,9.0627,9.8392,8.7089,5.5238,0.7949,0,0,5.4654,10.2689,8.2475,0,0.6504,3.8577,3.2461,3.9265,8.3999,12.0305,10.2146,2.2231,6.895,4.99,2.8834,4.3888,1.8302,2.2936,5.4763,4.7588,11.3637,7.4859,4.525,5.6935,4.8812,5.3184,2.4835,3.3178,2.5117,2.455,11.3696,8.5646,6.0816,13.1952,7.9503,4.4284,2.4178,6.3865,7.5442,2.1408,3.6259,0,9.9703,6.8596,1.8694,5.7988,8.4788,3.2635,2.1525,5.0243,7.5987,3.283,8.3716,7.1962,0,0,0.7112,8.9504,6.8416,7.5388
"SLC6A2",5.3352,0.8237,0,1.2928,0,4.3673,4.7866,0,2.4226,0,3.6043,0,4.7717,0,0,0,0,0,0,5.0114,0.5783,7.2649,0,0,0,11.5447,0,1.0135,7.4278,0.6061,0,9.7044,0.8545,3.3333,2.933,0,5.8889,0,10.4246,7.9999,3.5416,1.0892,0,0,1.3842,3.8962,2.073,0,0,0,0,3.8859,0,1.8179,10.4646,7.9853,9.488,0,0,0,0.5213,2.0446,5.2576,0.5263,0,0,11.8584,10.4153,4.0784,10.437,1.0716,3.0803,1.4981,4.4191,0,10.2238,0,0.758,0,0,9.5693,0,11.6309,5.7238,0,0,0,3.4974,0,2.5966,11.9779,0.822,1.2235,12.842,1.1061,0.7507,11.7601,1.3208,0.5197,5.6958,11.2498,9.4256,6.2295,0,0,1.3801,1.6184,0,0,5.6838,10.6517,0,1.0882,0,5.0439,0,1.1506,11.4927,1.5384,10.8313,0,0,1.1689,0,1.3757,0.9566,0.8233,0,1.1454,12.1934,0.9613,0,6.6225,2.9613,0,0,8.4191,0,0,0.9569,4.0961,3.3254,9.1039,0,0,0.4125,9.7317,0,8.9478,0,0,0,2.4251,1.8892,7.4164,1.3589,0.8686,7.4028,10.5466,6.7517,0,0,5.3671,7.6965,1.3315,4.8021,7.3254,8.824,11.1225,2.4383,0,0,0,1.122,0.8375,0.8772,0,0,0,3.6234,0.4856,0,0,0,1.1935,2.4124,0,5.4773,1.0069,1.3406,0,0.9029,0.8193,0.7688,9.4559,5.7104,11.8934,3.3295,7.2367,0,2.6218,0,3.1151,1.4067,0,2.5237,0.7171,0,0,0,0,0.6156,6.8951,0.5582,0,0,0,0,0.4381,7.0305,2.871,0,2.0899,0.6722,0,2.2316,0,0,0,12.1439,0,2.5883,0.6524,0.6984,2.4108,1.2426,0,0,0.7903,2.4139,11.6571,0,0,9.4137,10.9566,0,7.678,1.3373,0,0,0,4.1261,0,11.7061,2.0972,1.3874,4.0283,4.9915,7.9983,10.5085,0,0,0,0,0,0.7855,0.9188,0,0.9727,0,5.4792,0,3.1604,5.3389,0.9823,0.4621,1.6154,0,1.0856,0,11.1808,0,7.6385,2.4876,1.0501,0.8858,0,0.6985,2.0219,4.9266,0,12.6999,1.902,2.0274,1.9896,0,2.6616,0,8.4751,3.8416,5.3163,5.1255,0,3.0654,11.6205,0.5814,5.0543,1.181,0,0,0.6228,0,0,0.8795,0.9623,4.2439,0,2.5902,0,2.2712,3.0141,1.435,1.7122,0,0,1.0778,0,0,0,10.4918,6.122,0,0,0,0,0.6713,4.3184,0.6743,0.744,2.5583,0.9511,4.1117,1.5927,2.7051,0,1.1337,4.5544,6.3641,0,9.1875,8.9801,5.359,9.313,0,10.1401,0,12.378,1.1295,0,0,0,0,1.6452,0,0
"UPK3A",3.3853,0.4699,12.9853,1.2928,0.625,6.7497,5.533,0.7019,0,1.6865,8.8773,0,8.754,3.2549,1.1229,5.2214,0,5.0587,1.5585,9.0927,9.8017,0,8.6441,8.5604,8.71,0,2.0082,1.603,1.1061,5.105,11.4181,7.8733,10.7888,0.7212,6.2239,2.7824,0,1.5554,0.8286,0,4.3063,0,1.3151,2.824,8.8998,1.9175,0,10.1899,0.8951,9.4662,4.9162,6.4379,11.3088,0,0,0,8.5857,4.7032,6.3904,1.5459,5.5181,0,0,1.2145,9.1534,3.0317,0,0,0,6.2688,1.9775,11.2812,3.3397,4.662,7.3707,0,7.9233,2.3636,11.8127,2.3508,0.6616,1.1284,0.9074,1.6201,0,6.6987,3.5009,4.2094,0,6.5347,3.1128,2.1554,8.8485,0,1.4484,0,0,5.893,4.1629,1.332,1.6717,0.8427,9.1827,0.7889,3.5323,6.0426,11.9278,6.382,1.506,5.0262,0,8.9736,1.7015,1.1268,2.2746,5.94,1.9436,7.1906,4.7901,7.6425,0.72,8.8042,7.599,4.8849,5.7663,1.9343,0.8233,7.3345,1.4948,0,0.9613,2.6015,1.9059,4.7607,1.7169,0,0,0,8.2767,0,0.6748,1.7031,1.7237,8.9681,0,9.2907,2.847,6.7416,3.3749,0,2.6331,11.4379,4.2081,7.3122,3.0676,8.6441,3.4477,5.5377,0,9.5014,3.8112,7.7393,0,1.0032,1.7115,1.6432,3.7095,1.1966,0,10.3126,0,7.555,2.4944,12.1483,0,2.3741,10.2379,2.8154,4.5629,5.2672,1.1378,8.8574,5.6942,2.9888,1.8375,3.2701,10.0028,3.8787,4.8713,4.2191,1.4011,5.4178,9.4912,9.1893,1.6514,1.2336,2.2961,0,0.5812,7.8557,8.2397,1.5666,0.8208,8.2519,0.5906,8.8914,1.5517,0,10.1534,1.5881,2.1705,10.314,0,0,11.8356,7.7326,7.0288,7.1778,0.7737,0,0,1.8745,1.6652,1.7544,3.9794,6.8908,0,2.4206,8.5391,2.4621,1.3569,1.0801,2.3226,7.4994,8.9302,9.659,1.0965,0.7649,1.298,2.2594,0,6.7054,3.003,0.6776,9.6413,8.6048,5.2528,1.3373,3.4123,0,3.2412,10.3003,4.9525,0,2.9179,6.2041,0,1.1749,0.8084,1.0927,5.5521,7.6413,6.189,2.6031,0,5.2985,0.9188,2.1531,9.8983,11.408,0,8.9741,0.6482,5.2419,8.4997,0,1.0229,5.4488,0,7.5864,0,3.2502,4.7862,9.6908,1.8784,1.4306,11.1377,0.6985,1.0146,5.2172,0,0,6.4084,0.5256,3.6195,0.7043,9.917,1.3651,1.9844,8.6636,0.6296,1.7933,5.2383,0.8631,0,7.4813,5.3531,2.4425,4.9939,0.6504,2.5506,0,2.9177,1.8153,7.4824,10.3421,7.1603,12.0968,9.0436,7.4784,1.8375,0.8891,11.1605,1.3075,0.8212,1.5117,6.0952,5.0595,4.8721,2.9116,0,0,1.135,9.1902,2.8633,4.8797,7.6613,0,1.2324,7.6236,9.9173,10.3914,1.5927,1.9109,0.8895,0.6755,1.0874,0.5143,1.2257,2.1822,1.0969,9.3303,0,1.25,0.6265,0,0,5.8584,7.9055,0,12.6197,0,1.9401,0,0
"GLYAT",11.7061,8.2928,11.5264,12.2,4.415,8.0445,7.8482,10.1573,7.4549,9.3999,8.1199,11.8705,5.5021,6.1513,9.6788,4.2596,11.9161,8.0039,12.0148,11.2381,0.99,7.9131,9.6096,4.61,6.4104,12.6182,0.8982,7.2362,10.033,11.5948,12.1102,11.2857,0,5.1178,5.325,13.1512,13.0923,7.0183,10.2361,12.52,10.5308,10.8499,12.4847,10.5008,8.8301,8.8722,8.2898,8.8115,13.7581,7.6966,7.3398,12.3889,0.931,9.816,11.8354,12.3438,7.9438,3.0081,9.8022,12.8121,11.7557,11.3394,12.5327,8.1983,10.9139,10.9556,13.2768,12.9104,10.2233,9.9131,3.7136,8.2216,11.304,3.1447,5.1954,12.9806,5.01,8.7159,3.6643,6.6747,11.5405,2.1886,11.138,11.8561,12.3798,11.233,12.0247,9.9628,11.2034,8.4133,11.5042,1.8825,11.3331,11.9374,10.8021,13.558,10.1899,8.1313,7.577,6.89,10.9831,9.8643,5.6646,11.9625,1.1206,6.0426,10.6987,11.8811,12.8141,6.6697,12.9128,3.1758,11.4399,13.2122,10.4587,11.3242,9.5193,10.6517,1.2801,9.9701,12.6049,12.6028,6.7681,9.8864,2.3182,7.5047,11.3884,4.4866,10.4309,11.5114,12.5183,0.5468,10.129,7.3196,1.2463,9.0913,9.289,11.1091,0.7114,12.4338,8.6199,8.6672,10.4921,9.701,3.4478,4.6342,11.0306,7.5955,13.5929,8.503,3.6268,10.135,8.5625,10.5151,7.3527,8.6011,13.1001,11.015,12.0179,1.786,9.6167,3.7592,12.3022,11.355,12.2393,11.0085,9.5932,9.5302,10.2667,9.7868,9.5336,1.7391,9.4552,3.6061,11.0208,11.2,11.4002,10.4797,9.8535,1.9378,0.4856,9.742,10.916,11.9273,9.8301,8.5637,6.9362,12.2448,8.881,9.6234,12.3046,5.8893,9.1659,9.9336,11.1104,11.1474,13.0268,11.0689,11.7606,9.4748,6.333,11.9296,13.2863,4.3012,7.0111,11.3411,10.5953,0.8493,5.9868,12.4404,9.88,9.6027,9.807,11.408,9.2663,12.8702,11.1226,0,7.8062,11.2407,12.4149,11.485,8.5819,8.6367,0.594,7.6702,11.7805,5.3287,2.1052,12.3781,12.6347,11.4762,5.6651,2.2437,10.2739,9.8027,11.6196,12.0596,11.1675,4.0611,10.9715,5.8901,0.6226,12.4392,12.2199,7.8759,10.3236,12.3146,8.452,3.8292,1.7026,7.7664,11.306,12.9239,4.0268,1.6575,12.3596,8.5121,10.7008,11.2949,11.7402,12.427,3.2757,11.1328,14.1421,8.2073,5.8354,0.655,10.0625,10.8545,12.3708,4.8771,5.8651,10.9717,9.2705,10.0461,10.8431,8.5708,10.9494,1.9149,12.0628,5.0922,9.0809,1.4479,2.6675,8.4715,12.3242,5.7023,12.4801,10.075,10.9289,12.0031,12.6287,11.7228,11.5803,9.0229,11.8987,1.91,11.1121,10.0485,12.3404,10.7314,12.2614,11.0995,11.5822,9.9588,0,7.4844,4.4986,11.3379,10.9772,8.873,9.4062,11.8938,0.5599,10.4036,2.2231,11.9926,12.2483,9.7603,10.926,12.2732,5.7111,12.43,7.8425,3.841,10.747,5.9916,3.8391,11.88,1.7173,12.5686,12.6046,1.8826,12.4761,1.1276,10.7315,9.5597,11.3429,9.8111,11.6678,7.0006,1.3857,5.2838,13.2688,9.7141,12.1516,0,5.2662,12.7894,10.5313,9.5117,11.9254,11.9363,13.0452,13.2248,12.3161,6.9944,6.8211,12.7469,5.3862,13.0298,11.5617,7.3394,11.8755
"HPGD",11.6272,12.2278,10.5589,10.0366,8.3076,11.8648,4.9507,11.6312,13.5137,13.2253,7.0153,7.1933,10.1142,12.0839,11.9893,8.5991,8.5851,4.7264,14.1276,10.954,12.4441,7.0766,11.5046,11.8243,5.8881,9.4605,3.1331,12.8408,7.4034,13.5048,11.4385,3.343,2.8198,3.9924,7.0553,11.7331,11.4452,10.6689,13.8491,3.5322,11.5798,10.4352,11.0596,12.0006,11.9356,13.9136,11.0534,6.1286,10.8664,10.6523,7.5405,9.9588,9.6725,12.4219,2.3277,5.7731,4.4509,11.3849,12.6355,8.6792,9.8265,13.5998,12.6047,9.4558,10.0279,10.2332,6.9739,3.6365,10.0378,3.8042,11.5799,7.1485,12.9039,8.4976,11.1382,4.8633,11.2436,12.0973,10.2707,13.7877,1.7344,13.6572,6.8868,10.1765,11.6653,12.0214,11.2237,12.8897,2.676,6.7072,6.9874,11.663,9.2204,1.7617,10.7122,9.9192,2.4976,7.1403,6.7679,10.7855,9.2905,5.5912,9.6094,14.2285,2.5104,7.7481,12.5769,10.2998,8.2684,13.1687,8.6988,13.532,13.1371,10.8853,11.8534,8.628,10.8971,2.545,5.5604,2.5718,3.5054,0,8.8092,10.5255,4.2736,10.2247,10.3735,5.1207,12.6569,3.5941,11.8479,7.033,5.5123,8.1788,14.5876,13.2846,1.9426,12.3136,11.144,10.6443,3.3141,13.9722,7.1027,7.1423,8.6838,10.4501,8.743,12.3101,1.226,6.5458,12.2195,8.8927,11.2289,8.7017,7.1954,9.7924,8.2485,3.4384,1.1503,7.5886,12.9935,7.5829,0.6872,5.7479,5.2249,12.0381,10.9835,12.0882,4.6148,10.859,12.7412,5.806,10.5489,6.5355,13.0267,10.5553,11.0739,12.2151,11.5149,10.3362,2.4334,8.8119,4.4348,11.5281,11.2647,11.6391,5.9284,11.8331,8.1327,9.7648,10.5533,12.128,8.9442,5.6313,9.9242,10.2703,6.926,11.5361,8.7864,9.5269,13.494,11.1719,11.8224,1.071,9.0364,6.289,11.9962,11.5883,4.6092,11.8521,13.0695,6.4899,5.4982,0.5582,4.0703,13.575,3.9304,3.1872,13.5657,3.5706,9.7321,12.0789,11.8273,10.3866,6.9925,10.3956,10.4971,9.7066,11.838,2.4621,4.6994,5.9863,12.6131,11.594,13.7519,8.0256,12.4457,12.697,11.4753,10.0057,3.7496,12.1957,5.7665,2.6771,2.4582,10.5767,5.4289,8.4538,12.5248,15.157,9.9914,6.7271,13.3754,7.9665,11.8656,8.6151,1.9398,10.1907,12.2487,2.137,11.4321,11.5308,10.9887,11.4799,10.5517,10.2212,12.6564,1.7219,9.7344,11.2238,5.5723,6.9933,3.6906,11.4656,12.9808,12.7126,11.3128,6.8871,11.0009,1.5096,3.687,8.6172,11.9491,10.8972,10.138,7.3631,11.5949,13.1951,13.2011,12.1319,9.351,5.4836,11.2692,7.8862,12.4325,8.7404,12.1626,11.1783,6.0456,11.6506,12.4568,9.8774,9.5688,10.1066,0,10.6803,4.1199,8.4282,12.6248,6.2939,11.6217,10.3654,8.1019,9.7314,8.9613,11.4832,10.8328,3.0931,13.4242,11.8315,11.706,8.3582,2.9078,3.6783,13.7026,1.9863,11.6928,4.0729,8.1406,9.4184,10.5594,11.3614,12.5008,2.3309,11.6452,3.0197,8.8345,10.5813,11.1699,9.9279,9.6009,3.0105,4.3473,11.7674,3.6932,13.1819,5.2944,11.0514,12.166,2.439,8.4063,2.3524,2.4065,11.5661,1.0619,3.108,3.283,5.3711,12.6063,9.614,5.0244,4.1348,13.2111,8.2402,10.3714
"PTGDS",12.8214,4.3121,14.233,9.2014,7.0556,10.6204,5.4532,10.6551,7.4247,8.6047,7.8473,5.0666,8.2462,1.9443,8.9239,13.151,3.8838,6.5099,5.9831,12.6785,10.8861,4.9377,8.9543,5.7016,13.3107,5.3919,10.128,1.603,6.3823,5.2897,1.3804,4.3023,8.6918,5.4529,8.1089,8.2014,9.8293,7.9157,6.4706,5.5619,10.4491,6.9399,8.4201,8.2401,4.3451,13.9329,11.1303,11.6828,6.4284,10.5282,6.3263,7.0793,6.9365,10.1684,2.8136,8.0119,3.8985,9.3852,2.6718,6.7744,7.1891,8.9232,5.9009,9.2677,10.6608,1.7623,2.3446,4.001,3.0115,2.6134,5.8096,17.6204,9.8089,13.8317,12.2745,8.1399,4.1658,15.3328,5.8195,9.5861,2.3428,7.5257,4.0671,10.5983,9.9576,5.8531,6.519,7.6818,3.8557,8.4345,8.3073,6.4428,10.045,2.1974,12.4114,4.33,1.1122,12.6307,6.6607,12.4157,10.029,1.7571,13.5092,5.5723,5.9421,9.5622,11.1659,12.9372,10.2595,10.1473,3.074,14.3881,3.3232,10.336,11.6395,2.3608,11.1167,1.8823,14.5102,8.7916,11.8956,1.802,9.5533,7.4849,8.6313,9.5593,8.9645,11.9089,11.255,5.0123,7.3773,4.3143,8.6089,9.0211,10.3106,4.7345,5.9107,9.9456,5.8351,9.3167,5.247,12.5582,7.2842,12.6835,9.6289,5.6436,10.6405,1.8091,4.7961,19.0598,7.909,2.6056,9.1335,12.9543,14.1458,14.5993,7.2803,14.5169,1.7821,7.2323,9.5751,10.9705,3.1591,4.2541,7.636,10.5123,1.7327,6.0776,2.4481,9.6781,12.5533,9.7826,3.1252,6.2646,3.7646,5.7017,1.8508,0.5174,7.5501,12.9526,7.5444,8.7044,13.1562,6.5823,8.7893,10.2869,9.0388,7.9576,7.3756,11.9864,4.4812,4.8925,11.3822,11.7661,7.899,10.0125,11.8887,8.2506,1.5774,11.6812,16.809,6.1757,11.3845,3.2105,9.6571,10.8746,4.2005,11.0331,11.5481,7.3622,9.1452,5.8566,3.0914,5.2601,7.2304,6.467,5.4731,5.4497,7.6313,1.8119,5.7164,12.9476,5.2028,10.0511,6.7271,10.5159,5.1435,12.5534,18.7314,9.83,5.1751,2.5883,5.4175,8.7166,7.3857,1.9001,9.7838,8.8879,2.6102,6.2622,4.4539,10.0307,5.5001,4.2005,4.7381,4.3676,7.1167,6.7734,9.2343,3.8292,7.5339,5.7862,3.2368,4.6956,10.9383,14.4489,4.6338,10.0125,9.6912,3.4848,8.4658,2.9583,11.6062,4.6744,7.0537,10.6338,4.3001,5.2827,2.9518,8.6772,8.9355,10.0914,7.556,10.9886,3.4271,2.8909,11.883,4.1284,6.1413,4.534,0.6468,4.0945,1.0379,12.4567,6.4983,6.0132,9.6448,2.7235,9.599,10.9257,3.0958,3.1792,8.926,6.4598,5.7034,9.1923,10.4096,10.7689,8.3695,11.5565,10.1763,12.0595,14.1526,5.525,2.0218,11.8694,13.9673,13.0803,9.2504,6.9611,7.6258,8.3512,16.6933,10.3676,10.7859,13.412,9.8615,7.2684,3.589,9.3648,7.1877,5.2663,7.2127,1.6838,8.13,2.2335,10.449,9.1324,8.0974,8.9005,3.764,5.1475,9.1588,7.13,9.1558,8.2802,14.1849,6.5353,11.0063,12.9463,10.0432,6.649,7.8228,9.0261,5.0243,9.1397,2.4593,4.6179,7.618,5.4416,8.1383,2.4906,3.7975,4.5694,2.6867,5.9177,5.6475,11.4842,5.827,0,10.19,5.066,9.9005,6.0464,9.4054
"MAGEA12",6.7455,1.3448,0,2.9573,10.4786,10.1361,0.5014,0.7019,0,4.0948,10.3093,5.5367,3.2188,0,2.3568,2.0092,0,0,0,0,0,1.4385,7.7457,0.6785,0.7889,0,11.027,2.8305,0,4.3072,0,2.5339,0.4895,0,1.6837,10.0755,0,6.0785,0,0.5265,8.6091,0,10.2734,0,0,0,0,3.6841,0,2.4274,0,10.529,0,0,1.5898,4.6717,10.2069,0.4765,0,10.5372,9.4129,0.833,0,0,1.9903,10.1576,1.4585,0,10.9367,8.4546,9.904,0,0,11.094,0,1.2455,0,0,9.2676,0,0.6616,1.4748,8.9484,0,0,0.5334,8.0645,0,3.0725,0,0,9.6622,9.9054,0,2.7578,10.2447,0.6607,0,0,1.712,0,0,2.4383,8.9022,0.6665,0.8491,3.8012,0,0,0,0,0,9.659,6.826,0,0.8697,0,1.0529,0.9652,10.4989,0,3.2157,0,9.8812,0.8459,1.9343,0,0,0,0,9.0393,1.5076,10.3727,1.0317,10.3958,0.8486,1.0961,0,0,10.1117,0.6748,0,9.8068,0,0,4.3362,1.0233,0.5032,2.3269,0,0.9606,0,6.9283,4.8906,0,0,0,0,0,0,0,0,0.6872,0,0,1.2724,4.4226,0.719,0,0,0,0,1.0215,8.9704,0.8375,10.647,0,10.0966,10.6076,0,0,3.8335,0,1.7281,0,0,1.4135,0,0,0,0.6295,0,9.7475,2.5673,0,0.7448,0.7241,9.9177,4.0768,0,0,1.5666,0,11.3383,1.332,0,0,0.4863,0,0,2.8685,5.4974,3.917,1.5309,0,0,0,0.6234,2.3944,0,0,6.6771,0,0,2.4815,1.7926,0,0,1.071,1.1945,0.8324,2.9421,0.6524,0,1.0562,0,0.65,0,1.298,0.624,9.5178,0,2.5503,0,1.1918,2.8867,0,0,1.193,1.1383,0,10.6959,1.5224,10.156,10.6452,0,0,7.1355,0,6.8507,10.1751,0,2.8487,1.823,0,0.7855,0.9188,0,1.2891,0,0,3.8998,0,0,0,1.3277,0,0,6.2085,0.9438,0,0,4.6865,1.1057,0,0.5098,0,0,0,0,4.0088,0,0,0,4.5228,8.8644,1.3346,6.1283,9.9658,0.7998,0,10.2885,0,0,0,8.0663,0.6287,0,0,4.7038,2.6778,10.6841,5.1904,2.7821,0.5599,0,0.608,8.8153,0,1.1864,0,7.2621,9.4226,0,0,0,0,1.2488,0,1.9875,0,9.2802,0,0,2.8633,8.6083,0,9.829,7.1637,10.3401,9.1708,0.6256,1.1439,0,4.7776,0,1.0874,6.287,1.2257,0,2.6148,0.5977,0.6208,8.6189,1.0619,0,0,0.6726,5.8407,0,0.6947,0,5.8158,4.7944,9.9616
"CYP8B1",12.9571,9.1732,14.0996,14.8468,2.2617,11.8487,9.4211,11.3201,8.8626,12.6737,8.0733,14.1997,10.7504,12.059,12.9424,3.8188,14.8536,10.9512,11.1896,13.0241,6.0137,10.5746,9.542,5.6849,9.094,15.0112,2.9025,12.1121,10.9397,13.3795,15.8866,12.4032,4.3501,6.7549,9.4741,13.8536,14.8228,9.468,14.4199,14.4193,11.8209,11.7915,14.2529,10.8281,8.3782,12.3477,11.8074,8.7604,14.2356,13.4151,8.5105,14.2619,2.877,10.8712,13.5365,11.8484,10.6374,7.3351,12.2977,13.4101,13.6396,13.3634,15.3286,11.8417,13.9008,15.0011,14.7494,15.0536,12.1076,11.0139,5.8652,10.3944,13.2749,5.7,8.2148,14.9542,8.8013,12.3025,4.6489,9.2151,15.0957,2.5223,12.5582,14.1785,13.645,9.8457,14.7626,10.547,14.4159,10.7161,13.654,4.3358,13.4739,14.3408,13.7752,14.53,12.0963,7.7697,9.4004,9.4159,13.7602,12.1481,7.7207,14.7208,3.6037,7.8766,12.8201,13.0747,13.0573,7.9442,15.3676,5.9507,13.1672,14.7775,12.1976,14.0684,10.3505,13.7722,4.5176,12.3293,14.7298,14.9571,8.2934,13.7175,6.665,11.9999,9.7372,6.8895,12.7086,11.325,14.0199,0.5468,14.084,11.5195,6.3408,14.1204,15.1628,13.4838,5.0386,13.726,10.2328,11.1954,12.4101,8.5717,5.7659,10.7776,12.204,13.7283,14.6879,4.6304,7.7596,9.9937,9.7207,13.2453,11.319,9.7206,15.0154,8.815,14.4068,7.063,12.7399,6.8639,14.706,13.0797,15.1167,13.5241,13.6018,9.5551,13.3466,11.6305,13.4402,11.382,11.7133,8.1284,13.2753,14.5633,13.0452,13.309,14.5587,6.6953,2.4334,11.9572,10.5227,11.5868,13.032,13.0341,5.0274,12.6232,11.287,12.5091,14.7552,8.2214,11.0779,9.5906,11.5881,12.9714,15.7444,14.4308,12.9422,10.7583,4.8032,14.0617,14.5013,5.9436,9.4483,10.585,12.6545,6.9265,7.5466,14.6097,13.5189,6.2787,7.8156,8.1328,9.8043,13.147,9.1398,4.752,5.3855,12.9643,14.4435,14.2166,8.8189,10.6448,5.4357,9.404,14.1321,7.6163,3.2938,14.6052,14.8147,14.0311,5.8623,4.8277,9.8932,14.6721,13.6673,14.6619,13.0053,5.2194,13.5905,9.6978,2.6775,15.1241,15.2913,7.0506,9.5399,14.202,8.4757,14.2796,2.6025,10.9375,14.1767,14.7832,6.0209,4.1457,14.828,10.9216,13.0844,13.0088,13.648,14.1495,6.3513,14.5509,14.6645,9.444,6.6797,3.5751,9.9034,14.2303,14.0019,3.9506,9.7928,13.0041,8.9011,14.6766,12.2963,8.0005,14.3659,1.9149,15.0865,8.2512,12.4283,7.6419,3.5493,3.1094,10.8574,16.2121,15.0852,12.8275,13.9128,14.4395,15.0105,14.9482,13.5822,5.6464,14.653,10.1782,11.7866,12.0527,14.8811,13.2761,13.7071,14.7415,14.031,8.2183,2.692,7.4946,4.5938,13.9588,12.1873,12.0965,5.9587,13.7557,5.9248,11.1933,5.9248,12.9853,13.1809,11.6239,12.9093,14.5684,6.5195,10.2857,7.9583,9.9274,9.3852,2.8468,7.3581,15.1555,10.9706,14.2264,14.9548,14.0919,14.9081,1.7527,10.6701,13.4864,13.2558,11.6599,13.8568,11.8043,4.064,9.6701,13.9663,12.0559,13.954,3.7463,8.7416,15.5959,12.0402,6.9861,14.6352,13.3382,14.3816,14.9554,15.174,9.4525,8.9942,14.8835,10.4564,15.9106,14.7724,5.5104,14.1563
"GNG4",4.575,2.4905,3.2659,0.5688,8.7713,6.6012,8.3562,1.8099,1.295,1.4136,4.031,5.259,11.5952,10.7566,0.668,5.455,0,6.778,2.2902,1.4355,8.6057,11.6804,4.6038,8.0673,0.7889,10.248,6.0952,3.9321,6.8756,3.7582,5.3606,1.4554,1.1454,1.1998,7.8103,1.5656,1.4864,3.7999,0,5.6405,9.762,6.419,0,1.5979,3.9535,3.8035,5.3609,11.4434,0,9.746,3.6643,1.1365,2.2099,1.1781,3.0063,10.8347,8.086,2.4074,2.8359,0.9708,0.9033,0,0,3.4757,2.6671,5.2661,0.6625,11.2598,2.3563,12.3774,2.3334,3.8338,8.4816,9.3899,7.0208,10.633,3.549,6.8284,8.4235,7.6676,8.3778,3.3909,8.6179,11.837,1.2613,4.0579,2.5579,7.2941,0,10.6359,4.2543,2.4871,5.8349,10.7235,2.9848,0,0.6607,3.6131,4.3277,9.1872,4.1206,0,10.3025,3.387,0.6665,2.0724,2.8502,4.3681,2.4857,7.3661,10.8541,1.7208,0,0,5.2028,2.7636,2.2203,9.8819,8.199,8.077,9.6791,9.3224,5.8056,7.2881,11.864,4.7729,2.277,6.3048,2.0109,10.4757,2.6343,2.0793,5.5551,5.8689,5.7688,6.0759,2.7416,0,3.3108,1.2701,11.6156,7.8735,4.0976,5.8905,10.0445,1.5783,8.9303,1.8091,9.2723,1.8643,4.2461,6.3075,2.1941,1.3909,11.5976,3.4818,0,5.0989,9.2845,6.5777,6.8792,9.9787,0,2.8129,0.8142,7.1266,7.3128,1.1966,5.114,1.0738,3.6364,11.0009,1.3477,11.9941,0,0,0,7.3039,0.7362,3.0758,1.1378,1.1061,0,3.6512,3.7254,6.323,8.8566,1.3857,2.0104,0.8207,1.0663,12.3745,3.807,9.5205,1.0501,2.6795,11.2932,1.1421,2.7977,8.135,7.2058,0.726,1.7222,10.8838,3.4748,2.3665,7.8307,5.5451,4.358,0,2.3791,8.0526,10.6575,0.9596,6.6301,0,1.6018,8.3998,11.2126,1.419,0,1.8745,2.0899,7.128,0,4.8747,0,2.604,4.2603,11.8048,0.8324,0,1.7168,8.2461,4.2743,8.1831,0,0,0,7.3565,10.6582,6.0525,9.471,10.3074,7.086,6.8481,9.045,0,0,1.4864,6.9853,10.5939,4.04,0,6.9788,7.6807,0,1.8136,1.7022,1.0927,0,0,3.8726,0,3.813,5.9662,1.4756,6.8924,3.5344,9.7724,0.9936,5.1839,9.848,5.2419,9.5437,0.4621,0,4.5428,1.0856,4.1396,1.0918,4.678,1.3673,10.245,1.6514,5.3818,1.207,0,2.8324,9.1443,1.5297,1.7235,1.902,2.0274,3.2203,4.3132,1.7151,0.8383,3.2294,1.3114,1.6729,1.5108,9.7422,1.7895,7.1684,3.0781,1.8996,3.3931,6.9595,3.4921,3.625,5.6563,3.4376,2.1241,3.8357,3.3181,8.3252,3.5449,2.7671,1.1864,3.0141,4.9053,6.2442,9.2723,0.8212,1.8448,3.3976,9.0107,9.513,10.7946,10.5897,0.82,4.1,8.1524,5.2042,7.5149,9.6672,1.1319,0.744,11.1906,6.1591,11.0853,5.8644,4.939,0.8895,1.4809,0,2.4013,5.2662,9.8866,4.5716,6.5768,6.3797,1.9095,0,0.8174,11.5306,9.5322,5.434,0,11.2958,9.4113,4.3828,1.4768,0.8349
"CTNNA2",3.2722,0.4699,0,4.1238,0.3461,0.7667,1.1679,8.0211,0,1.0768,10.2804,0,7.7757,10.7461,0.668,0.5891,7.6144,4.4952,0,6.0396,0,11.9878,0,0,2.2138,7.8068,0,0,9.4432,5.2897,0.6178,9.3597,1.9367,2.6295,5.1563,0,0.6786,0,5.0362,9.8958,0,5.6774,0,1.2335,5.5759,1.9175,3.4091,0,0,2.249,2.5861,8.0283,0,1.5332,8.4789,11.3878,7.46,3.3776,0.8217,0.9708,2.8264,0,0.7795,2.9265,0,2.7186,12.0642,10.6367,0,11.3139,0,1.8016,4.2667,5.0168,0,12.1024,1.8782,1.2523,1.2986,3.4018,10.5188,0,8.2888,9.401,0,0,5.2862,1.021,6.7478,5.2165,9.8375,0,5.7657,11.6576,3.181,0,9.0708,0,0,0.8145,7.9351,0.482,1.0738,0,0,1.3801,8.0441,4.3681,0,2.8173,11.7129,1.1031,3.8023,1.1268,3.9741,3.3363,2.8278,8.9694,0,9.4781,5.8569,8.9419,0.6997,0,0,1.9343,0,0,2.3902,6.6349,0.5592,0,9.8237,4.5835,0.5435,8.6601,10.2621,0,0,0.5564,11.0595,0.6452,2.1552,2.4409,6.1925,4.6533,5.5687,1.9714,7.2254,3.7359,0,7.3498,1.1322,0,3.7717,0,0,4.1594,0,1.304,0,4.4181,0.6872,12.0277,10.7816,1.9379,6.861,0,6.0138,0,3.3066,4.0689,0,7.6553,0,1.8117,0,0.5174,0.7362,2.3914,1.1378,1.7249,0,1.1086,0,2.2345,2.7705,0,0,4.3332,4.5835,5.014,10.4978,3.0069,10.3499,0,8.233,1.7715,2.3129,0.9514,3.2618,0,2.6702,7.8454,0,3.3925,3.7948,0.4863,0,0,0,1.3766,2.2514,1.7494,0,0.6389,2.5233,1.6609,0.4381,0.8774,3.9761,2.663,2.6846,6.3525,0,1.5101,0,5.1921,0.6326,11.4522,10.7631,6.6055,0,3.9949,0,3.5765,0,3.8366,0.7903,0,8.5997,1.868,5.3363,11.9529,6.3561,0,6.7693,9.271,0.7164,2.9273,1.0891,8.8146,2.6205,10.2817,0,2.4086,8.5567,0,2.4615,9.6735,0,1.7037,0,0,0,0,0.9188,0,6.4846,10.204,0,0,8.6409,4.2298,0.9823,3.4845,0,4.6016,5.971,5.5602,7.6117,0,0.3372,1.4479,3.5493,1.1838,1.207,5.3525,5.9829,7.7744,0,10.4269,0.9354,8.2197,0,0,0,0,0,0,1.4013,1.159,2.2248,2.0963,4.42,0,0.6287,0.7081,0,3.0711,5.7951,1.3207,0.6289,3.6733,6.6859,0,1.3631,1.1734,0,0,2.6201,4.8208,3.29,0,0,0,3.5523,0.7555,1.4135,9.8469,8.3736,0,5.6451,0,0.9235,0,1.6349,0,3.0742,0.6881,1.5193,1.0607,0.8532,0,1.8309,1.1337,10.0056,0.8926,0,10.8946,9.176,11.0217,8.8155,0,0.6265,4.7503,9.6694,0,0.6242,0,0.6947,12.4762,1.9401,0.5319,0
"LOC100131726",1.3645,0,3.6728,1.5525,0.3461,2.3808,0.8729,4.1119,12.2822,5.275,0,1.7615,1.254,9.9497,3.9748,0,8.4306,0,9.045,5.2238,0,3.4934,0,8.4923,1.4954,10.2157,0,3.1113,0,8.8937,9.2085,1.6681,0.4895,0.7212,0.797,5.1282,2.5372,4.4386,0,0,5.2458,1.0892,4.3467,3.1872,8.2543,9.2467,11.3716,0,6.3845,4.5559,0,7.1234,3.9547,4.7146,0,4.0884,0.6597,0,6.5045,7.6624,4.059,12.5712,1.9508,3.997,5.9461,1.7623,1.736,2.1935,0.6678,4.3053,6.3409,3.4521,8.829,3.9552,0.7531,6.1894,0.92,10.5075,0,0.7515,0,4.9657,2.4272,12.51,9.5206,0.9219,4.0187,11.7585,4.9057,0.8808,7.0418,0.4687,4.2996,0.676,5.4856,5.0179,1.4556,9.2077,1.4513,10.3693,2.0973,0.482,1.6825,7.6311,0,0,9.7178,8.5628,12.3555,8.4024,7.7669,0,2.3049,10.845,10.1069,9.0556,1.7824,6.2624,6.9414,0.9921,8.1224,0,0,6.9972,0,4.9146,9.2625,0,8.2794,0,11.1974,0,6.9374,0,1.2463,12.6629,6.9789,8.5953,0.7114,5.8682,0,9.9318,5.3478,1.3084,1.0713,0.4125,2.6235,0,0,0,0.9606,0,7.8397,3.5628,5.3605,3.3771,11.0027,6.8672,3.2536,0.575,6.6033,0,2.0183,2.8129,4.4245,7.0046,0.9482,1.1966,0,2.2832,9.8892,0,3.9941,0,5.5677,1.4188,3.7187,3.2671,0.7362,3.704,0,0,8.8835,8.3988,1.8375,0.6939,0.8733,8.4718,6.545,7.8606,1.0663,7.7362,4.0921,2.8747,1.0501,6.0564,5.5633,3.64,4.0338,0.9514,5.584,1.2066,4.7983,1.071,3.539,6.7131,10.4914,3.1725,1.2019,6.7991,2.3791,1.0457,3.0095,0,0,6.1649,3.0811,0,2.6604,0,11.1601,7.112,2.0899,3.3077,5.6411,9.3613,5.8061,0,1.4067,0,2.2937,0,0,0,1.0562,0,5.5224,10.3715,6.6255,2.4139,0,0,0,4.1033,8.471,0,0.868,1.3373,5.9413,7.1389,1.0891,3.7383,5.507,4.5157,1.6717,1.6575,1.094,1.5293,11.5577,7.7182,1.3395,3.4305,1.1639,6.4892,5.072,1.2912,0,0.655,0,0,2.3116,0,0,3.2559,0.9823,8.4442,10.514,0,1.0856,0.9438,3.6222,0,0.3372,0,0.6185,3.2446,9.2942,0,9.5369,8.098,0.9587,5.0037,9.4548,6.9651,1.9896,0,9.2505,0.4792,0,6.4542,3.286,4.6105,6.4427,0,0,3.7451,0,2.0596,0,8.6241,13.1505,4.6705,5.6645,8.0482,2.7421,5.4975,0,1.1734,5.4962,4.0276,2.0764,5.1325,0.4062,3.5016,3.2381,5.3702,8.4794,0,0,7.4445,9.0425,9.9196,1.4825,1.2288,10.3316,0,7.3374,0.6743,7.5948,3.1613,4.7865,4.1117,0,0,10.6602,11.0717,2.4593,0.5143,10.1985,6.3329,3.9824,1.0191,3.4875,8.2782,0,11.1172,6.4104,0,4.467,9.9666,0,3.8461,4.6093,0.5319,6.2224
"C19orf77",5.8305,7.0263,11.3687,2.6591,3.1029,2.3808,7.6385,1.5259,1.295,8.6769,3.761,9.0954,5.7635,0,1.7466,8.2602,3.5009,11.1645,0.9802,8.0231,6.6875,1.4385,1.3932,10.1709,1.2961,0.6429,3.3317,8.101,7.7815,6.3926,5.8627,6.1699,11.6988,8.2193,7.4021,4.2203,1.7666,8.9088,0,0.5265,5.7774,0.6451,3.8474,4.7004,3.4144,11.6724,2.8905,10.5054,1.4434,7.5502,1.8083,6.1026,9.7566,2.5972,5.2925,1.5279,6.2438,1.3593,1.3419,10.6143,8.6783,2.0446,3.9382,8.9225,8.0172,11.2861,0.6625,2.1935,3.0115,1.8993,3.3479,11.7981,1.4981,8.593,9.0576,2.8419,2.1916,10.2454,8.4478,4.7896,0,10.2665,6.3652,11.7252,10.8097,2.9466,2.5579,6.6035,0,7.038,1.626,6.8066,9.4007,0.676,7.307,1.6078,0.6607,3.3203,12.0351,2.9687,8.6118,0.8427,3.5909,1.9676,11.089,0,1.0252,11.6728,10.8204,4.766,6.9478,11.4379,1.4272,8.669,3.1173,0.8697,7.6719,10.1386,9.7853,7.873,8.7201,2.3632,8.5718,3.4953,6.0701,6.1418,2.0277,3.9335,6.9545,4.2166,6.9611,10.9017,9.1867,8.2719,3.6365,2.0713,5.3309,4.4374,2.7519,1.2701,0,1.4287,1.4474,11.4047,9.6107,8.4246,6.4803,1.8091,1.879,3.5315,7.8362,5.7487,5.6965,8.7129,11.7792,4.7026,5.816,10.8021,1.1503,8.583,9.323,11.8885,1.5011,0,0.8142,6.235,1.5154,1.8416,0.8563,6.7275,1.8243,9.4836,0.5993,9.1106,0.8375,4.2152,6.9436,4.7015,3.0572,2.8107,7.2428,4.5533,8.5342,4.5926,0.7168,8.5825,7.6366,12.3738,6.0022,2.0233,1.0663,2.8255,6.9729,11.574,0,7.206,10.7618,10.7556,5.5435,6.1503,9.622,4.6922,7.1105,12.013,1.332,4.3221,1.8382,6.4054,9.3979,2.5889,5.518,5.6881,2.1014,0.5582,9.5678,6.67,7.1782,6.2505,9.4178,7.4793,1.0375,10.3616,1.6652,8.5842,6.5658,7.73,12.3852,3.9555,8.5771,4.2014,2.5069,0,2.3226,4.5105,1.6594,0,7.8478,8.7114,2.9193,1.0582,0.583,4.0016,3.6247,0.6776,9.4103,6.7897,7.4036,0.8184,1.8369,0.6786,3.6175,4.1261,3.0859,0,6.1035,7.8316,1.434,3.6228,0.8084,1.0927,9.0925,8.2019,13.0583,7.5215,6.1859,2.2075,10.0984,9.0109,3.5344,5.6469,6.6454,2.4019,0,9.0079,5.6655,0.8115,2.6229,3.2824,0,0,0,10.7063,1.0379,9.0399,7.7053,1.6413,5.3312,0.6985,8.5682,1.7059,7.8939,0,3.5788,1.6769,0,8.5403,7.7825,1.91,2.4425,3.5075,9.8432,2.9601,12.4047,0.8631,2.3452,2.4508,9.5122,10.4138,7.096,2.6149,5.195,2.4578,4.7956,10.9902,3.5737,2.7053,4.4223,6.4941,2.6384,1.8284,2.2813,2.7999,7.2746,4.9654,0,0,9.0766,0.7555,12.8626,5.9144,2.7486,6.7468,0,5.2963,1.8836,9.601,12.3119,0,5.7985,6.9311,3.6629,8.9065,2.642,10.4603,5.5557,6.7372,1.0874,4.4863,2.6678,6.1292,1.9439,4.591,5.5119,5.863,0.6265,9.9944,8.4794,8.9166,8.7274,1.9551,10.7086,0,3.707,3.2435,3.0096
"KRT7",12.6041,5.5249,9.0205,8.3349,10.5178,7.468,11.953,7.5183,8.9308,11.7098,0.9488,11.9498,3.9582,6.741,9.043,9.1984,2.4821,9.8299,6.5605,11.6483,9.6743,1.4385,10.6681,7.9426,12.5874,7.0177,5.0797,5.8338,10.7426,8.5681,0.6178,1.4554,8.5135,9.8555,6.3203,3.144,9.5656,13.0378,1.3516,7.3686,7.7066,5.4728,15.7326,9.4365,3.7952,10.4106,9.3276,4.2311,7.2098,1.8083,6.3851,10.38,7.2603,10.3636,10.0058,4.0063,0.6597,8.9534,5.0208,12.9811,12.1319,9.7412,12.2145,13.1868,12.4251,10.6709,0,4.3434,2.7838,2.3493,6.3733,12.4002,8.0298,8.2281,11.2084,5.6929,0,13.7645,3.3908,9.0481,2.7694,8.1034,9.2096,5.0952,10.882,5.4427,4.1123,8.4318,1.2312,10.8918,8.6843,9.1132,6.6019,0,13.586,5.8664,0.6607,9.8208,15.3584,12.7983,7.0221,4.4869,3.2986,5.1076,15.4147,4.5007,7.2394,9.0661,8.9301,8.3499,2.9802,3.9403,1.4272,8.0039,5.7405,11.4638,8.1038,5.6095,9.8426,5.114,4.4828,11.0098,10.1093,9.5085,7.5268,9.2999,9.4661,3.4588,10.0602,4.3608,4.4486,15.2728,7.8862,0.6062,7.9755,3.171,2.9683,9.3359,11.2353,10.7895,1.9935,14.213,7.7608,6.1069,6.1596,6.8604,12.2959,3.4616,1.879,5.5746,6.111,0.71,9.3976,4.4655,6.0983,10.2048,4.3217,9.5268,2.3974,13.1615,9.6224,3.5817,9.7587,0,7.7369,9.89,10.777,1.1966,5.5728,8.9119,12.4724,7.1837,5.15,5.7054,5.7262,6.4871,9.3035,12.5986,5.0131,12.2609,8.2418,11.263,9.3068,10.4189,8.7935,9.7843,2.3673,3.7973,14.2624,9.4366,10.4555,5.4469,8.5706,9.8883,6.532,11.3198,7.457,12.2775,1.5774,9.4974,9.939,7.5039,10.9767,9.3828,7.4472,8.4544,10.6787,12.3562,12.3957,6.29,10.2094,7.549,0.556,1.7494,12.3397,6.0483,6.0619,3.1872,11.5416,11.4342,4.1572,12.5811,8.0311,10.4044,8.7204,6.9423,8.2443,10.8374,10.495,3.7956,3.6678,1.9205,3.3431,11.6499,4.1915,1.9001,8.7197,5.9827,9.3086,0.624,0.9971,3.9198,9.4667,2.3776,6.2626,0,8.4444,2.2681,5.21,2.2028,10.3639,4.1261,5.8256,3.0516,7.3022,6.4461,11.2749,9.1098,8.3927,1.0927,3.6707,6.3356,7.1667,7.3822,8.0624,9.8525,4.8824,7.6259,0.5668,8.7264,12.0267,1.879,4.3014,10.9863,6.3399,4.8166,8.7388,0,7.4134,5.6689,3.0625,13.4652,2.9227,10.3423,8.8548,7.4142,9.5969,9.2513,6.5834,9.624,11.3587,1.7235,2.6948,2.1751,6.3648,9.3271,8.2582,3.7664,11.1407,8.0158,9.8586,8.4911,10.7432,6.0734,10.6647,7.9696,12.04,9.2955,2.0308,12.0657,8.7416,13.2629,6.3551,12.4555,7.702,9.6531,1.8563,9.3021,10.1865,4.4204,7.3558,2.7999,0.9824,9.3461,4.6307,5.7235,9.78,5.6199,6.0957,7.4347,14.4484,3.8086,9.8146,7.2173,6.7747,14.083,7.7904,7.29,8.3881,6.7297,10.0496,7.6457,5.205,13.0163,2.8007,6.11,4.5544,7.1268,9.8797,5.1133,5.2046,5.9681,8.0114,13.005,4.8984,10.1916,10.9992,11.6022,6.19,4.1909,1.5138,4.2839,7.4669,6.5158,9.2581
"C14orf68",11.7543,9.6526,11.7327,13.761,0,13.4178,9.7984,8.3074,11.2683,6.4518,7.8589,5.9477,10.1033,12.2993,9.2187,7.94,11.3718,9.023,13.5829,12.6164,4.4727,5.5069,12.3688,10.3927,7.5038,11.1119,1.6595,6.3212,2.9848,10.1716,10.7067,7.3452,8.5528,8.0844,8.8469,8.9997,14.5631,7.6068,14.9171,5.2476,13.405,4.6252,10.8282,8.2908,8.5554,9.5257,10.9444,7.1459,14.5926,10.8666,5.6738,12.4377,5.6162,12.1413,8.4335,7.6953,7.2119,4.6137,2.4867,6.8241,10.5849,13.1592,13.4679,11.0129,11.1394,10.1157,7.0834,8.2718,6.1627,6.7295,4.3289,10.8244,9.1966,7.7932,4.6432,11.6624,11.1723,7.0776,11.7953,11.2505,8.4564,4.2322,9.7759,12.7461,13.2413,5.0337,13.9764,9.7628,11.6012,11.6378,11.8261,1.7239,4.6837,11.0006,13.4412,13.6624,4.7624,9.0616,10.6069,4.5706,11.5456,9.2412,5.8418,13.8173,3.3778,10.8299,12.6889,12.1894,12.4422,6.2013,14.0147,13.0338,8.0746,11.7094,12.1351,3.8316,11.2229,9.1413,1.5384,6.7788,11.67,6.1923,11.4187,12.0239,12.1614,7.8429,10.6205,10.9226,10.9886,4.7925,10.9742,1.9127,12.4917,5.4187,1.9049,10.6935,6.4506,7.1636,4.0265,3.3134,12.6858,4.6258,9.937,9.2085,5.8646,3.7277,12.6742,0,12.9582,3.915,3.2502,12.8408,10.2083,10.4663,7.1318,9.3557,10.8835,8.5649,5.7725,7.2181,7.174,6.4027,9.1587,11.8928,11.3374,13.6785,5.7788,12.3117,3.5777,11.8457,2.8784,10.4438,11.8538,10.6721,4.7532,13.6514,6.3155,13.025,7.082,5.5106,1.3788,10.7672,8.6211,10.5637,14.0718,11.6219,9.5567,7.7731,9.5146,9.4929,14.6047,4.3926,10.1068,12.3364,9.4939,10.7174,9.4788,9.7015,13.7873,13.1088,6.4698,14.5188,14.0861,6.3753,8.8274,6.6117,5.3087,2.966,7.6806,14.9111,9.3832,8.1009,10.707,9.4071,8.9593,11.8489,12.9303,12.668,4.877,7.9778,13.5819,13.9431,5.1597,11.0525,3.4839,6.9495,12.9577,8.3778,7.6693,4.6715,7.1448,5.6606,12.94,3.185,12.1611,11.4668,13.8693,14.4952,7.4113,8.1958,3.0824,8.7959,1.0562,5.9296,11.6927,10.9503,7.6126,5.4761,5.4196,14.4621,4.3736,9.2528,8.8725,13.6984,8.5329,2.6751,5.7786,7.9659,10.7406,13.0219,13.2867,9.497,7.3202,13.8396,8.0483,8.2863,8.3488,1.9535,10.8696,12.0559,14.6793,8.2538,11.7916,12.7937,10.4228,13.9225,10.4409,11.5414,13.7076,4.2834,5.1728,7.6483,13.5564,5.3689,3.4109,3.7779,10.3213,12.8714,13.0057,12.1445,13.6212,5.285,11.0465,8.4088,9.4991,5.1543,13.7862,2.4152,10.0305,13.3161,13.8957,6.4068,11.5298,12.0507,11.1052,9.9588,1.6712,7.4946,12.9593,5.6101,9.0589,4.8807,2.8094,12.7842,1.2766,12.1557,11.0363,8.8372,10.767,13.942,8.0349,4.1033,13.5681,9.5083,3.7301,3.2504,12.0781,5.5789,6.078,12.2723,5.4374,14.5684,10.9311,11.5082,12.8239,2.5211,12.3133,9.78,14.1408,4.227,9.3853,10.3821,0.4887,7.7708,10.6947,3.4791,10.5206,0.5143,12.0239,5.6592,10.3468,3.282,5.168,7.4198,7.9441,13.9042,6.0315,10.0179,9.6509,13.7344,7.1872,8.4677,13.1291,3.7531,8.7835
"KNDC1",7.2195,6.7958,1.3601,4.239,6.8301,4.5937,8.3021,8.1089,10.3895,8.2526,0.9488,1.2836,3.1073,11.1995,1.1229,6.9251,9.2307,3.8793,9.5339,9.3455,5.2842,6.527,2.0885,7.8328,9.5981,5.0446,2.5236,8.5347,9.7007,0,5.6019,0.904,5.7851,10.7047,1.3074,0.7253,0.6786,7.7822,1.7346,0,6.8372,9.3824,0.8025,5.532,5.9955,8.2022,10.3265,0,6.8174,0,4.7914,1.1365,8.0636,3.9563,0,6.3069,0.6597,5.928,0,2.9485,3.6725,9.955,2.1961,6.8289,2.9147,1.3757,1.9686,6.6795,3.0115,1.0171,5.5741,10.0845,7.7892,5.1181,4.3357,3.6615,6.605,9.0935,0.7907,6.4675,0.6616,9.6681,0.9074,10.3109,8.9971,0,0,9.3782,0,4.2862,1.626,4.7604,4.5667,0,7.7853,5.2684,6.1905,9.298,6.1103,8.9946,2.0973,0,3.9415,0.7889,9.404,8.6672,9.4917,7.0467,0,9.9979,10.8454,4.1876,5.1204,4.5541,10.3117,4.4925,8.3538,1.6551,9.972,0.9921,6.455,0,9.1333,5.396,3.5068,8.274,7.1555,2.2653,9.8938,0,5.6373,7.9596,2.3564,2.5109,7.5234,12.2746,1.9426,9.5433,9.2699,4.44,1.4799,9.704,6.3606,10.7676,5.3451,0.7329,3.4342,1.4165,0,2.4333,7.1397,0,1.7587,6.3692,10.109,8.3579,8.3211,10.2897,0,6.5478,7.5536,5.1278,0,0.5872,2.0119,7.0283,6.6962,10.2985,5.0798,5.2274,9.5918,2.8933,1.6135,1.122,0,6.9737,0,0,5.2587,7.6147,8.8899,0,2.3124,7.9366,5.7828,3.3597,4.39,0.8532,9.5136,10.894,2.2718,3.1421,4.2742,7.5346,4.8764,8.3034,7.0376,5.1208,0,8.9236,9.2069,6.6685,5.6005,0.6326,8.3068,9.8962,7.8225,9.8736,5.4987,2.8114,4.3154,2.0681,6.0925,4.3814,1.9215,5.8674,7.3074,1.0573,3.4032,0,2.6469,9.3332,9.1241,8.9262,10.9506,9.3775,6.0686,7.6055,8.9489,6.619,1.3569,0,0.6524,7.72,0,0,8.2306,11.8681,9.8917,1.8897,2.5802,1.4682,1.0562,0.6776,0,0.5428,7.1673,8.68,10.5265,5.9463,8.5454,0.7535,3.3734,0,3.5087,9.8105,0,7.3397,10.3999,0,4.6427,2.4633,10.5553,8.9216,0,4.4103,8.7814,8.0765,0.5668,0,4.3096,2.2477,3.9771,8.2114,2.5553,0.4621,10.2718,0,2.725,6.2962,1.9368,8.2286,0.8399,6.6283,9.2392,8.6872,4.5389,4.7632,11.4731,9.7342,3.5084,3.6452,8.8764,1.8628,3.3934,4.2668,3.6341,3.724,3.0692,10.8413,6.1167,0.6929,4.3297,0,1.0146,4.9205,10.694,9.2911,4.1679,2.7432,7.4938,6.583,9.8515,5.1808,6.5168,9.9044,1.0344,1.5277,4.4145,10.9787,8.4208,0.8891,1.2022,5.3516,10.5098,3.7644,8.2613,10.7145,9.5819,11.0243,10.9991,0.82,3.628,1.2288,3.7606,5.2825,6.9358,3.2235,6.904,2.0201,0.5525,4.0181,0,9.2568,2.1408,6.1347,0,12.4796,10.2034,0,9.0531,0.5977,0.6208,1.6171,0.6265,7.2615,4.119,6.1393,8.6806,0.6558,0.6947,0,8.6503,7.5667,5.609
"TRIM55",10.4851,9.7114,9.8814,9.2109,1.7824,8.0057,2.1127,10.2463,11.1164,10.9071,1.7335,8.3869,10.5444,9.8274,10.4863,4.3336,10.5351,7.8347,12.4344,11.295,11.6948,0.6509,11.3061,1.7664,1.0647,10.869,3.8027,9.678,10.0282,10.2267,8.9648,9.4452,3.3636,1.5585,5.2982,11.0896,10.8251,9.5573,1.3516,10.8796,11.2703,11.0679,11.1722,10.8054,10.9085,11.9453,11.9499,9.0265,11.5689,8.9391,10.4959,8.3156,6.5465,10.4205,3.5916,11.2355,4.5254,2.0465,9.69,9.7881,9.6588,12.1452,9.7105,7.1393,9.8319,6.053,9.2704,9.0748,12.0341,6.5362,9.4188,6.3019,10.7775,5.5869,3.8785,7.4121,11.6458,10.256,9.9514,10.0726,10.238,9.6189,9.0219,11.2316,10.1945,0.5334,10.4901,3.6823,9.149,10.1626,9.6252,0,11.2382,1.9959,5.786,5.7431,10.5359,1.9987,4.9707,11.4239,11.02,9.4455,9.753,9.6349,2.7807,8.329,11.0956,9.0454,10.4163,9.1468,9.4218,1.9524,10.7031,10.8103,11.7471,1.4085,8.4101,1.6551,11.6736,8.179,9.3288,5.0225,10.6024,10.6891,10.2838,10.5005,11.4837,10.763,10.5817,3.0298,9.737,0.9424,10.0996,5.0607,0.5435,11.3996,9.9932,10.7963,9.8536,8.9434,1.1328,9.9753,9.8215,4.3359,11.4762,0,9.9188,10.1779,9.1853,1.465,9.7379,11.1542,6.3931,9.6561,4.0723,3.1415,4.1308,9.3381,0.6869,2.7817,7.46,0.6064,10.1081,5.3462,10.747,11.7789,10.5486,7.1996,0.8563,11.3972,9.5799,8.1612,10.2386,1.122,3.0148,10.0493,9.082,9.2177,9.1334,6.7998,2.4334,7.9986,12.2932,13.162,11.0534,11.2506,2.583,9.6928,2.5965,12.0483,11.0138,10.4579,4.1554,11.3378,9.4831,10.3366,11.3871,9.5331,10.7141,11.588,9.6836,1.5666,9.1771,11,4.7711,4.793,10.2472,8.2094,5.3685,10.7103,10.2136,7.8775,12.0028,10.9273,3.6573,9.547,12.6921,4.916,0,11.4386,9.852,9.7205,10.7315,6.3314,8.9368,11.33,10.109,1.6677,7.132,9.6192,9.0925,6.1872,11.5622,0,6.9423,10.814,11.2257,11.5539,2.4266,11.0369,0.583,9.6558,1.6595,8.5853,10.9402,10.6054,2.9261,11.8312,11.2877,10.4701,9.4313,7.096,9.5473,9.6913,9.1696,9.8565,10.2065,4.6738,9.092,7.6052,2.9322,2.9583,10.7404,9.0469,10.7397,0,10.8682,0,9.8129,9.6478,6.0317,8.8804,1.4338,7.9525,10.9287,9.6503,10.8086,9.5485,11.0475,0,11.1362,10.3049,11.4553,8.9802,3.1747,10.5114,9.7116,8.4373,9.8088,9.2571,9.7571,2.9831,5.3627,10.9459,10.6925,10.1668,10.3587,9.0417,10.6254,3.1937,9.6689,6.6387,9.2688,10.3406,2.8323,10.2019,1.0652,9.3243,12.6963,11.3712,11.8803,10.5806,5.9331,10.5804,0,9.8898,10.0972,8.851,9.4275,9.7128,10.0597,9.9651,10.28,10.489,9.851,11.2847,13.3145,0.7555,4.39,7.4881,9.7977,11.2883,11.3943,3.9801,3.3171,1.9864,9.3495,10.3227,10.7664,1.1522,9.9496,10.8101,0.4887,11.7689,9.9843,10.1627,11.134,1.4399,11.1314,11.8834,10.63,0,3.6814,9.9228,10.9667,0,6.1471,11.5408,9.862,9.6599,10.5445,10.4244,10.0595,13.1629,10.522
"TINAG",5.8305,2.5861,0.477,0.5688,5.9792,7.8867,0,6.4813,0,8.0947,0,0,4.6174,2.3185,2.9027,0.5891,0,0,10.3589,0,0,0,8.9653,10.278,2.2138,0.6429,0,2.6074,4.4806,3.3783,4.1782,0,0,1.5585,1.3074,1.2058,0,8.3861,0,0,9.0502,0,5.3898,0,3.9535,2.493,0.8495,1.0549,0,0,0.8751,1.9987,9.5276,2.2596,0,0,0,0,1.3419,5.4659,7.6894,1.7416,0.7795,8.0433,9.676,1.3757,0,0,11.8082,7.7087,7.0456,0.8708,7.4856,1.3611,0.7531,0,1.4772,0,8.2125,0,0,2.1886,5.5128,0,0,10.6342,8.4545,0,0,9.3211,7.2473,5.408,10.6262,0,1.1061,0,2.7675,2.6423,3.1384,1.332,0,7.9665,2.9316,1.2961,1.7436,0,7.7327,0,0.9413,0.7416,0.6136,0,5.9498,3.2151,7.8256,0.8697,1.6009,8.3867,7.6408,0,1.5567,1.802,0,0,8.724,0,9.797,8.598,8.8043,0,0,1.2525,0.7543,0,2.3553,0,1.0961,1.1031,0,0.5564,0,0,6.9295,0,0,7.0234,0.6006,4.5822,0,0,0.5588,0,0.4826,6.9261,4.2428,8.9977,0,0,0,0.575,3.0789,0,0.6872,0,0,5.3697,6.8725,0,0,0,1.1831,4.8609,9.1757,3.6061,0,3.2278,0,7.3389,1.2213,0,0.8482,2.3319,2.7123,6.9892,1.1935,2.4124,0,6.461,1.5942,3.9597,1.0663,7.3697,0.8193,9.4583,0,10.4322,1.5635,7.9845,9.0413,1.5197,0,0.726,0.8208,0.6326,8.6928,7.5954,0.7171,0,0,0,0,7.708,8.2108,8.5071,9.5562,0,8.4189,1.8886,6.6437,0,0,4.1964,8.8566,0,7.4062,8.3335,9.0774,0,1.9077,0,3.9848,0,0,2.7233,4.5649,9.0895,0,0,9.895,8.6703,0,0,0,0,0,0,0.868,0,6.203,0,9.5575,3.5818,0,0,8.0435,1.6575,0,7.1862,6.9034,0,0,7.5105,0,0,0,6.6667,0.9188,0,0,0,0,10.4121,0.6482,1.8606,3.5523,0,3.6267,0,0,0,0,2.9303,9.8772,0.6563,9.2186,0.5098,7.829,0,0,2.2542,10.9317,0,0,0.91,1.9896,9.5384,3.1061,2.614,10.4243,9.619,0,7.6669,0,0,0,10.2116,1.0652,0,10.8723,0.6504,0,0.5843,0,0.8795,4.5991,2.7053,3.8706,11.2335,1.7324,1.8284,0,1.8302,0.7229,7.3706,2.0241,9.0939,6.9863,0,0,0,0,0,5.0573,0,1.482,5.3042,8.5239,8.0199,10.3261,9.2921,1.5193,0.6256,0.4887,1.6184,9.2418,1.9948,0,0,9.3027,0,8.0071,0.5977,1.0534,2.3604,0,0,0,0,7.6101,0,0.6947,0,4.0536,9.1455,5.1806
"SLC22A1",14.3526,9.8853,12.5403,14.5238,1.8918,11.4118,8.4789,12.0841,9.5473,10.7243,4.1492,13.2608,5.2629,11.4803,10.5426,4.1409,9.2001,10.8338,13.4097,14.1982,6.8193,2.7445,10.4286,11.1789,8.0745,11.0084,5.3013,10.592,10.5018,11.6818,14.4413,7.2411,7.4524,6.4998,4.4846,13.2578,14.6445,8.0589,4.6016,11.4231,11.5787,13.9404,14.739,7.1791,5.2493,10.7052,13.6524,6.9398,14.5958,11.2172,13.1455,15.0575,1.4922,13.8485,12.1036,6.797,5.0137,7.356,13.3426,13.9539,12.6925,12.5245,14.3392,9.4494,11.6364,13.8285,7.2801,10.582,7.0215,3.1456,5.3457,9.6495,12.8917,4.908,8.1913,10.2205,7.4434,10.2189,5.9445,10.5121,9.3372,7.2836,8.1265,9.9771,13.5864,12.6185,14.4582,7.181,7.3161,9.1691,10.7315,4.9693,11.0817,3.4804,12.0168,14.4427,9.95,10.9058,8.6853,7.3851,12.7182,9.0298,4.7233,14.173,2.899,12.4822,11.599,14.8116,14.6395,10.8531,10.4625,9.8661,9.3891,15.3238,13.1849,14.5622,10.9785,6.2725,9.5581,6.7525,11.8038,12.4053,9.2968,12.5139,3.1658,12.2901,14.1949,6.1394,12.1218,5.3252,10.9067,2.3639,11.5839,6.2115,6.8558,7.3249,10.3508,12.4878,7.4564,12.3208,3.9918,10.6805,11.9223,13.3249,6.3566,9.3164,11.5921,14.0623,14.6877,6.4904,9.0208,7.1957,8.6832,10.3717,5.857,11.0251,15.4932,13.1907,10.2346,9.0062,10.8819,6.2526,14.0859,11.7223,11.2641,14.9672,11.9888,4.3941,7.0117,11.1524,9.9282,4.5727,13.7985,4.5456,12.3014,13.6362,10.7855,14.2638,13.1731,10.6215,2.7229,11.4056,11.7596,11.8348,7.6381,11.0655,6.7027,13.6559,11.3628,12.7714,16.1646,7.0762,11.9099,10.1837,13.0164,13.0204,8.9929,13.4939,11.8971,11.5637,9.5188,14.7704,15.1945,3.0278,8.5637,8.7573,14.9178,1.1391,6.8013,11.1765,14.5961,7.9754,11.1516,9.2514,9.1185,10.0476,5.4284,5.9435,6.4582,10.6653,14.5959,14.5844,9.4063,12.5059,2.3435,8.7598,13.9466,11.1967,6.1023,6.6,9.6793,8.1834,6.3609,5.7695,11.2663,2.9692,12.5639,13.4668,11.3959,4.4305,4.5491,10.3271,2.4109,12.4333,9.4872,5.6271,6.62,11.2147,10.7996,3.0369,4.1628,6.5797,13.4912,12.5389,3.9777,3.9584,13.1682,10.8189,13.4732,5.0321,14.8351,14.7054,10.895,14.7828,15.4737,9.0019,7.4846,5.6884,7.9618,14.0179,13.7476,3.55,2.3134,12.7708,7.2775,4.1989,13.5036,8.8015,14.573,7.4483,11.3208,8.2467,11.6178,10.9409,6.7629,8.4507,12.2944,2.7235,14.0409,12.7716,13.3938,4.7184,13.8018,11.35,12.5754,10.7595,12.4362,3.0851,13.0838,12.0396,13.9585,12.5256,12.9142,14.9226,12.268,10.894,4.4434,10.844,5.1896,14.3042,13.1977,8.5177,10.6352,14.884,1.7532,10.4,5.2159,13.1129,13.2047,12.5577,12.8967,12.977,6.8061,9.5796,11.098,8.2527,11.8344,11.5041,9.6145,11.7374,5.1886,15.4218,14.3748,8.536,14.9856,4.4023,10.0989,13.6978,13.0442,9.2508,13.4614,10.7965,4.064,9.2072,12.179,13.4676,9.6852,2.1461,6.5449,10.1417,8.2982,3.494,10.7861,11.8791,11.49,14.7057,9.4817,8.8421,5.827,14.5052,6.8814,11.3862,13.5962,5.6831,12.1786
"DKK1",3.0155,5.2753,3.1433,1.2928,6.4554,5.3319,1.622,2.2508,0.7882,5.5214,10.8289,2.646,13.5847,1.7132,2.5138,10.814,7.728,5.6434,2.9652,2.1406,9.9601,10.5702,7.6862,10.216,1.0647,7.9215,4.9447,6.1246,5.2437,2.6372,0,3.9425,6.7931,3.0239,10.0658,1.2058,2.8086,7.5078,1.3516,0.9113,0,1.0892,1.6926,2.824,7.3257,5.646,3.612,2.0816,0,2.0454,0,7.2984,4.1879,3.203,8.8621,8.5684,11.7983,10.3854,0,2.9485,3.143,1.3577,0,8.8664,1.1304,0,1.4585,1.6528,6.1745,11.1089,1.6796,6.2866,0.6855,10.2353,8.4897,0,5.3626,6.1597,12.0797,7.209,0.6616,9.5544,10.3794,9.468,4.5456,4.4011,0,5.9599,5.8481,10.7678,4.0872,10.821,2.9403,1.1345,4.0498,1.8993,1.4556,4.5982,8.5094,6.9174,1.0656,0,12.4181,3.5749,1.7436,2.324,2.7428,0.7083,2.4857,7.9599,7.9938,10.6733,0,1.1268,6.4596,1.4085,10.0173,2.4057,3.6898,8.2369,3.8017,3.748,2.043,3.1688,10.3602,3.2428,4.164,2.4015,5.1015,0.7238,3.7851,1.9127,6.3462,13.8279,9.2448,6.2067,9.576,1.7208,5.5707,1.2701,11.7692,4.4131,6.2117,3.1892,3.8843,3.2134,4.0433,0.8755,4.864,6.0085,1.9404,10.1235,10.7755,3.1878,4.321,5.7395,5.9948,8.2309,0,9.5653,2.2403,10.6602,3.7881,3.1757,3.6293,1.9379,2.3736,10.6946,2.6479,4.4224,7.7317,6.5715,1.8379,14.2699,0.8375,3.2278,0,2.1541,2.6613,9.826,2.5365,6.2897,0.8427,1.1086,1.1935,4.1933,3.4573,1.3857,1.3302,2.0233,2.0984,5.8021,1.7197,5.0909,8.327,2.5187,10.6244,1.4908,0.5812,5.7854,3.0783,3.2483,2.4851,5.2222,1.5962,2.9131,1.5517,6.7497,6.1542,2.5889,2.5614,6.1762,0,0,9.043,1.08,0,10.8698,12.9654,6.3755,3.9761,6.0224,1.0606,8.5594,4.1128,4.0358,0,10.6715,10.495,6.0739,0,1.6908,1.9482,10.2726,8.8448,0,3.0702,3.2314,0,3.1885,6.1236,1.868,9.2587,0.6776,1.5492,7.6219,10.2227,0.8184,0,3.7669,1.933,13.5482,0.554,9.3031,11.5239,4.0075,0.6483,8.5966,2.0019,11.55,1.6045,0,2.2394,4.936,0,4.7578,6.1568,7.2272,10.5819,5.5705,0,8.7247,12.7642,5.5153,10.1078,1.0925,3.7424,5.5418,0,5.4728,0,12.2973,0,12.0172,1.3818,1.1838,1.207,2.9728,3.1959,5.8843,3.8289,4.7184,7.0386,2.0274,4.1885,2.8666,2.8254,11.4111,1.5711,4.3408,2.5666,3.8019,0,0.8631,6.1371,3.1605,4.2499,5.1641,3.561,0.6504,1.6597,1.9985,3.762,1.8153,8.5784,5.3588,10.9704,2.5902,1.7324,4.7965,1.8375,0.8891,11.0802,0.7971,2.0241,3.3585,5.4172,3.4108,1.4135,11.6599,10.7866,1.3397,2.8034,1.8826,0,3.6837,5.2015,0.6743,2.5168,5.4116,2.3784,1.0607,2.0792,4.5288,1.4356,1.7606,3.7413,6.7953,3.8467,0,5.6916,5.0592,9.7585,2.1525,2.0919,9.0012,5.8792,5.3711,3.9143,0.6558,7.6584,0.7112,1.9401,1.225,0.8349
"MAGEC1",7.2865,1.1077,0.8347,9.2888,10.0747,5.4054,0.5014,0,0.7882,5.3158,2.239,8.2257,8.7724,0,0,0.5891,0,0,5.5757,0,0,10.4449,8.2889,0,10.4134,0.6429,0.8982,2.4815,0.6566,9.1981,0,4.9967,0,0,8.7164,1.2058,0.6786,10.3688,4.1123,9.1769,2.9796,0,8.7593,0,0,0,0,2.4088,0,1.8083,0,4.8056,0,2.2596,5.0945,6.4843,2.3386,0,0,0.9708,8.1088,2.0446,0,0,0,9.1232,8.5845,0,8.9748,9.7356,0.4513,0,0,11.7669,0,0.7532,0,0,0,0,0.6616,1.1284,9.2319,0,1.2613,2.5656,10.3117,0,2.8206,0,0,4.4668,9.6572,1.4819,0,8.9911,1.1122,0,0,0,0,4.4082,9.1324,6.7836,0,0,7.0153,0,2.2267,0,0,0.6545,4.0182,8.0172,0,0,0,0,0,0.9921,0,0,0,10.2247,0,0.9566,1.3441,0,0.6836,0,9.6099,0,9.8583,0,6.5454,2.0713,10.0943,0,1.1857,8.7629,0,0,8.1334,0,0,6.8604,1.8405,11.0777,5.316,0,0,0,10.6693,4.0129,0,0,0,0,0,0,0,0,0,9.2159,0,0,10.6741,0.719,2.6479,1.0738,1.1831,0,2.0321,3.8013,0,8.6831,0,7.8102,9.5456,0,0,9.2312,1.7571,0,0.7168,0,0,0,1.5942,2.0233,8.8642,7.7065,9.927,2.8747,0,1.2336,0,4.0079,6.9254,0,0,1.5666,0.8208,6.2028,1.5962,0,0,0,0,6.5438,9.594,1.0457,8.4391,4.3145,0,0,0.7471,0,0.4381,0,4.4629,2.3219,0,0,7.8212,0,4.5959,0,0.6326,1.5524,0.8324,1.0801,7.4497,0,0,7.0311,0,0,0,0,6.3952,0,0.6226,6.9177,0,0,0,4.5322,3.1238,0,0,0,1.5224,8.4199,5.5175,0,0,4.0636,0,8.4786,0,0,0,0,0,0,0,0,0,0,0,5.0735,0,0,6.7976,2.0072,0,3.6598,3.8548,0,2.4661,0,8.3622,0,0,0,0,0,0,1.3267,7.4403,6.4861,0.9354,5.9563,7.2642,2.7364,1.3346,11.4012,9.4149,0,0,1.5108,0,6.8228,3.1958,3.3827,0.6287,0,0,3.1657,0,10.7508,3.4376,8.8281,1.5345,0,0,0,0,0,0,4.1033,8.8664,0,10.3358,0,0,0,0,0.6718,0,6.127,0,0,5.7995,3.811,0.7671,9.5297,9.5866,9.0591,6.1963,0,0,0,6.0584,0,6.8406,0,0,0,9.2014,0,5.272,9.4222,0,1.3359,0,0,2.9063,2.6274,1.1616,0,4.431,0,8.7498
"HPD",14.1692,10.6079,15.3463,14.9526,6.0693,11.9355,11.7494,15.52,15.9351,12.0482,13.7013,14.2453,11.8916,12.2999,10.3208,2.9176,16.4325,14.5451,13.9926,14.5475,12.1068,13.1296,14.3964,8.5466,9.7239,16.5019,3.3317,5.5182,14.4856,14.9258,13.8664,15.0686,11.4369,11.4881,10.0718,14.0212,16.1281,9.2722,15.8533,15.8695,15.5745,15.3176,16.3292,8.8617,14.1282,15.5766,17.1497,13.5773,16.1688,9.8513,13.0489,15.7346,8.5594,13.0889,15.9434,11.8487,13.7571,9.7543,11.3109,14.5208,14.8131,16.8559,16.0321,12.0115,14.921,14.9211,15.7726,16.683,12.0446,14.6069,10.1713,11.8131,14.8468,8.3389,8.8654,16.2192,8.9467,17.4531,8.9368,12.8112,16.3015,7.3741,15.1757,17.1879,14.3929,5.971,13.4619,15.7608,17.3714,12.7399,16.3032,0,13.9721,15.4719,14.7709,15.0536,15.6746,14.6635,11.6042,16.5422,16.2479,16.1357,10.6616,11.2414,7.2582,10.3444,15.7133,15.1442,16.8809,10.841,16.4604,7.2531,12.9976,16.036,15.0658,15.6262,11.9353,16.088,13.5053,12.4253,15.5497,14.8257,10.3163,14.3825,12.6497,14.7361,15.5422,11.1042,14.2995,3.6699,15.4627,4.0591,16.0146,10.1679,10.286,15.1668,16.5874,15.8028,8.1817,15.5128,8.3854,17.3363,15.1907,15.174,17.4193,7.2661,13.9463,5.831,16.6784,8.6076,11.8996,10.6857,11.2472,11.3738,17.6411,9.3728,14.8337,14.5158,15.2126,10.6327,10.9828,8.1561,16.4482,15.5993,17.3453,16.1899,14.6095,14.4765,12.5947,12.6387,16.9363,12.2069,7.3999,5.6725,19.5615,14.2285,14.8051,14.4358,13.5113,9.0238,4.5975,13.831,14.2852,16.5441,9.2717,12.2216,14.0852,16.5887,11.4788,14.779,15.5348,14.1355,13.8396,14.0345,14.5669,16.1823,17.3756,13.2842,16.7458,13.9906,15.9725,10.1992,15.4989,16.1203,11.1057,16.3419,15.0473,15.9858,9.523,14.616,12.3875,11.7162,16.1087,17.5538,14.1408,15.8466,17.0636,5.0632,10.061,14.5211,15.6252,15.1145,13.4298,12.8133,5.216,13.5427,14.7192,12.1281,6.2347,15.3679,17.0698,14.4304,5.1878,4.6601,13.7001,12.5098,15.7754,16.114,14.6386,10.719,14.6305,12.5345,1.887,16.9507,14.0853,11.5508,9.1825,17.1502,8.8318,14.2851,7.5296,14.1829,12.2866,16.465,8.1803,6.0946,15.508,15.1362,15.5367,15.5176,9.789,17.2659,7.8642,14.2592,17.7941,9.8297,12.9111,2.7541,11.6433,15.7349,14.8625,8.0961,7.8322,14.9455,9.0886,15.1036,15.6098,12.2367,13.2625,5.2103,16.7314,8.6241,15.6093,7.9616,5.3815,10.2987,13.7374,15.6286,15.9129,15.7809,13.5472,15.6498,13.1725,16.835,16.3715,7.62,15.1124,3.9245,13.4085,13.1856,15.5101,13.3284,14.6319,11.6578,16.1491,13.0018,7.6892,10.0024,10.6875,16.1519,16.2853,8.6437,13.996,15.8632,8.1953,12.7421,9.3382,15.7869,12.7898,13.8137,16.437,13.7154,11.3005,15.0848,11.4393,7.1008,15.7794,13.2623,16.3386,16.5764,18.4384,16.1753,16.0831,13.9665,14.8922,2.1875,16.4172,9.953,15.4264,11.6761,13.7516,16.2621,5.0022,11.7377,15.7784,14.3726,16.7562,5.7916,14.4932,16.3802,15.3393,13.9624,15.8907,16.071,16.5774,15.3652,16.7432,10.2544,12.0637,15.3415,14.9771,16.8046,15.5241,5.9456,12.392
"FGFR2",11.193,12.1022,9.3481,11.1425,9.0363,8.4923,11.0571,9.6254,11.162,12.3295,6.6844,8.3619,4.7346,11.5811,6.6766,11.5054,3.1743,10.7328,12.8744,11.8787,12.1505,1.0978,12.1742,11.6931,11.3037,1.6986,4.4977,11.9931,9.3224,1.0316,8.7666,2.4211,12.1621,11.8851,3.4042,10.9156,9.3581,11.0079,7.104,3.7836,5.9185,7.8484,9.2607,11.6622,6.8088,10.6489,9.5584,9.3219,12.5139,2.0454,11.0587,8.4796,9.1279,12.6856,0,4.2399,3.8985,13.274,13.1629,4.6437,11.2952,8.5215,6.88,9.8505,12.8771,8.9642,9.7829,1.6528,10.8367,6.4821,10.1574,12.5927,10.1217,9.6821,13.2367,7.9649,10.7512,8.3418,10.6027,11.7124,1.457,11.4209,4.4315,4.6942,10.5696,10.5458,11.0009,7.9181,6.165,10.8311,7.0941,10.3229,5.5359,2.3741,11.6388,9.5892,1.7328,11.8924,11.6184,5.166,8.4317,0.482,10.2194,11.7319,10.7806,12.5727,10.3502,11.8219,10.3809,11.4005,6.4583,13.6162,10.8608,9.4957,10.4482,9.8866,12.8127,0,12.0106,0,11.1908,8.5407,12.8411,9.7667,11.5405,9.6313,9.2697,12.3692,9.7417,1.8504,9.4482,11.3592,7.7865,7.217,11.31,6.2067,7.92,8.625,13.2231,10.3618,1.7594,9.7069,2.6279,12.5453,4.9926,9.9942,11.3796,6.8604,1.226,7.3407,10.0148,11.4382,12.7068,10.1188,3.3915,12.4275,12.412,11.6481,2.8275,11.6019,9.8799,12.1001,2.0183,3.913,2.821,10.9254,8.7787,6.732,1.39,11.409,6.0261,9.4918,12.3179,9.181,0.8375,12.3287,10.9523,12.7134,11.4981,12.8256,13.2062,9.7594,11.8427,4.7865,11.5669,12.4002,10.6235,8.4218,12.1508,9.4541,9.3069,5.9311,8.6022,12.3062,3.1747,10.0331,6.7624,10.6603,2.3129,11.9147,11.2904,10.1149,10.9668,3.4473,6.05,10.0576,9.776,3.0382,12.6389,11.3085,10.5288,10.4198,1.7446,0.9596,11.0527,10.6828,4.9786,12.3346,10.2141,2.5902,9.6208,10.1046,7.932,13.1216,4.7539,8.9711,12.3672,12.7489,11.9084,6.1803,4.7421,1.9205,12.9153,13.1123,11.8267,1.9001,8.6376,8.655,8.7888,11.2958,0.583,10.258,7.1039,1.1368,2.7612,9.7925,7.1838,0,11.7968,7.3555,9.3675,8.3123,8.6883,3.249,11.2373,11.8151,1.7089,8.7157,9.6621,2.137,10.6009,9.0761,11.7586,9.7703,1.2051,9.9444,11.0549,12.2898,9.6728,9.0695,11.8958,11.7639,3.2492,12.6493,8.726,1.3277,7.8068,10.8786,12.7061,12.0522,2.3103,11.8073,0.8399,12.0291,12.0248,12.1123,11.165,2.0405,7.5128,8.9643,11.48,4.7184,12.7156,2.4316,8.8852,10.6519,10.3015,10.7545,10.9092,10.5123,11.2043,11.4162,10.5748,2.0963,4.7828,10.5164,11.1137,12.8089,8.2082,8.5138,10.2263,10.3289,12.0805,8.936,9.5684,10.0886,12.056,10.9377,10.273,8.6858,11.6377,7.8939,11.0685,9.7035,11.8427,8.2718,9.5457,12.0376,10.019,7.8563,2.4794,8.2485,8.2603,10.3625,11.4398,12.0159,7.6812,11.8839,9.9077,8.2195,9.887,9.1144,9.8225,9.8706,10.3856,8.8272,1.0874,13.2614,9.47,2.8464,8.0818,5.103,5.1017,10.3672,1.6669,10.8179,7.7333,12.0319,10.89,4.1447,10.2796,7.1544,10.7521,8.7403,8.4142
"ODAM",0,0,0,0,4.6513,0.7667,0,4.3522,0,0,9.2729,0,12.4419,0.6505,0,1.0062,8.7479,0,0,0,0,10.278,0,0,6.4042,7.0363,0,1.0135,4.0498,0,0,6.1873,0,1.5585,1.6837,0,0,0.7193,0,11.2974,0.7015,3.4787,0,0,2.0774,0.9455,0,0,0,0.701,0,0,0,0,9.896,9.9784,9.0585,0.4765,0,0,0,0.833,1.2827,7.1029,0,0,8.74,11.2509,4.2667,8.7766,0,0,0,3.4851,0.7531,12.3842,0,0,0,0.7515,10.1943,0,7.3832,10.782,0,0,0,2.7358,0.7432,0,7.6533,1.5457,0.7378,8.1695,0,1.242,9.5715,0,0.5197,0,3.2845,6.94,0,0,3.8585,0,0,0,0,0.7416,7.8751,0,0,0,7.2478,0,0,8.2457,0,12.3939,0.72,0,1.5224,0,1.3757,1.9343,0.8233,0,0,9.9795,0,0,8.8534,10.6105,0,10.3297,10.5028,0,0,0,10.804,0,5.388,0,0.6329,0.7329,4.4015,0,9.7893,1.465,0,0,4.7022,0,0,0.8339,0,4.2687,4.9199,0,0,0,8.696,10.2994,7.119,0,7.6925,6.6874,7.4991,0,0,3.7307,0,6.371,0,0,2.6355,0,0,0,0,0,0,6.1133,0,2.4124,0,0,1.0069,0,0,0,0,0,8.8194,0,3.8767,1.1421,0,0,0,0,0,5.9176,0,0.6725,1.194,6.0163,2.2931,0,0,0,2.1014,0,0,0,1.8929,0,0,7.3447,0,0,0,0,2.6074,0,0,0,2.1052,12.2638,8.0827,10.6687,0,0,2.6775,5.6093,1.437,0,0.7903,0.624,8.9071,0,2.2565,9.3369,4.9921,1.2452,0.868,5.5248,1.8369,0,4.6895,8.4028,2.825,9.524,1.0655,2.6751,7.4002,5.6811,1.7022,10.3295,0,0,0,0,1.8524,3.8827,0,5.2173,0,0,0.9936,0,8.0046,0.7294,1.5613,0,0,0,0,0,6.4143,0,5.5569,1.4479,0,0,0,0,0,2.4659,0,7.6198,0,10.407,0,3.6239,0,0,0,0.7998,0,7.8006,0,0,7.305,0,1.0652,0,1.3466,0,0,0,0,0,7.7151,0.7573,2.7582,0,0,1.1864,0,0,0.4062,0,0.8212,0,1.1324,0,0.8733,9.9926,1.1004,0,0.6764,0,0,0,1.6349,0,2.8223,5.5308,0,0,0.4887,1.9109,0,0.6755,7.051,1.9992,0,7.6441,11.3049,7.7102,8.958,0,10.4571,0.8174,10.484,0,0,0,0,5.6085,0,0,0
"CXCL6",7.8414,4.6363,2.6072,6.9904,12.8152,6.7402,9.4255,5.745,4.6005,6.5144,2.3745,2.8511,0,8.8172,6.5372,4.6265,1.1022,0,6.1702,6.477,5.0249,2.6162,7.8064,0,10.6396,6.1073,3.5064,3.9321,4.7203,2.3721,1.0489,0,5.467,8.1151,0.797,0.7253,2.8086,11.8332,0,0,6.6519,0,0,8.5701,6.6559,6.8557,3.2959,2.0816,3.2628,2.249,0,9.5929,5.5054,6.9185,0,5.375,0,6.0438,7.8388,2.2749,6.0505,11.5253,3.0294,9.4485,7.2872,1.3757,2.3446,5.6935,5.3791,4.8402,5.9619,8.0106,7.0552,6.9559,7.9725,3.7376,0.92,5.4315,4.881,0,0,9.4652,0.5239,2.0395,5.9326,3.4383,0,5.5486,4.6967,8.3252,8.3417,8.24,8.8527,0,11.8943,3.6558,0,5.4981,9.127,4.0818,1.6717,0.8427,5.3101,2.4241,6.0483,0,6.3712,8.2747,5.0534,6.8145,2.0637,3.8853,2.1304,0,8.1356,2.1074,9.4036,1.3852,0,0,1.1982,2.5787,8.6046,2.9729,5.8879,5.236,5.4622,6.0797,9.1019,2.2955,0,9.6172,7.1477,0.6062,7.4723,5.9129,1.0961,8.7223,4.9521,6.7525,0,3.7451,6.4103,0.7977,2.4344,5.3594,9.2845,0.8755,0,0,0,0,10.7219,8.4705,1.0391,9.3745,4.8205,10.2234,0,0.575,2.9688,4.1474,0,0.5872,0.8142,9.6145,5.1067,8.3166,0,9.3593,4.688,3.0026,1.0215,1.122,0,5.142,10.1161,0,3.6227,0,7.738,7.7118,5.2287,3.895,2.4606,8.2492,0.8733,5.0556,13.3471,11.5056,0,10.44,4.5811,3.0069,2.5405,9.3895,5.8345,3.8954,0,6.3779,2.4808,1.2066,8.2173,0.6326,6.9115,3.0225,0.7171,9.6061,6.3509,0,7.7122,7.1662,0,0,0,6.6461,1.2369,0,11.54,1.419,3.2359,9.5993,0,6.1382,11.4935,6.1419,6.0312,0,1.4067,0,6.1862,0,6.4765,4.2043,1.0562,1.9001,6.9991,7.4232,7.9258,2.2594,0,2.4375,6.986,3.5597,0.7156,4.6028,5.9555,0,3.793,0.6786,10.4053,0,5.3168,0,4.6775,7.3643,0,9.163,10.9843,7.9138,0,1.3248,1.1639,4.1635,6.4671,9.044,5.48,10.8033,0,0,9.4465,8.1784,1.4338,8.0235,1.5613,0,5.1734,0,0,0,4.2978,0,3.1957,4.3226,8.4733,0.5098,1.207,0,8.199,8.4205,0,2.4866,4.8721,0.5256,4.8246,10.8582,6.6968,0.8383,6.8742,9.7539,8.8231,9.2294,1.6802,0,1.0146,6.2375,8.8586,5.7441,0,5.799,4.6296,4.2076,3.762,7.1843,7.2002,9.8961,5.1535,5.7307,4.9086,3.6418,4.7058,0,0,2.4398,7.9313,4.7103,1.1324,2.7017,0,6.6867,0,1.7208,2.5322,0,3.5558,11.782,3.7691,7.5275,9.9961,10.1444,6.9401,0,6.1693,3.2144,8.7069,0.6755,0,10.7622,5.5396,0,4.2214,7.1038,3.2635,0,1.6669,8.4069,0,4.1399,0,0,0,0,8.2339,2.3255,5.9572
"GLS2",11.4586,6.9202,12.9009,11.5685,3.2334,5.2808,5.0263,11.1327,12.85,11.8244,8.4233,13.2577,4.9438,3.2549,8.0067,7.451,4.834,11.7435,10.0383,9.285,6.1601,2.1443,7.0585,9.45,4.9636,1.6986,1.6595,10.4776,10.6133,13.5163,13.257,6.2547,8.7128,4.8843,4.1669,13.4248,10.1545,7.0326,12.4541,5.8086,10.6637,9.824,12.8102,12.426,5.8009,11.7341,12.0078,10.5054,12.0993,9.3767,12.53,11.4833,6.0894,9.3047,5.8145,4.0884,5.9376,7.5249,9.5743,13.8181,12.1265,12.3605,12.6501,8.411,6.4067,11.487,2.5013,2.7481,9.742,2.3493,8.0158,8.5844,10.9391,5.1181,7.0284,1.6119,6.7555,13.1942,2.2171,9.0958,3.193,5.43,3.8652,8.1607,12.373,6.341,12.2878,10.914,8.8578,8.2515,9.0676,2.8363,9.8657,2.3741,8.8806,13.4553,2.4976,11.2689,4.9707,10.2222,7.1718,2.6223,7.8507,1.2961,4.7461,9.1406,11.6054,12.8148,13.584,7.9792,2.2359,4.1414,10.3813,13.6301,11.015,10.8687,8.6155,8.8299,11.6303,0.9921,11.438,3.0809,8.0501,12.085,5.5623,10.8689,12.3253,9.619,10.9847,1.2036,13.1081,6.044,11.3613,3.055,6.2995,6.748,2.3167,9.9689,7.4669,13.992,5.3349,13.0388,10.2011,12.4588,10.3357,7.6218,9.3624,8.906,4.3036,5.0308,11.0532,9.843,8.306,9.1992,4.2428,8.2471,12.8528,9.0281,1.5005,6.1603,12.6707,8.7464,6.3057,2.706,3.1015,8.7716,5.164,4.1001,4.354,8.8054,13.2346,8.8098,10.2306,7.5686,13.8786,9.677,11.6799,12.6068,4.4356,7.9848,5.1462,10.9557,11.1465,10.4153,8.1307,11.6585,7.2519,13.2591,9.7745,9.3813,10.6305,7.5876,8.5264,10.1519,3.4817,11.7992,5.0419,10.9992,9.4471,9.407,12.19,10.6273,12.8317,7.0323,5.2062,9.3084,8.4026,7.2489,3.3367,9.6194,6.7663,4.8417,8.2626,3.625,11.0307,12.7326,7.3972,8.282,9.2234,3.9287,12.465,11.0433,10.8052,7.8755,3.7253,10.4341,13.1326,7.3081,4.9921,3.3249,6.2468,4.1467,9.416,3.5342,11.1931,6.5531,9.9491,11.8455,12.2199,3.1885,4.039,3.833,4.0577,2.5351,7.7122,10.0454,6.8017,0.8184,6.5083,11.8209,5.0744,5.8562,10.0688,3.1537,7.052,5.7921,2.7383,9.2638,9.0979,1.0927,9.6493,11.7928,9.8519,8.4069,13.7097,7.4899,8.6628,5.2394,9.1136,11.3796,9.7503,2.4019,3.5579,13.0472,3.6676,11.3682,12.8642,9.7984,12.1016,11.1708,6.3755,9.7687,9.5423,7.5384,4.7672,7.2907,12.8642,9.9256,11.3443,9.473,11.6968,2.9831,11.5135,3.0058,12.2467,6.9138,10.479,8.912,6.9452,10.9959,8.7089,8.2841,12.8352,4.3685,5.4878,6.683,5.2739,6.8384,6.4499,13.5912,11.7134,10.6026,10.0105,12.6639,0,5.624,6.704,13.2311,7.8874,5.8037,13.6634,13.4124,3.3372,8.8191,10.1082,6.8645,8.4027,4.6489,11.4312,8.1968,10.2908,12.6242,11.9956,12.4325,13.3068,7.0567,10.2816,6.1916,11.6019,7.1945,11.2725,11.1429,3.361,9.4357,12.8224,12.2621,11.5453,3.6995,8.7948,4.1543,3.8174,4.284,10.6756,13.4346,2.2651,13.6891,0,7.7146,10.1154,13.272,13.3843,3.0017,12.1951,3.6024,13.9506
"ZIC1",6.9057,0,0.477,2.2829,5.2117,7.1207,0,0,0,7.9272,0.551,8.9086,8.6829,6.1162,9.0765,0,0,0,8.0318,7.1548,0,6.7188,0,0,0,6.4963,0.5178,8.7851,6.4694,8.5918,8.17,7.1153,0,0,0,7.2656,6.9131,8.4752,0,8.894,8.9238,0,9.0234,7.7941,7.2816,5.7736,0,0,6.9637,6.6506,8.0293,7.5772,5.9692,4.8471,6.7753,6.8212,8.1551,0,2.025,0,2.164,7.5223,8.8191,3.9151,8.3811,0.846,8.4321,7.5402,7.4677,6.4202,0.4513,3.6555,7.2465,7.9974,0,7.9042,0,0,8.5127,0,7.0177,1.4748,6.8707,6.4093,6.4761,9.1938,7.9832,7.2751,8.2775,2.9507,0,7.3003,2.117,7.0757,3.9987,7.9823,0,6.3425,3.0656,5.7168,7.6668,7.8817,8.2042,6.8397,8.5778,0,6.5492,6.765,0,8.4531,4.6658,7.9229,8.6467,6.1705,6.5995,0.8697,6.8742,5.5279,0,0,0.72,8.202,1.1689,8.7223,3.5068,9.0489,0,9.3966,1.7758,0,6.18,0,7.189,1.627,6.6144,1.3792,7.0672,0,0,7.3435,0,5.0752,8.1334,0,0.6329,9.6677,7.0571,9.1116,0,0,8.2624,0,8.7566,1.6614,7.1209,7.6533,0,0.5544,7.2327,0,0,8.4428,7.9407,3.913,8.1719,6.1797,8.3188,8.3254,8.5554,6.2188,0,7.1485,7.1404,2.7829,1.364,3.6685,7.8724,8.2835,9.6545,0.4371,0,0,0,7.2081,2.2813,8.4254,9.3274,5.0556,4.9202,0,0,7.6884,9.093,7.4147,1.0501,1.2336,7.3744,0.6812,0.5812,6.7474,7.438,8.0511,6.653,9.5102,7.7447,6.1512,7.02,0,0,8.3666,6.0924,6.5889,6.5705,6.5411,0.5506,0,0,0.6234,6.0962,8.1746,6.8415,6.7682,7.4579,1.7544,7.5504,1.5101,8.5356,0,3.7125,6.9323,7.2595,7.744,9.6153,6.0661,0,6.1979,7.6778,0,0,1.662,8.2061,6.5644,9.8081,6.9943,7.1395,0,2.7603,0,8.8277,4.7775,7.2539,8.1371,2.3823,8.2575,7.1045,0,7.9429,0,7.6446,1.0927,8.2864,7.7309,1.7997,8.5763,6.2115,6.5821,0,0,0,0,3.5731,5.9431,0,2.4868,8.9813,6.5291,0,9.4893,4.6188,0,0,8.4359,8.6856,7.1627,6.9432,7.3406,0,6.4211,6.0731,7.6608,7.368,7.8532,0,0,7.9929,7.4118,6.7178,10.8046,7.616,1.3114,7.2532,2.2324,8.278,0,4.886,7.3069,0,8.1861,6.2596,8.2774,0,8.9317,7.0338,0.8795,7.4824,7.1408,8.7648,8.6265,7.7617,7.9043,1.1935,6.7708,0,7.1856,7.8231,0,6.9168,7.653,7.9005,3.6851,0,1.3397,7.7649,1.2288,8.9722,0.6713,7.4107,5.3546,7.7339,0.6881,0.5525,0,7.4824,8.5456,6.9906,8.0494,5.4877,0,0,6.7435,7.4202,2.6167,0,9.4061,6.6038,0,1.0647,8.5097,7.7867,7.5854,0,7.18,7.4377,8.2718,7.4051
"GTSF1",9.4916,0,0,7.2778,9.8238,9.3822,0.8729,0.7019,1.295,5.9675,4.7068,10.4458,1.9146,1.9443,10.3581,5.4878,1.1022,0,0.9802,0,3.4412,0.6509,8.4894,0,4.0884,0,3.8893,8.27,0.6566,4.4859,0,0.5217,0.4895,0,5.2147,7.5434,1.7666,9.0857,0,0,4.632,0.6451,6.0222,0.7448,2.0774,0,0,4.8318,0,11.073,0.8751,9.8812,0,3.9563,0,4.0063,9.2423,0.4765,0,10.7889,7.7836,2.2948,0.7795,1.4651,5.1493,9.3125,1.4585,0,10.6055,6.9763,1.3039,0,0.6855,11.4472,0.7531,0,0.92,1.6198,9.3392,0.7515,0,1.4748,9.234,0,1.2613,9.3393,2.0905,1.021,1.5953,1.4237,0,9.403,8.2515,1.7617,0,8.4838,0,1.6992,1.4513,0,1.6717,0.482,5.3101,2.4241,1.1206,9.5468,5.6636,0,0.9413,1.8829,0,0,9.9526,4.7572,1.1888,0,1.7824,0,0,10.0177,2.4675,0,0,5.3156,0.8459,2.5118,8.2667,0.9649,0,0.7238,6.9883,2.4876,9.3686,2.6374,10.1363,0,2.4726,0,0,8.9882,1.1328,0,3.832,0.7977,1.0713,6.8645,1.6159,8.4231,0,1.8643,1.7507,0,9.2003,9.603,1.6368,1.3589,0,1.7411,0,0,1.1646,0,0,0,0.8142,0,1.2595,8.1263,1.1477,0,0,0.664,0,1.7455,0,8.614,0,0.5174,8.0223,1.2724,0.4856,2.4883,9.7566,0,0,9.2067,0,1.3857,0.5896,1.3406,2.0984,0,10.4654,0.7688,1.6514,0.7448,1.204,8.5042,1.9915,1.9264,0,0.726,0.8208,11.1922,3.8737,0,0.7171,3.6115,0,0,6.0924,8.4252,1.7446,0.5582,0.5506,0,0.7471,0,4.1144,0,2.6469,0,0,0,10.4725,1.1584,5.9928,2.4206,1.6788,1.5524,1.3569,0.6389,0,0,0,1.2426,2.3173,1.2622,2.773,3.0062,8.4475,2.1807,0.6226,0,0.7156,3.8782,0,0,1.5506,0,2.3062,8.5993,0,9.5651,10.8137,0,1.094,5.1532,0,6.2435,9.9562,1.7037,1.1639,1.823,0,3.5675,0.9188,0,1.5484,0,0,10.3863,0,1.2115,10.8899,0,2.3584,0,5.2493,0,0.6468,0.9606,2.9227,3.2691,0,2.2676,1.207,0,1.0146,1.3267,7.2477,4.3624,0.9354,0,4.4462,5.1796,2.2646,3.6353,10.115,3.9835,0.6296,9.5051,0,0,1.6044,6.3904,1.8996,0.7081,2.493,1.097,4.7503,10.7654,8.8368,7.8988,0.9623,1.9111,1.8563,10.8701,0,1.8284,0.7168,6.9305,10.7892,0,1.7227,0,8.7207,0,1.4135,1.4748,0,10.8025,0,0.7415,0,0,0,8.9229,5.7082,9.511,9.2145,0,2.3312,0,0,0,0,2.1461,3.8467,0,2.743,0,1.3858,2.5421,0,1.3359,0,0,9.2644,0.6558,0,0,0.7734,3.2435,10.8235
"LOC146336",0.8379,3.6932,1.7444,0,0,0.7667,0,3.886,8.6096,4.7587,0,0.5637,0.7592,1.0972,0,5.6703,0,5.8289,1.5585,2.8582,3.7363,1.7139,8.2914,11.5682,2.2138,0,0,2.3435,1.1061,0,0,0,6.7719,8.2193,0,1.2058,1.1383,5.6098,0,0.5265,0,2.3064,0,0.7448,4.8266,0.9455,2.3247,3.6223,2.8112,0,10.4207,0.6774,9.7136,9.774,0,0,1.1106,7.5552,2.025,0,0.5213,1.7416,1.2827,0,0.6732,0,0,0.778,10.5891,1.4364,10.4366,4.6927,0,3.9183,10.4504,0,0,0,8.6422,4.5993,0,9.5881,0,1.6201,5.3262,2.0465,1.3948,10.1882,0,1.4237,0,9.0498,0.7378,0,0.6566,0,0,8.3224,6.1895,3.337,0,2.7971,0,0,4.7142,11.2127,4.6328,6.268,0,1.5927,0,10.7799,0,0,2.07,1.4085,5.8359,0.6204,10.0609,0,0.72,0,10.0477,0,2.0669,8.4704,0,0,0,1.8504,0,8.2403,1.2471,0,2.3553,0,0,0,8.6801,0,0.6748,2.4626,0,11.1586,3.7724,4.5551,0,0,2.3269,0,6.5575,0.71,6.9746,0,3.2386,11.234,0.8686,5.5808,0,8.9082,0,10.0873,0,0,0,0,4.8977,0,0,10.3503,0,1.4613,2.7366,1.122,0,0.8772,0.5205,0.5174,4.603,8.3792,4.6673,4.2378,0,0,3.4131,6.7025,4.7878,0.8532,2.1807,2.834,0.6295,0.9029,0.8193,1.6377,0,1.5981,0,1.4908,0.9944,5.7854,9.1279,0,2.4851,2.2789,1.332,0,0,0.4863,9.3354,6.1544,0,0,0,0.5582,2.6115,2.8335,10.8568,4.6625,8.3951,0,0,0,7.1513,7.7968,3.6097,4.6454,0,6.519,11.4124,0,0.8324,0.6389,0.6524,11.357,0,0,0,0,0,0,0,1.868,5.6931,0,0,2.2187,0,0,1.193,0,8.8236,2.3548,0,1.1475,4.2504,5.2339,0,1.1749,0,0,0,0,10.1085,0,0,5.6706,10.1388,6.1165,0,0,0,0.6188,0,10.5656,0.9823,0,0,0.9781,0,8.3736,0,12.1052,0.3372,5.3888,8.5287,9.5606,2.9151,6.106,0,0.8107,0.9587,0,0.9354,0,1.1299,3.4685,0,1.1257,0,0,3.5104,0.6929,6.1609,5.0055,0,3.0781,9.2834,8.4069,9.0167,1.097,0,4.1681,12.1209,1.422,1.9431,0,0,2.4314,5.6206,5.1475,7.6474,1.435,0,0,6.8584,0,0,12.057,9.1759,0,0,0,0,8.8196,0,4.8504,4.6761,0.6743,0,0,0,1.0607,0,9.5596,0,8.2438,0,6.7897,1.2257,0.9143,0,0.5977,0.6208,5.2561,0,0,0,9.2237,6.7136,0,1.7966,0,1.2742,1.225,0
"CST1",0,0,1.1212,0,0.3461,0,1.4128,4.2129,0.7882,0,10.1008,0,1.6218,1.0972,4.5103,1.0062,0,0,0.9802,0.6492,3.3742,11.5603,4.9202,2.6791,4.0573,1.9288,0,1.0135,9.9061,0,0,7.4745,1.7758,2.904,6.4718,0,0,7.8157,0,4.5248,1.8093,0,0,3.562,0,2.493,0,1.8852,0,0,1.4159,0.6774,4.0367,3.203,6.9379,5.4391,1.7307,0,0,0,0,1.3577,1.6551,9.3682,1.7564,1.3757,6.6615,3.5511,0,13.9408,1.3039,0.8708,2.5524,0.8354,6.1756,2.5357,0,0,3.3908,0,9.4733,0,11.8388,3.5071,3.23,0,0,1.3471,0,3.5775,6.9061,4.1611,0,6.6895,1.1061,2.1418,0,6.188,5.9475,0.8145,1.6717,6.2016,0,1.6706,8.5622,0,3.6898,0,0,8.7698,5.2915,0,0,1.1268,7.7968,0,3.3142,8.5278,6.1204,14.2749,0,0,4.733,0,3.8636,0,0,0,5.3787,3.876,5.651,2.6015,9.3938,14.4143,6.6994,1.3792,3.8159,0,4.5816,0,1.4799,0,11.8372,3.3015,1.9082,0.7329,6.5614,2.6839,9.1985,3.2932,0,0,1.9189,0,1.0391,0,0.8686,5.5231,0,1.304,4.0994,0,0.6872,7.7813,5.1652,0.7721,13.1004,3.7305,7.5279,0,1.1831,4.7398,0.5993,9.2934,0,1.4188,0,0,0,4.6678,7.9111,1.1061,0.8427,2.492,0,3.3597,0,3.5215,6.3535,7.0697,1.0663,0,8.0444,5.7865,10.2296,1.8888,7.4624,5.5318,0.5812,1.5197,2.1495,0,2.4851,2.2789,0,0,1.8382,6.5358,6.7147,0,4.4135,0,0.9564,1.7494,0,0,1.2369,0,2.7392,0,0,3.3692,0,0.6722,4.5176,1.1584,3.4987,2.7667,2.2789,9.8381,5.1436,11.1343,0,1.1669,0,0,2.6141,0,0,0,15.6171,3.833,0,3.7645,9.9891,0,5.5609,2.0191,0,0,4.8947,8.6445,0,5.2732,4.4073,0,0,6.4865,0,4.9285,0.5947,2.2516,0,0,1.8524,5.4495,0,2.3284,0.5668,1.1968,0,1.0505,3.9771,0.7294,0.9823,0,6.1109,0,1.6981,0,0,0.9606,2.382,6.3715,4.379,0,0,0,0,0,1.9377,1.1051,0,11.1187,1.4765,9.9499,0,0,7.9623,1.9868,0.6296,1.5108,1.6802,1.3994,4.0272,7.7576,8.6586,1.181,2.493,0,1.8873,0,1.8999,0,2.7421,6.3287,0.608,0,0,0,0,0,0,1.3075,0.8212,1.6878,1.9931,0,2.9365,0,10.5811,2.4835,0.6764,1.5924,0,7.0821,8.0455,5.8628,1.2324,1.1522,0,0,5.7927,3.8878,0,0.6755,1.7003,7.2001,5.4541,14.1474,12.1889,12.5554,14.1035,0,3.195,0,15.7438,0,2.26,0,0,0,2.5766,0.5319,0
"C19orf21",3.8466,1.8855,4.4439,0.9758,9.9612,3.6114,0.5014,2.2508,2.7687,2.5831,2.0894,1.2836,10.1223,1.0972,1.7466,9.3499,0,10.5298,3.2861,7.2494,9.724,1.4385,3.0087,6.9831,5.9057,1.0861,0.8982,9.3656,2.6293,4.3448,0.6178,0,11.1127,5.6706,5.5686,0,0,11.7782,0,0,3.4619,0,0,3.7905,8.16,8.0742,2.3247,9.3496,0,4.1098,2.1166,3.9983,14.1607,1.1781,4.2548,0,0.6597,3.6265,0,0.9708,1.6672,2.0446,2.5886,10.7437,2.7962,2.8836,0,0,3.2081,2.9683,8.6286,9.814,2.0149,8.8178,10.5301,1.2455,3.655,3.3196,9.9169,9.2017,0,7.535,2.6448,4.1368,2.72,0.5334,1.8937,6.6111,3.0725,3.2348,1.626,8.3028,4.5667,0.676,3.5791,1.8993,0,5.0535,11.4071,5.0048,2.6927,1.3712,0,0.7889,10.4497,7.5151,2.2089,6.6961,3.9748,6.5609,0,1.9524,1.7015,0,7.7288,8.1786,4.1099,3.3413,4.7136,2.5718,0,3.2157,10.3142,1.7154,6.8756,3.3794,3.4597,0.9649,1.7758,1.563,0,11.4902,1.2471,2.2189,6.7121,0,0,2.152,8.8748,3.5636,1.7594,2.3069,4.1915,6.3085,7.0329,7.7844,8.165,2.587,1.226,2.8404,6.0505,2.4464,8.5053,3.9128,8.5404,5.486,0.8686,6.8902,2.0176,10.9945,4.5453,4.1893,0,4.9836,0,3.1352,2.4974,1.1966,0.4908,4.1354,1.1831,10.7726,0.5993,6.4014,1.7488,0.8772,0.5205,0,3.3675,6.5879,0.4856,4.5533,0,2.16,3.2274,7.7504,2.3673,0,9.6099,2.2724,2.4266,7.8922,9.4365,10.9412,0,3.4773,2.4759,1.1421,1.3152,3.7157,9.3467,0,7.601,9.9515,2.9215,11.4723,2.0771,5.7737,11.2282,3.1741,3.337,4.1724,0.556,0,10.7869,2.1185,5.5165,8.3859,10.442,2.3743,0,3.5443,1.6652,7.7578,8.748,7.9933,2.1488,11.0355,8.987,0,0.8324,0,0,9.9681,0,0,2.8601,0,1.97,1.0582,0.9971,4.079,5.8633,0,1.8354,0,5.4563,0,0.7164,0,10.0355,10.0693,0,0.6849,7.5951,10.094,0,2.2549,1.7022,1.7073,1.8282,1.3248,5.4324,0.8844,1.2051,7.091,0,5.0522,5.9115,0,5.0749,2.5412,1.0938,4.9044,1.5613,0.8115,2.3584,6.5563,0,3.2192,0,9.8508,0,9.651,11.3113,7.8895,6.3131,0.6985,2.0219,6.9178,1.9377,0,0,0,1.7558,9.5805,0.8164,0.4792,1.3095,2.234,2.8111,2.7112,6.2611,0,1.0146,2.3134,8.2119,6.4975,5.1272,0,0,1.806,2.6924,3.3558,9.625,6.4012,1.0344,1.8119,8.4774,0,4.7752,2.395,4.1364,1.6838,0,6.7501,7.0591,6.1538,8.1825,0,3.1714,1.3397,0.6764,7.0223,0,7.7867,7.8705,0,2.8223,4.0783,0.9511,10.2299,0.8532,9.7874,0,1.1337,0,9.5986,6.0861,1.8694,0.6503,0.5977,1.0534,3.316,1.6669,0.8174,0,10.7112,10.9301,0.6558,3.2719,0,2.1848,5.2481,0
"SLC10A1",11.6524,10.2323,11.3871,12.9125,1.535,8.2176,8.2636,11.1599,10.2336,11.6528,6.2007,13.4687,7.3244,9.8561,10.7512,3.0108,12.3403,13.4903,12.4044,13.9671,5.0891,8.3982,11.9496,8.9728,7.6805,12.1057,1.6595,8.3997,11.0339,11.4421,13.1613,8.9473,8.2072,5.7247,6.0095,11.093,13.5357,7.7128,13.9019,12.021,12.3703,10.9238,13.7755,13.868,8.239,10.0145,10.3674,9.1314,13.8541,10.4052,13.3284,14.3603,3.3314,12.3697,13.1135,10.5709,9.1319,6.9666,11.2385,12.8315,13.6618,12.4148,13.8987,9.6572,13.6403,13.5918,10.4675,12.9216,10.67,7.0782,4.4059,9.113,12.2562,4.9267,8.5674,12.7577,5.01,7.3825,1.2986,9.0237,11.4047,3.1228,12.1219,10.7186,12.1257,7.3986,13.4046,10.6647,12.246,9.1285,10.8406,2.2746,11.913,12.1858,12.1387,13.9875,7.6204,10.7953,7.7983,6.3474,11.9259,8.8578,5.7261,12.5854,1.7436,13.5412,12.0987,13.4285,12.75,6.5914,10.3463,5.3232,13.5514,13.4062,10.3715,14.148,9.7274,8.9909,9.7923,9.1642,13.869,14.5833,10.5214,12.6641,3.2886,11.6646,11.9993,3.635,10.5564,11.2039,13.2246,0.9424,12.4487,4.0129,7.8235,12.149,11.3043,10.9862,10.5267,14.4021,8.3515,7.4015,8.5713,12.6469,4.0373,5.1467,11.4839,9.8344,12.7577,3.6373,7.7148,9.9874,9.1508,11.3611,4.5973,9.2353,12.5562,13.7686,12.3095,8.3166,10.4988,6.7212,13.8583,12.4933,12.2729,13.2423,12.3862,9.8388,10.6116,11.0008,7.0637,2.3482,10.3718,3.2072,4.5257,12.8615,12.0209,12.0992,10.8402,8.2307,1.3788,11.9336,12.0363,10.3062,13.564,10.7056,5.2329,13.9233,10.2438,11.228,15.006,7.6514,9.8418,11.98,9.9742,12.1164,13.0053,12.7471,13.9019,10.3242,11.6903,13.7099,13.6059,9.0587,7.775,10.3714,13.8527,6.7868,6.7147,13.5065,10.1068,11.1323,11.2962,8.9763,11.5846,14.0656,9.7972,6.0176,7.0121,11.2821,13.577,12.9628,6.5604,10.4608,4.5493,10.5134,11.528,8.9976,3.122,12.3525,11.047,9.0291,5.02,6.7055,11.0498,5.438,12.4901,11.8967,10.249,1.3914,10.0804,3.642,0,12.4228,11.2099,9.2558,6.9725,10.896,13.0344,12.9373,2.6025,9.9322,12.3319,13.1644,3.7029,3.2659,10.4347,10.2708,11.2315,11.2785,12.4139,13.1754,9.6122,13.1405,14.1401,7.58,10.441,5.1949,8.7507,12.2086,13.1794,0,5.7634,12.2745,9.432,14.1776,11.6355,7.8869,14.1269,13.1099,12.9977,10.7804,9.6615,9.4375,3.3364,3.9852,12.7375,14.7308,12.8746,11.287,12.4241,12.5702,11.4733,10.4005,13.3842,4.71,13.2459,8.1472,12.2763,10.639,13.5022,12.2192,13.8565,12.3255,13.4431,11.1808,1.8996,8.9129,3.561,13.0176,12.5122,12.6525,11.2,13.8318,2.2611,10.3656,0.608,13.4834,12.1435,11.4492,13.4459,12.7803,2.7068,13.2107,11.7669,4.7897,11.4164,9.1964,7.9929,11.722,4.4326,13.0918,13.5321,9.3293,13.8809,0,10.8294,12.3875,11.493,9.4044,12.2877,10.6117,1.3857,10.5165,13.5264,11.9191,15.2724,0.8926,10.8676,12.0594,10.3405,7.2423,12.0037,13.2557,12.5228,13.1584,11.4405,12.7783,6.9404,13.5523,9.865,12.3356,13.2005,5.1964,12.348
"ESRP1",5.8305,0.8237,0.477,1.7726,2.9594,1.6342,11.5596,1.8099,1.295,1.0768,0.551,0,2.366,2.7436,0,9.1684,0,10.5066,1.9702,4.4234,11.6524,0,0,0.6785,4.5584,0.6429,0.5178,8.6743,2.4883,0.6061,0.6178,0,6.5597,9.1476,3.7588,2.0931,0.6786,8.2364,0,0,0.7015,0,0,4.3161,4.4551,8.8288,0.8495,0,0,2.4274,2.7738,4.9801,0,0.7061,1.0036,0,0.6597,9.1501,0.8217,2.536,0.9033,0.833,1.9508,10.9533,4.9134,0,0,0,0,0.7507,1.3039,11.4746,1.1483,8.4237,10.8029,0,0,2.5454,1.9707,11.2449,0,0.6718,1.6731,4.4422,2.9974,0.5334,1.061,5.9114,0,4.6668,1.626,5.1672,8.2735,0.676,7.0299,0.7507,0,6.2882,11.0591,3.9463,0,0,1.0738,1.6706,11.4992,8.7093,2.362,1.1812,0,2.3312,1.0428,1.7208,0.6444,0,1.1888,6.2056,4.415,0.6204,0,0,10.7932,1.4104,10.5666,1.0989,8.1663,1.9343,6.4201,2.6405,4.4733,2.0901,0,10.9333,2.1486,1.3599,3.7389,0,0,2.152,11.0986,3.3801,0,1.0895,1.4474,1.3084,1.4071,9.6482,7.0458,0.5032,0,2.1767,0.9606,0,7.9848,1.3909,9.643,3.915,3.9879,8.6864,0.6869,9.7862,2.0371,2.5117,1.5011,1.812,0,2.3915,3.9012,0,0,3.5232,0,12.2869,0,2.3555,0,1.4188,0,0,0.7362,10.1777,9.9533,2.3319,0,3.185,0.7168,4.4595,2.3673,0.8532,11.2717,3.1148,2.811,0,10.4607,11.5941,0,5.034,2.6358,1.1421,0.5812,3.7157,2.7501,0,6.6856,1.071,2.599,2.19,0,8.0914,11.3366,2.5889,3.9734,2.3944,0,0,11.1591,0,1.6018,2.4126,3.9911,3.0931,0,4.3923,0,5.4308,0,2.4094,1.8383,10.9623,2.5738,0,0,0,0,10.086,1.6594,0,3.7572,0,0,0,0.9971,2.4375,7.2846,0,2.0741,0,3.5517,0,2.6193,1.7666,5.6122,0.7535,0,0,11.2069,10.2199,0,0.7038,0,0,0,0,0,0,4.1676,5.7887,0,5.077,0,0,6.4302,0.6188,0.6482,6.0473,4.1363,1.0925,2.6229,0,0,0.9438,0,7.1397,0.3372,10.9801,3.0865,2.9602,1.207,0,1.6045,3.0945,0,0,0.9354,0,2.7955,0,0,0,3.8875,2.234,5.3746,6.1679,4.7791,0,0,0,11.2934,9.8363,2.493,0.6504,0,0.5843,3.7027,3.575,6.7635,4.0166,0,2.0492,0.6606,0,0,0,0,0,0,1.6878,0.6746,3.7429,2.1136,1.9875,1.7173,0,0,5.8607,4.2428,11.0388,6.6126,0,4.3623,4.5239,0,10.448,7.9196,11.3451,0,1.4809,0,9.774,1.2257,1.8694,1.7128,0,0,1.9095,1.3959,1.3359,0,11.374,9.1834,0.6558,0,0,2.1848,1.225,0
"SLC13A3",7.8463,7.9348,7.601,9.5455,4.6668,9.0927,7.075,10.2493,3.7395,7.2202,12.5767,1.7615,12.4441,9.161,7.8571,4.7667,11.5556,5.293,3.7704,7.5323,6.8628,13.2151,6.5334,6.1305,8.1922,12.5421,2.9835,7.0267,10.2581,4.1463,5.3606,10.9311,7.6099,7.1666,11.6144,7.4761,11.8545,6.7589,2.6852,12.5184,7.7195,12.0877,2.2389,5.9963,9.8027,9.3989,8.2712,4.9869,10.0397,2.0454,5.5763,9.1959,6.9365,7.3343,12.1652,12.5704,11.8657,8.1235,7.2129,4.3362,3.0701,9.947,9.6603,9.1652,5.0748,1.3757,14.001,13.2955,9.3026,12.7968,6.8203,7.3814,11.3652,7.5938,5.1404,13.7838,8.8128,8.2032,9.0243,9.3943,13.6208,1.7538,12.5023,12.4644,7.1077,3.7089,6.9765,7.2798,9.5834,8.5938,12.3574,1.1054,4.0316,11.2617,10.2642,3.0889,14.2832,4.5982,6.2809,9.0801,11.315,14.5138,7.3719,3.5749,3.4571,3.5133,9.7468,5.1387,5.0534,10.1379,13.9355,5.3437,2.9555,7.2189,10.1835,1.7999,7.9027,11.2183,8.7062,13.2897,9.0893,8.4784,8.1612,4.3513,9.3778,9.4646,7.9314,8.2307,9.5706,14.7409,3.3215,1.7243,10.746,13.1129,7.396,11.1688,12.2545,9.6062,8.9932,2.7327,13.0895,9.3509,11.7333,3.7603,5.9824,2.1078,10.6041,3.7119,12.5271,8.6206,5.0309,7.3777,7.7974,7.0431,12.5656,6.1583,7.2956,9.7922,12.0217,8.3901,2.2403,9.6485,14.3941,13.091,13.8943,11.2711,12.4279,14.1042,11.7946,10.053,9.6408,10.2973,3.5625,10.0148,10.311,9.4949,10.6454,0.5174,3.0572,6.0775,3.1704,10.6592,4.8857,11.2729,5.3078,8.802,5.1676,12.1553,4.9675,10.4467,8.3749,5.868,7.1464,8.1387,12.0702,11.1653,8.1192,6.5629,12.5802,9.2697,6.8162,3.0346,8.4564,11.0353,9.087,7.4898,2.8951,9.1088,9.312,6.4309,4.2637,2.8849,4.2378,9.5969,4.8751,10.1245,13.3084,2.2582,3.3031,13.1022,9.1073,9.4858,6.5769,9.922,5.4858,4.089,6.4407,7.0323,5.5278,12.895,11.7992,11.3988,5.9583,4.5494,9.2471,12.5246,10.4745,10.7004,5.9939,5.8399,12.4994,11.8275,10.5154,14.301,12.4985,5.5866,10.4405,13.9525,4.5151,2.9273,4.2508,8.1753,2.6205,9.4951,5.6333,9.2133,12.4129,9.3936,11.6774,13.6343,6.7904,2.0035,4.1993,6.9797,8.8224,4.7958,10.2538,7.1476,3.5344,10.2087,10.5126,6.9502,13.3006,8.0162,9.6262,4.3667,8.0282,9.9361,7.7126,3.8928,10.5294,6.0709,11.6692,10.0511,4.5861,3.2446,7.4077,2.5807,11.3226,10.6945,3.9217,11.955,9.3678,12.8675,9.1435,4.2668,10.0019,1.5705,7.2225,9.7711,11.4541,10.4862,2.4355,5.4459,12.657,4.0775,4.2935,8.1414,3.561,2.861,5.2976,4.5527,9.69,7.4637,7.7281,9.0641,10.7073,4.5606,2.6384,11.9357,4.1996,2.395,10.5715,5.3774,7.674,1.311,11.0726,8.1972,6.7255,13.3178,9.9836,0.82,8.5569,5.4146,3.1811,3.6156,8.6578,7.2734,10.5838,6.384,5.1884,9.5046,4.2282,9.4256,1.4356,6.3507,11.3358,6.3184,4.5703,13.5691,12.9197,14.4231,10.9346,3.5882,14.6164,8.0771,12.6567,8.7415,5.7992,1.7233,6.358,11.6136,10.3806,0.5319,4.1258
"WNK2",7.6307,4.8445,6.9305,4.5969,9.3432,5.5656,11.1178,2.4292,4.839,3.0376,6.1072,2.5314,8.9927,3.5637,2.5138,9.2265,0,9.8249,5.992,6.6095,9.3289,6.0964,6.0853,5.3236,9.6287,1.0861,0.8982,7.7165,6.3535,0.6061,8.2695,0.904,12.3569,10.4059,7.6383,3.7456,1.4864,9.0985,2.6852,3.5872,6.1796,1.9332,1.3151,8.3419,6.3772,5.6529,8.6123,8.3933,3.1274,9.1577,5.7462,3.5591,9.2955,4.7146,1.5898,3.7273,9.0111,12.1354,5.0552,1.5459,4.3011,1.3621,3.5542,6.6342,6.1437,1.7623,0.6625,2.4049,0.6678,7.9862,2.2242,12.2288,3.3423,9.1633,10.7105,3.5811,8.0453,3.8896,7.8776,8.6393,0.6616,6.0349,4.5178,4.2976,6.1828,1.8812,0,6.6387,1.2312,7.5685,1.2577,10.2548,2.3235,0,8.8819,1.6078,1.1122,7.2877,10.8927,5.7499,2.4255,0.482,7.7542,0.7889,12.5113,6.3757,4.6953,4.0771,1.9109,5.4387,3.074,11.8266,1.4272,0,6.6913,1.4085,7.7393,3.9041,8.3266,6.6064,3.8671,2.1098,10.0033,0,9.9409,6.1184,0.8233,7.2874,6.5039,1.2036,1.5332,12.4121,4.4365,5.0177,6.3086,3.2939,1.0961,4.8925,10.5315,4.2408,0,3.6203,3.1795,5.7846,7.1675,5.5153,9.1523,2.2498,2.3269,9.9418,2.5222,4.8263,12.0419,4.6632,5.776,9.2845,4.3217,9.2379,0.6869,11.3945,2.9688,10.4474,1.5011,2.175,2.0119,4.4794,3.4884,0,1.7787,6.6177,3.4809,10.3167,1.8379,9.897,1.364,2.9454,0.5205,0.8974,3.9678,11.1076,11.1008,4.1469,2.3124,2.9888,7.9218,5.8991,6.977,2.0847,12.3352,4.0952,2.2718,2.4192,4.1005,8.9913,1.3818,6.9241,4.6128,1.4908,0.5812,6.079,8.4317,1.2066,7.6963,8.9585,4.7741,9.3226,0.7171,0,11.7588,2.0035,4.5071,6.1548,2.2514,0.5582,10.1763,1.08,5.815,7.8548,8.1808,0.8774,1.0375,7.0966,2.9097,11.579,5.7843,8.6047,0,11.3459,10.1126,4.3478,0.8324,3.3883,7.4206,10.8112,10.8371,1.2509,2.1424,0.7649,1.6727,4.6334,6.2897,7.6737,10.8007,0,4.6669,7.1838,8.6829,0.8184,4.7049,3.4073,9.4238,11.0134,0.9533,0,6.753,10.6864,0,5.2537,3.9331,0,0.5947,0,8.3494,1.823,2.2976,8.5721,6.0787,9.1927,5.3069,1.1968,8.5343,9.4697,2.4693,8.4003,3.8737,1.5298,5.1136,6.5127,0,9.4469,0.6468,7.4181,3.928,10.5215,7.4738,9.7416,5.9957,1.167,3.486,4.0129,2.2553,0,3.965,0,2.1908,9.2385,3.4454,2.4152,5.5213,6.2795,7.6294,7.6413,4.3334,0,1.6044,3.3841,10.925,10.134,4.8469,0.6504,1.3893,2.1684,9.4773,5.9042,9.9649,6.1318,10.7025,4.5622,3.589,1.1864,7.0658,1.435,7.3537,2.2358,3.5529,9.1826,4.2414,8.4157,10.3672,3.872,1.7173,1.3397,2.922,6.8033,2.6756,12.7996,5.8984,2.3703,8.1461,5.9898,2.093,9.6175,6.4624,7.9828,1.4402,0.6755,1.7003,7.308,2.3266,2.1822,6.0585,9.4993,2.8977,1.25,1.0619,6.2287,9.7954,10.1688,6.1951,0,6.6084,1.5418,4.1139,5.2565,3.4839
"MEP1A",0.8379,2.9873,11.4674,4.1238,2.6831,9.7007,0.8729,5.1482,0,7.5584,10.9728,1.2836,9.8002,0.6505,3.2087,9.6362,1.1022,6.1606,5.8916,2.8582,5.9575,0,4.971,8.3077,0.4477,1.6986,1.8444,7.326,2.6293,1.6269,9.665,0,4.4334,2.0849,8.8259,6.8166,0,5.9026,3.1308,0.9113,4.1624,0,0,5.2283,5.475,1.5119,1.3806,8.571,0,5.2913,5.3293,0.6774,6.6281,7.4586,0,0,0.6597,2.6959,5.8906,5.4659,1.4546,0,1.2827,1.4651,3.8157,5.7664,1.4585,4.6612,11.5891,6.8918,10.4936,0,2.0149,9.6896,5.7304,0.7532,6.1043,1.6198,9.8983,7.7974,0,3.7501,2.9198,1.0264,0,9.7672,0,9.6737,0,10.3877,2.7146,10.4808,2.9403,1.1345,2.3319,2.3493,0.6607,3.4246,0.901,2.2611,1.6717,1.131,8.7021,5.3065,1.4655,4.9752,2.5004,3.1054,0,2.9487,0.6136,2.9798,11.2082,1.1268,1.5457,1.4085,5.8864,0.6204,5.1794,7.184,2.7709,2.7662,4.6276,3.7614,8.5415,1.5267,5.6943,8.5566,2.3902,10.4239,0,0,3.2082,12.3697,6.6543,2.7235,0,1.7208,0,2.8314,4.7677,0.6452,4.5158,4.7463,4.4178,9.1141,1.0233,10.9734,3.7062,0,0.5588,10.0759,0.8437,5.9442,1.6368,7.5547,0,0,0.6869,4.9933,8.221,7.9182,0,4.2156,2.968,0.7721,1.2595,3.5828,1.39,1.0738,0,10.5404,6.7971,12.9274,3.3845,1.8117,0,11.7949,3.6227,4.1689,0.4856,9.3211,0,0,0.7168,11.4986,10.507,4.0288,1.3302,2.0233,1.0663,9.6476,2.0208,7.0512,2.0745,1.2336,3.1412,2.6852,0.9944,6.2946,3.5708,2.9146,2.0235,5.5951,0.5906,0.6725,1.194,1.5869,3.3367,0,2.5614,5.1318,0,2.7375,8.304,0,1.6018,9.961,3.9585,0.8774,0,0,8.5613,6.0634,0.594,3.3563,1.8383,3.4802,5.5449,6.955,1.3569,11.4292,8.5874,7.9444,8.0047,6.9216,0.65,0,0,8.3616,0,6.6931,8.4937,0,1.8354,6.2201,4.5911,0,5.7819,4.6795,1.933,9.4818,7.0857,1.1475,7.3416,6.9954,0,3.9508,0,1.7073,6.3234,0.8093,3.7449,2.3868,0,13.0455,6.5622,0,8.7247,8.9984,0.9936,9.7074,6.8946,2.6469,5.0099,1.0925,1.6154,9.7076,0,0.9438,0,6.4601,4.6865,3.432,1.3818,4.5526,5.2342,4.9198,0,2.006,5.0886,0,0,0.5256,7.0086,1.1755,1.3346,3.1506,2.1538,0.7998,1.4013,9.3475,4.3297,1.3994,0,6.2657,0,4.6845,10.3013,2.4742,0.6228,2.8057,0.6289,0,9.8185,4.5291,7.3576,5.7307,10.2206,4.0276,0.7168,8.0871,9.4597,0,1.3412,4.4664,3.0275,2.5404,2.3673,3.4703,0,0,0,12.686,0.9235,2.1875,2.5639,1.4789,1.2324,10.6433,6.4789,9.2233,0.4887,6.6885,2.8007,1.4809,1.7003,0.5143,7.5578,0,1.0969,0.5977,1.3858,1.9095,0.6265,1.7166,1.6706,4.5947,7.1529,3.1789,12.5751,1.1855,1.2742,3.6024,0
"SFRP5",10.0638,3.3008,0.477,5.2561,6.6036,4.3174,14.5343,0,0.7882,4.8166,0,0.5637,0,0.6505,1.1229,10.6638,0,6.2562,0,6.745,5.2284,0,0.625,3.0367,12.2446,0,3.6121,2.4815,4.5883,0,0,0.5217,10.8639,13.5494,0,0,3.2339,6.159,2.2868,7.2231,5.5649,0,2.2389,7.9985,0,5.506,1.3806,0,0.8951,0,0.8751,4.3768,5.5893,5.2575,0,0,0,11.6379,2.025,0,2.4201,2.2948,3.4634,5.8416,0.6732,0,0.6625,0.778,2.1801,0.4236,4.3289,9.9422,1.1483,8.316,9.3596,1.2455,3.4347,0,0.7907,2.5322,3.3658,5.526,0.5239,0,8.1458,3.6587,2.9104,2.7358,0,8.0091,2.8599,7.2575,1.8759,0,10.7167,0.7507,2.341,4.0644,6.3819,1.712,0,0,0,0.7889,8.7529,1.7674,5.4917,1.8219,1.9109,4.5759,0.6136,4.8644,0.6444,1.1268,3.1173,0.8697,8.1987,0,1.2801,4.233,0,3.558,8.6502,0,5.7015,4.0046,1.726,2.526,7.6812,2.6351,0,2.2286,4.6059,1.0317,2.2202,0,0,6.8839,4.7619,4.0053,0,0,0,5.2163,0,6.4604,9.9598,0,0,0.911,1.2745,2.0631,12.6589,0,0,10.0611,0,7.1739,0.6869,8.7099,0,10.3707,0,1.3258,0,5.0988,0,0,0,6.8638,0,6.6742,0,1.9787,0,3.5703,0.5205,0,0,10.0895,14.1006,6.0472,0.8427,0,0,6.7447,3.6608,0,12.245,6.4901,0,0,5.5269,5.3862,1.0501,9.1324,4.2173,1.1421,0,7.4865,8.0871,0,10.0667,0,1.332,2.5237,0,0,12.5324,0,7.3714,0,0,0,8.0162,3.043,0,2.2582,3.0791,0,0,9.772,0,10.7588,4.6108,0,1.8383,9.9258,11.1634,1.1945,3.5764,3.845,5.165,4.6952,6.552,0,0,0,0.7903,0.624,2.6956,1.4682,9.9791,5.1608,0,3.3415,6.1013,0,2.0757,0.6786,7.5686,3.7383,0,0,4.0268,1.3874,7.4525,4.8727,2.2499,0,0.5947,0,2.2394,0,0,9.9841,1.4756,4.2771,0.9727,0,9.9899,1.0505,0.6482,9.1683,0,0,6.4024,0.9781,0,5.7204,2.4661,0,0,6.8022,6.5486,1.8252,5.3773,0,0,1.3267,0,0,0.9354,0,0,3.4685,2.2646,0.4792,7.6553,5.6622,9.4595,0,0.7949,0,0,1.7998,7.9084,9.2039,0,0,0,0,5.3535,7.8681,0.9623,6.0718,3.3833,5.6608,2.9943,2.8834,1.5511,0,1.2022,0,0,7.6048,3.3136,5.6985,2.9365,5.9425,0,0,0,4.6546,4.0993,9.2331,4.0393,0.6743,7.281,0.6881,0.5525,3.9181,6.8966,2.8502,0,0,0,2.4013,2.3266,0,0,10.0081,0.6208,2.1525,1.3959,5.7023,1.6706,5.8731,1.3919,0,0.6947,5.5704,5.3972,2.5617,0
"HAO2",10.0796,9.1742,12.249,12.4111,5.3136,8.8815,8.0719,8.8286,9.2986,8.3636,7.4197,9.7493,7.2009,12.156,11.6689,2.8179,9.3291,6.8035,11.2933,10.4055,4.8135,1.7139,7.144,6.0543,6.4227,7.243,0,13.1686,4.9795,8.2447,12.1521,6.0984,2.0814,4.2102,5.0639,12.2004,12.7577,6.4848,11.3844,7.414,9.876,6.2688,11.691,7.6751,10.8951,10.3059,7.9955,7.9307,12.45,10.6927,9.0149,12.2647,0.931,9.5674,7.6796,6.2001,4.5254,6.3301,10.7392,12.7496,10.0667,9.9448,12.2459,7.5552,9.0808,12.387,4.4581,9.2712,7.5149,4.6375,6.4173,8.2881,10.46,8.6962,8.1879,10.3826,4.0148,5.7421,5.6199,10.9576,6.1341,3.2178,7.3487,9.1816,12.1574,6.1633,14.0099,10.9342,10.416,7.834,7.6533,7.6006,10.5187,2.9212,10.6148,13.1578,0,4.4577,7.6994,3.9463,7.4495,3.0938,6.9109,12.7286,1.7436,7.1006,10.4782,11.2293,12.1306,11.8642,7.6726,6.7672,11.3765,12.5924,10.5291,11.0247,9.7777,6.7468,5.6991,5.1941,12.1017,11.9472,6.6653,10.8891,2.0669,10.5043,10.3992,0.5617,9.5521,2.779,11.4826,0.9424,11.2831,5.6005,6.5595,9.9856,3.3365,12.361,0,11.2685,3.6243,7.3275,8.2471,8.9787,4.2189,12.7879,9.2248,12.6165,10.3157,0.911,6.8749,9.0324,7.7115,10.2079,2.0582,6.7471,11.9103,11.2931,3.7872,8.5976,7.338,9.8142,7.6345,9.3046,11.4597,8.0955,4.2919,7.481,8.1673,10.4264,9.4561,5.9897,10.9145,3.4595,1.7488,10.7634,10.5297,8.5137,11.9788,5.6895,0.8482,7.5876,9.4013,9.4188,10.0941,12.1823,9.1633,10.3929,8.9131,10.6843,11.7428,8.0894,14.004,7.1258,7.7669,9.3423,8.2547,9.6815,5.7304,10.0407,4.7116,12.1973,12.7608,4.2183,6.5636,6.4348,12.0412,0.4863,5.1743,13.3701,10.9252,4.1291,3.2424,3.5101,8.3397,12.8448,2.6842,2.5521,4.994,6.3755,12.6491,12.3207,2.9097,8.9695,0.594,8.7034,10.2691,6.113,3.122,5.4438,7.4194,7.3742,3.5684,4.8896,9.4786,2.3501,11.6039,12.4941,11.7251,1.0582,7.8615,5.8464,0.6226,8.3431,9.4399,5.0029,4.819,5.4258,10.209,9.5425,3.8038,6.282,11.2035,8.7563,1.0655,1.6575,11.5539,6.9424,9.7839,7.1559,13.0286,11.2833,5.3904,12.1602,12.7366,9.8147,2.6651,3.0824,6.0117,10.1897,12.5248,0.6188,3.9241,9.4135,4.5508,12.2851,10.3145,9.278,10.1929,0,8.0385,4.9669,9.1936,8.8458,2.7842,4.1664,11.5955,9.5866,12.3831,11.5606,9.1087,3.9968,10.192,7.0393,9.6009,3.1987,11.5428,11.1578,8.1189,11.2483,12.0529,9.1858,6.5371,10.7142,5.2762,7.3903,2.5646,4.3677,0,9.5981,11.745,5.9638,9.8403,13.6843,8.9898,9.013,5.2757,5.3637,10.058,10.8816,8.7162,12.3625,5.5402,4.4848,5.2407,10.0896,7.4811,2.5404,6.0601,10.1894,1.1004,12.8167,12.1454,11.6867,12.5618,0,7.2065,10.0108,10.5016,9.5829,12.2653,7.8257,0,6.3772,10.772,10.4835,11.3047,1.8358,11.0509,6.7435,8.0573,6.0818,7.8626,11.8223,4.7014,11.5874,7.3737,8.7051,8.9057,10.7447,6.8037,9.8282,11.1794,3.3733,12.6995
"SEZ6L2",7.7494,9.8563,5.966,4.6254,9.5431,8.3874,6.491,2.2508,10.9673,11.003,7.5108,9.5613,5.5877,11.805,8.2353,6.3959,8.7324,10.4802,4.2102,11.5825,11.4437,1.9451,10.5134,10.8033,9.064,4.0636,9.7675,8.0325,6.009,12.2986,4.1349,6.7037,6.2041,10.4062,8.3267,8.4069,2.3797,11.1046,2.4997,3.3573,11.8498,6.2898,8.958,5.3287,9.1162,11.0502,12.1253,10.6941,5.2139,11.3538,6.3263,12.2649,11.8505,11.2153,2.8136,11.5023,5.9239,4.9051,9.9539,10.5567,7.9091,5.267,3.0294,11.3506,10.8493,12.0902,12.1206,10.3645,5.009,9.072,5.3586,5.0219,10.3405,9.5335,6.91,11.7422,8.4903,10.7116,7.2279,7.0983,2.167,9.1023,8.7292,11.2135,8.8432,2.3293,2.6852,10.922,9.3546,6.3236,5.1887,9.5499,8.1902,3.1327,8.999,4.6766,4.4915,3.6131,12.4293,11.2434,11.5691,3.1593,3.1268,2.6075,11.2573,2.324,4.2952,11.2613,4.6918,8.9879,9.9398,3.6417,9.7914,4.819,9.7604,10.3469,6.5565,5.5935,12.6094,10.1604,10.3543,11.1294,10.0747,9.7029,9.7927,11.5154,9.4693,8.423,5.681,10.7447,12.2091,12.0648,12.0749,9.6296,7.2988,4.7345,4.3861,10.1977,7.0752,9.9371,11.8427,12.1963,10.1317,8.2674,6.2353,10.521,8.3544,4.5311,4.3983,6.6251,11.1037,0,5.3482,10.7084,11.3751,4.1237,3.2109,11.6312,4.5953,6.6427,10.3666,8.8366,2.8282,2.0049,3.3362,4.0507,9.5757,10.1693,7.108,4.9204,11.0275,9.6001,1.3477,10.4703,12.082,9.9816,3.2103,6.5306,3.2713,5.8836,12.5132,10.5994,8.8367,10.5681,11.2495,8.5085,0.8733,2.3312,10.3458,6.1598,2.0984,6.9801,12.3259,11.383,2.5405,7.082,12.4404,11.9903,3.5746,8.5559,12.2602,1.8544,7.8609,12.1037,10.1377,12.448,10.9642,11.9244,6.5839,4.1744,6.2468,8.9922,6.5343,2.5171,9.2836,9.2681,6.9985,8.2745,11.2391,0.8774,4.1572,7.3309,11.036,4.4045,12.1976,11.1691,2.621,7.1475,6.5801,11.5328,4.6099,3.6667,4.8588,4.6952,1.6594,5.1907,7.0309,2.7212,10.7017,2.6806,1.5811,9.6574,11.0469,8.6077,5.5221,9.7775,12.3652,1.7181,8.874,4.203,12.1865,11.0379,11.5011,2.6935,11.236,8.6828,2.4695,6.795,5.8034,1.7073,3.274,2.8114,6.7172,3.6831,5.3278,9.7628,2.8547,11.4077,1.2891,5.5307,7.0206,6.1639,12.9839,9.2763,9.8394,11.3487,5.568,0.9781,3.4726,11.4472,1.9368,1.5321,1.2119,11.3971,11.4297,9.1274,10.0776,5.7697,9.9554,9.6635,10.9142,1.7235,3.7838,7.5929,5.242,12.2207,3.7199,3.3309,11.4489,9.6513,8.431,4.9639,11.2692,0.8631,3.7273,5.0558,7.6583,9.6268,4.1679,9.4857,3.3474,11.7013,12.7841,6.8998,5.4331,7.2164,5.781,9.9278,8.768,10.5883,11.4536,12.3804,6.7462,9.7962,4.4901,4.8832,3.3976,7.5823,8.2192,9.846,11.6137,1.7208,4.0488,11.8211,2.6736,12.3054,10.7801,3.4761,6.4712,5.1387,1.5193,8.3759,11.461,10.0055,11.2915,3.4791,0,11.6966,6.2725,11.0776,10.9324,8.1876,11.8257,7.2142,0,4.9051,11.4642,12.8472,9.6845,2.6274,3.9859,6.7975,5.6007,4.0142,3.8403
"CPS1",14.9666,11.7289,15.0106,14.7384,5.1135,9.5195,11.382,14.0619,16.4926,14.2664,14.1897,17.1654,12.7409,14.0991,8.8595,6.7401,15.4835,16.2011,14.4507,15.3828,15.2552,12.9801,11.075,16.1588,10.8365,15.528,3.4505,15.1218,16.9277,16.4291,10.8091,15.2123,4.1011,7.3782,14.0735,16.2426,16.4242,13.1694,16.603,15.4835,14.9696,15.0915,15.7451,16.5718,14.5193,16.2075,16.0215,14.8214,15.1823,16.4604,15.5034,16.4719,4.1879,14.7119,15.732,11.4839,15.7593,12.0036,15.2019,16.9098,16.8133,16.5762,16.3264,12.8912,9.5118,16.4032,15.691,14.9706,15.3481,13.8572,14.5134,11.5962,16.6187,11.9128,10.0766,13.785,13.4515,16.7977,12.7317,16.5192,14.4586,4.4037,14.9346,16.4464,15.3098,7.0835,13.1044,16.4718,17.2249,15.0644,15.273,12.5728,14.8442,3.1327,15.7965,16.7452,14.8482,15.5907,10.4136,16.5753,16.0003,15.6113,15.0431,13.6421,5.3342,14.1962,16.2401,17.3657,17.2301,13.5041,15.4751,11.6041,9.341,16.084,14.9708,17.1701,13.4067,17.5965,16.4405,13.0793,16.5463,10.1253,11.7099,14.95,14.8288,16.1057,15.3183,13.791,15.5541,2.779,17.1861,2.8976,17.4872,13.3043,10.8605,15.5332,16.3903,14.0335,12.8166,14.0291,14.4788,17.1049,14.9517,16.1363,15.9565,10.6782,13.8816,15.6532,15.5083,7.0365,16.2258,16.312,13.2326,15.7962,16.1256,8.5142,17.0603,9.1209,16.4463,8.0734,16.8905,7.861,15.2874,14.4931,16.0284,14.9824,13.4732,9.3816,17.4328,13.2632,17.1585,13.1418,9.7177,11.5997,17.9422,15.4981,16.8236,15.053,13.6791,13.0163,5.5915,12.9006,15.9798,13.0522,11.5098,15.1839,10.1756,16.8098,12.6487,13.6406,15.1402,16.641,14.3362,16.0005,13.7036,15.9593,11.5083,14.9763,15.2657,14.6393,17.8705,13.9459,16.4421,16.6598,10.7634,15.7796,16.7242,16.8628,8.254,13.8196,14.916,5.7176,15.1939,10.8894,16.7003,17.1956,9.4353,15.0421,14.7144,13.7575,16.466,15.7181,14.55,13.3543,7.9723,15.2445,16.2409,12.5945,8.9032,14.8697,15.2187,15.5693,15.3104,7.1149,15.7321,14.5076,14.7172,15.8821,13.9517,8.5567,15.6725,13.0957,5.0611,15.9584,15.4499,11.6272,8.6569,14.3342,13.114,16.0952,11.6013,14.2509,16.2508,15.266,4.4073,7.5458,15.6944,13.5585,13.4108,14.5342,10.916,15.5234,12.2819,13.4817,16.3071,11.0033,12.3377,4.2771,15.2251,15.0621,15.4041,14.3171,5.9067,16.6501,13.5568,16.2155,16.1099,15.4501,15.6146,5.4115,15.3986,13.7793,13.2154,8.6487,6.7414,16.7867,14.7796,15.6072,16.3795,14.8202,12.7851,16.0021,16.2886,16.1548,15.9826,9.553,14.1153,16.0042,13.8298,14.2063,16.1002,15.5408,17.2954,14.8218,15.2467,8.3623,4.4791,6.4565,11.1094,17.7504,16.6947,15.1698,15.6984,15.5911,4.7843,11.2236,13.6809,8.7111,15.184,6.9629,17.8812,16.9066,10.359,10.9345,14.3947,3.7246,13.8745,4.7991,13.1561,16.5229,17.2822,16.5076,16.7524,12.6533,16.2497,4.6606,17.1814,11.2268,14.6691,14.5415,15.5933,16.9458,9.2956,14.3315,15.5198,16.4146,15.5788,6.2949,12.2587,13.2905,14.3687,6.645,16.453,17.1112,9.5785,15.9886,15.7293,10.0762,12.8111,17.3482,16.2998,16.3107,16.4557,5.3142,16.9546
"DEFB1",12.8885,11.0804,10.8843,10.5873,9.1502,8.979,14.0358,12.4846,9.8542,5.9546,9.0069,9.1918,9.4832,6.5699,8.1778,10.9482,8.9353,13.7482,7.9882,12.072,12.277,11.4163,8.4294,9.5836,11.6837,9.3091,4.2253,7.5504,9.3595,4.0127,2.3994,3.343,13.9214,12.7151,2.6234,8.0135,9.6778,11.6745,5.5237,11.3055,11.8405,10.779,9.8536,10.9577,7.8434,10.658,11.185,6.4374,10.1244,1.5245,10.8206,13.7153,11.6684,10.9987,7.3995,10.8678,7.1543,14.1872,9.6887,7.9012,9.2859,12.5947,10.8218,9.4033,9.494,10.1954,9.1718,3.3635,3.7401,7.3437,4.9595,14.8604,8.089,10.4077,11.3617,11.4705,10.1323,14.044,10.4002,12.1227,1.1134,10.7421,11.1806,14.4473,7.7559,5.9812,6.6882,10.2253,5.7063,10.8706,10.2959,8.9537,9.8553,1.1345,11.5258,9.9374,12.713,12.744,14.7642,11.4955,12.3924,7.5595,4.2234,9.5351,14.1509,10.1847,10.1603,12.019,12.0879,11.1041,12.2893,13.9599,9.3806,10.5584,11.232,10.7294,10.9488,5.1008,9.3549,2.5718,12.5748,12.5739,11.4971,8.246,6.6536,9.8367,9.7016,4.9755,10.1675,2.0901,0,13.654,8.7764,0,9.7575,8.6487,9.3682,10.9632,12.4747,8.9267,1.4799,12.3625,6.1891,11.898,6.0439,3.8319,10.6245,8.0441,5.9986,0,6.898,5.0629,11.5552,10.987,12.5704,10.5881,12.8379,14.0527,6.0631,13.0366,8.6311,12.04,2.5562,0,6.2202,12.6505,10.1093,12.5692,1.5974,11.0054,11.9583,10.733,10.1281,5.1342,10.8369,11.7207,3.4586,5.7096,9.8731,14.5428,14.0221,12.0099,7.7336,12.4429,10.9758,8.7346,5.9479,4.7873,12.3068,8.9341,13.1985,8.6225,12.2247,13.9775,12.4892,12.5693,11.6514,9.6142,8.5756,10.2663,11.2714,10.8979,11.5861,12.7666,8.2999,13.6366,12.1872,13.0443,14.6305,3.8117,9.5353,8.3565,0.556,5.4898,11.8022,11.4758,12.8537,13.5747,12.4339,0,11.0354,11.1308,3.9179,13.4384,11.2473,9.246,9.6722,15.4483,9.0453,9.4042,7.7475,2.4481,7.9034,9.9654,14.509,1.2426,8.439,12.5604,12.473,3.4959,4.5794,12.8252,8.3048,11.9718,9.7497,12.6398,10.6631,8.3257,11.4705,0,12.9531,9.0057,9.4958,12.6971,4.4439,13.7545,0,12.7374,12.1224,9.0029,9.0598,9.5414,11.1013,11.1736,9.6648,10.1495,12.0256,13.1757,6.4768,2.8994,11.3308,2.0751,3.4118,11.8647,9.1739,5.0317,10.7733,8.0542,12.8852,13.6739,9.129,9.0443,11.6813,13.4268,8.8279,11.5157,12.3333,6.0256,11.7532,12.1716,6.6313,12.2254,13.2285,13.5808,5.2866,10.6457,10.7534,2.8687,11.1917,12.2236,10.9412,9.8632,11.7983,7.6321,7.9773,11.6443,13.7833,11.7912,4.0384,8.2096,14.0015,8.5849,11.9128,8.6735,11.5965,10.6578,9.5365,7.067,10.4166,12.5641,10.4081,4.0299,10.2887,11.8432,10.8939,9.7022,12.8768,10.0093,9.6433,12.3948,14.2517,12.7501,9.1497,5.5028,8.038,13.2879,7.8877,12.7073,12.5025,10.6031,12.0335,12.4872,0.8532,11.9471,0.8895,8.2151,11.9196,9.5376,10.4331,8.1635,12.8916,11.2001,9.5673,7.755,8.2732,9.3092,1.6706,10.2993,6.5812,12.8024,3.1765,7.9813,11.0822,7.5701,6.3664
"CNDP1",7.4052,2.7602,6.9221,10.202,1.9936,2.8704,3.6114,2.588,0,5.9021,0.9488,10.4127,1.9146,7.3469,9.2087,3.333,2.4821,8.4299,0.9802,2.7404,4.8135,0,5.454,6.3482,4.0254,3.053,0.5178,2.6074,1.4484,3.304,9.516,1.4554,4.6345,2.4698,0,9.3639,9.9463,3.419,7.0202,0.5265,6.9728,0.6451,8.1561,0,0,1.9175,7.9354,5.8741,5.8301,7.4709,2.7738,1.7643,1.8953,7.6566,4.1768,1.5279,3.4403,6.3986,5.4074,6.7995,7.8907,4.0555,11.4924,6.5185,6.587,5.7451,0,1.6528,3.2081,0,0,5.5156,0,3.3803,4.8286,1.2455,1.8782,8.7534,0.7907,7.5463,5.2347,0.6718,5.8559,1.6201,5.1671,0,9.7876,8.0968,2.3343,4.8035,7.523,0.4687,3.7023,0,8.0529,9.4399,5.2101,1.3208,4.4757,6.4511,1.0656,6.7774,4.7233,2.4241,3.0083,3.9473,5.8304,0.7083,9.4689,2.8173,6.954,0,2.1304,9.6588,7.4302,0.8697,4.7991,0,2.6411,0,1.8436,1.4104,6.9755,8.8914,0.8459,1.9343,7.8472,0,7.9416,0.7238,8.6833,0.5468,3.3116,1.0317,3.2767,3.171,5.6083,5.3232,2.2703,0.9569,0.6748,7.6767,8.151,2.9344,2.1057,1.2167,5.9158,8.437,9.8945,3.0076,7.7083,5.508,1.7587,10.7033,0,2.0461,8.5353,0.954,0,5.7779,7.7701,6.3389,10.1326,2.0049,8.6597,7.097,2.0884,5.0852,0.4908,6.24,7.5134,2.1722,7.922,0,0,10.039,0,9.6489,7.9887,6.0546,1.1378,4.5511,5.5551,0,6.1656,6.1456,0,7.5241,7.8243,6.3344,10.6503,3.9806,8.261,0.7688,0,9.6926,2.6358,7.3139,6.5738,5.6843,0,10.2924,7.2332,2.7014,4.7976,2.3665,9.1987,0,2.9073,9.8751,8.0651,0,0.556,1.2734,6.1342,8.2665,0,3.6266,0.4381,0,10.8829,10.308,3.9179,6.2209,1.8266,3.1714,0,5.7735,1.4067,0.7175,5.3509,5.6606,1.1,2.4219,6.131,0,1.437,0.7649,3.5778,0,0,0.9133,1.3891,5.5411,8.0565,1.7155,3.5517,9.1049,5.4832,12.515,2.7305,1.9044,5.8609,9.1572,0,3.6839,2.7383,3.383,4.7304,2.137,8.1112,0,1.7997,10.6347,8.6409,3.3797,1.8763,0,0.5668,6.4945,6.8074,1.0505,0.6482,7.6791,0,10.9741,8.4072,1.9671,10.5683,0,9.375,3.9252,5.1494,7.0791,1.0501,0.5098,5.2342,10.0038,10.2723,4.0736,8.596,0,10.6631,6.6166,7.6444,0,7.6684,5.7174,3.6248,6.6155,9.668,0.6929,0.7949,7.8729,6.7969,3.7975,0.6287,0.7081,0,10.1821,7.4092,6.0855,2.6924,8.2724,3.9727,1.9111,3.2305,0,7.2312,6.0458,10.036,10.11,0.7229,1.3075,5.7931,3.5069,0,0.7555,1.8056,9.6362,7.8869,10.7838,10.5332,9.0046,11.5129,0.6713,0,8.7054,8.431,1.1522,0,8.2244,0.8532,5.4972,1.8309,8.8609,0,1.4399,6.2216,1.4694,2.6148,0,7.8459,11.4628,8.0456,5.2025,2.9165,3.0227,0.6242,7.1613,5.7764,0.7112,8.622,0,11.0977
"SLPI",11.9165,10.2969,11.7258,11.3573,10.9125,9.6872,10.4821,12.7992,11.7699,11.1825,5.3898,13.9438,8.5426,10.0414,12.035,10.4966,7.491,12.7129,10.9012,11.4798,7.8349,0,9.5037,11.2848,13.5523,4.969,3.2685,12.3381,10.6628,10.5321,10.0834,2.0176,13.3495,11.1291,2.6234,11.9427,8.3457,11.8824,11.3281,7.9799,11.0881,9.8454,14.6419,9.9147,11.1997,10.2289,13.6698,9.4816,13.4493,9.3955,10.4817,13.9718,14.024,11.9675,6.0732,9.6917,6.2548,11.4936,12.8926,12.7508,11.4787,12.4123,9.953,11.9207,9.3144,12.8056,2.3446,3.5511,11.7203,3.873,10.5064,11.8834,11.7868,10.0861,13.9659,4.4758,7.8693,11.494,8.839,11.3331,2.3428,12.2089,6.5451,10.7371,12.2633,8.0925,8.4388,13.9856,2.9521,8.4828,7.9333,11.3988,11.715,1.1345,9.8887,12.8499,5.4399,11.6119,11.7989,10.0188,9.9799,1.7571,11.2334,12.3444,11.8716,11.7343,10.6235,11.3666,13.8964,12.4755,4.2497,10.6207,13.804,13.1645,10.3433,12.4378,9.3281,1.3852,10.4659,0,12.2048,13.2181,11.2854,14.3401,6.5346,12.8058,13.7026,3.1845,8.3481,4.5331,11.3238,12.9439,11.4105,4.1033,11.1861,11.3859,1.7116,13.8451,12.2808,12.399,2.3715,11.6457,9.0248,11.9458,5.3451,9.3592,10.2229,8.1769,3.3749,3.2932,9.3006,9.5034,12.6589,12.8652,8.8318,10.1739,11.1267,12.1507,0.6869,12.7941,10.2828,12.4431,8.7087,1.812,8.4536,11.1683,6.4804,7.2248,5.51,12.3001,11.1394,5.806,11.8656,1.7455,10.6671,13.2345,8.0858,12.5943,12.1629,13.3205,13.5523,12.0114,11.3141,12.3185,12.7964,10.9603,5.2006,9.2058,10.7327,9.4991,14.3554,12.0514,12.4339,9.5066,5.6356,9.6961,5.8989,12.2243,10.8053,12.4905,10.4017,11.5364,12.1241,6.181,12.5211,13.221,11.1897,12.8471,13.399,13.6359,11.8444,10.0977,9.4728,0.5582,11.0577,14.1917,11.0694,5.6952,11.4202,5.5297,13.7392,11.9409,12.4044,11.0804,13.595,14.4082,11.1223,13.3461,12.9323,0.7175,6.7542,3.043,10.8413,14.4091,13.2613,1.9001,9.6875,11.4365,11.1865,4.3562,2.8024,9.7943,6.6249,3.9438,6.6143,12.5294,7.7627,1.3373,14.5355,10.9661,12.3151,6.4155,10.2383,6.609,9.085,12.9192,7.4618,10.3817,10.4127,0,12.1933,10.5955,9.7073,11.3841,14.2641,12.9229,11.9713,10.5582,7.0167,13.2261,8.9471,4.7679,2.61,11.3324,9.9714,12.091,11.2886,8.7921,15.3562,13.7307,6.813,10.6497,8.8771,12.5724,12.1229,9.036,13.9223,12.4198,11.7609,11.861,12.393,1.1051,11.5273,1.4636,12.2419,10.9975,12.0147,10.7232,11.5035,10.5312,10.1128,9.6638,11.0407,8.0349,8.1582,11.5741,11.3024,10.5116,8.3446,12.2516,10.611,13.5469,13.9607,12.4706,13.2098,9.6691,6.237,12.1875,11.8504,12.2548,10.4298,14.0418,3.9964,11.2242,11.8318,11.1317,11.7365,13.2269,11.6903,9.024,11.2283,14.2308,11.9996,8.1039,11.8553,10.4401,10.5078,13.683,11.1699,12.2489,12.1004,9.0685,10.4765,10.2017,10.5513,11.1317,11.6419,12.3258,14.1192,2.1822,6.8006,4.709,8.9658,13.6472,1.6669,11.5119,6.7401,12.2295,11.4947,10.0331,10.8555,1.1855,11.3843,10.1966,13.2978
"CSAG3",9.4053,0.4699,0,2.132,9.7486,7.8767,0.8729,8.5467,1.295,2.9367,9.366,5.9138,1.9146,3.1661,5.1114,2.7109,1.1022,0,2.2902,0.6492,0,1.7139,6.8293,0,3.1709,0.6429,9.4522,5.979,0.6566,5.3354,0,0.904,0.8545,3.6256,4.1064,9.1009,0,6.6986,0.8286,0,8.0923,1.7027,7.5528,0,2.0774,0,2.7254,1.8852,0,8.2089,0,9.2783,0,0,0,3.2444,8.5661,0,0.8217,11.2121,5.9649,0,0,0,6.177,10.2498,0,0,9.4553,3.8262,8.1027,0,0,9.5924,0,0,0,0,2.4275,0,1.1134,7.9642,6.4232,0,0,7.7661,7.5742,4.7277,2.1274,0,1.2577,8.7385,9.5045,0,6.6218,8.4613,0,1.6992,0.5197,0,0,0,6.1863,8.3639,0,0,8.102,0,8.4157,5.2718,0,0,6.9278,8.9834,4.8224,0,0,1.0529,0,10.023,3.1321,10.3051,2.2465,9.7069,0,5.2771,2.0277,0,0,0,7.8135,0.5468,8.872,0,7.2827,0,2.8594,2.152,0.7114,7.807,0,0,9.8783,1.6847,0,6.8969,1.6159,8.364,0,1.465,7.0081,0,5.5934,8.5566,0,6.9447,0,0.5544,0,0,3.368,0,0,0.5872,0,0,1.9215,1.5548,0,0,0,0,0.5993,3.1122,0,10.0077,0.5205,6.8534,9.6672,1.0438,1.766,0,0.8427,0,0.7168,1.1605,0,0,5.6185,1.722,6.2482,1.8517,7.7807,0,0,0.7448,0,8.3943,2.7506,5.0834,0,9.4759,1.7222,10.5307,4.9847,0,0,0,0,0,6.896,0.6156,3.0914,0.9596,0,0.6389,1.2369,0,1.8006,0,7.9192,6.3866,0,0,7.2847,5.0726,0,0.7872,1.071,0.7175,4.1205,0,0,0,0,1.2426,0,0,4.2099,1.0582,8.121,0,8.3982,0,1.1918,1.9034,7.068,0,7.12,0,0,9.0654,0,8.6867,7.1974,0.6217,9.9022,7.9179,1.3234,2.9629,9.1311,1.3248,1.1639,4.0204,8.3605,8.5147,0,0,0.5668,2.2859,0,1.6519,0,0,0,0,1.0229,0.9781,3.7383,0.9438,2.8525,0,5.1916,1.7243,3.999,0,7.9318,2.7235,0,4.0075,5.3318,0,0,0,0.6729,7.8861,4.0768,6.805,6.8312,3.8416,1.0664,9.3352,0,0,0,7.0284,4.0263,0,1.3466,6.8342,2.5506,8.7314,7.0634,9.3145,1.5345,0.7573,1.0344,7.0392,1.112,3.3118,0,8.1917,7.1683,0.7971,6.5429,1.0778,0,0,1.8056,0.6718,0,8.5576,0.6764,1.2288,9.5403,1.7527,0,6.9087,7.7247,9.4626,8.5957,0,7.2748,0,3.9599,6.8187,0,0,6.2725,0.9143,3.0709,0,1.0534,1.6171,0,0,0,0.6726,4.4181,0,0,0,4.2848,7.1976,9.1707
"DUOX2",2.3036,1.1077,4.2496,2.7655,8.5554,5.2277,1.1679,7.236,10.1548,8.0711,0.551,2.4068,4.2483,9.049,3.1137,3.9184,10.0334,3.6731,3.4233,3.1628,2.3059,1.0978,0.625,8.9519,6.1019,1.4246,0.5178,9.3192,3.774,3.1427,5.2228,0.5217,6.3824,7.1136,1.9818,3.9423,2.0011,13.5685,0.8286,0.5265,9.0789,2.6026,0,6.4285,8.7621,10.1263,4.6926,2.2545,1.4434,8.9131,8.2189,6.9663,7.5246,2.9901,2.591,1.9356,1.7307,3.8776,7.9945,4.6981,1.6672,5.6504,0.7795,15.0825,5.7042,0.846,1.4585,0,1.9794,3.0298,13.5677,5.8828,5.8624,8.0917,4.4756,0.7532,0.92,4.192,5.413,4.177,1.457,11.7243,2.3047,8.0409,5.9326,14.376,2.4183,5.7133,0.7432,4.3471,4.5821,10.9509,9.3232,2.1974,3.774,2.3493,0,10.8837,5.3842,4.145,1.0656,6.6292,3.9415,0,5.1556,4.5007,5.5724,7.7241,9.4174,6.4095,2.3898,0.6545,3.6808,0,7.0738,6.4019,3.4811,2.9974,12.4611,0,6.672,0,4.8312,2.1459,3.6962,6.6405,6.1343,8.7933,6.3928,5.1772,1.2754,4.0591,6.219,1.8524,8.4054,6.9105,1.0961,6.0787,0.7114,1.5273,0,5.9257,2.8744,9.5781,3.0283,10.7639,12.2798,2.7747,0,3.4173,12.6258,3.1093,4.1119,6.7488,7.1745,10.1962,0.8686,6.8672,2.0176,2.56,7.003,4.3458,1.5011,1.3258,2.4724,3.1352,5.3562,3.8645,2.7382,6.0606,5.5269,6.4514,2.7366,2.5125,0,6.8004,2.8244,1.6585,2.8057,3.2469,4.3651,5.4288,6.8878,5.4138,4.3888,10.2574,4.1407,2.0792,10.4551,9.8642,1.4011,11.2659,7.9715,8.2761,1.8784,6.9383,2.7797,3.7082,0,2.2433,13.1296,5.2829,7.0026,1.9077,4.4424,3.1243,5.3548,6.823,4.2634,2.3257,6.4797,4.8682,0.556,0,6.7282,1.6908,1.8929,3.8593,12.2384,1.8119,0,4.7188,3.2759,1.4753,4.9803,11.6487,5.1781,0.7872,6.2242,2.7653,0.8324,1.0801,1.1,6.0391,3.097,4.6776,6.9667,10.7943,7.2478,3.4959,1.8032,1.4682,4.8343,1.7647,2.7612,4.6819,2.573,0,6.228,2.3797,10.9046,4.1816,7.1005,0,4.7958,11.4969,1.7089,5.716,7.9683,1.0927,1.0146,2.0035,8.2873,1.823,0,11.2552,0,12.3874,2.278,1.1968,4.6314,3.2585,0,6.7135,6.1937,7.9904,7.3671,4.6016,0,2.231,3.0625,2.5186,2.4531,3.0855,8.2905,9.5112,7.243,0,7.1479,7.6661,9.3194,0,2.2171,1.6769,1.1299,10.7336,1.7151,0.8383,2.4425,9.0068,5.6664,5.7052,7.4159,0,1.6044,2.6915,8.233,4.5737,0,3.1657,1.3893,4.0856,8.7479,2.7821,10.2473,5.6834,2.2231,2.0492,10.2879,4.9233,6.0158,0.8891,1.9735,3.5016,4.44,13.3762,6.2837,6.9484,5.7391,4.3627,3.3439,2.0221,0.6764,4.5343,2.455,15.3352,8.1981,2.5276,4.5815,6.2514,3.9939,1.3944,0.4887,5.4972,5.9026,3.0295,1.0874,17.0953,11.6968,0,1.4374,1.8346,1.6557,5.1198,3.3569,0.8174,0,3.3087,7.912,2.6274,1.5138,0.7112,3.2498,5.6191,4.9067
"LCN2",8.4634,6.2198,9.057,5.5814,10.3214,12.2073,7.449,16.0504,11.0878,9.9991,10.5263,5.0871,16.1077,10.5185,8.7294,8.7871,15.2723,8.4381,6.9147,9.7843,6.1198,14.125,9.4994,5.6849,7.1918,12.9818,1.4475,10.097,8.4642,4.5516,5.6641,10.1593,10.0575,8.8761,12.3509,5.8042,4.4608,14.5982,3.8269,10.2573,16.8638,9.8595,2.4501,13.063,12.4091,13.9433,13.6019,7.2969,8.9272,9.6881,3.7562,8.0931,15.1837,7.7612,8.4666,11.8754,6.6623,8.9024,4.3353,5.8,4.9145,13.0384,8.7048,14.6303,9.6791,2.8836,9.6076,12.6322,9.044,11.196,12.3465,10.3511,6.5924,6.4541,8.2114,10.5047,10.2126,9.1542,12.0322,11.624,8.4371,15.8324,8.8559,16.9915,9.4589,8.6062,6.0719,9.3759,8.1635,7.8811,12.9735,9.7542,8.2388,7.2272,8.912,8.1752,11.4565,15.7028,9.1514,9.9922,8.5245,14.0179,10.222,8.8485,11.7217,9.9122,11.6964,5.7445,7.9139,11.2625,13.9954,2.6245,3.5482,8.1373,15.2226,3.8316,8.2323,10.6488,7.5262,10.008,10.6153,2.7662,8.4535,7.9185,8.996,9.9119,9.0653,8.7839,10.8879,8.9065,6.6839,4.4422,11.8912,10.2306,9.6679,15.6242,12.0648,14.2592,5.6461,5.2723,9.7971,8.9711,13.759,12.8793,2.9275,8.0325,12.367,6.2264,12.1077,2.6512,5.9981,7.0987,6.5784,11.2463,15.9772,9.8051,6.8138,13.6971,9.3276,5.1408,6.6216,5.384,6.0508,9.3508,14.2334,14.341,11.4304,12.8056,5.3473,10.232,6.0261,12.8158,4.8225,10.0279,10.0903,9.1076,8.095,2.1541,6.9943,11.4809,12.6599,12.2178,8.0204,14.8405,6.499,9.3488,7.8337,7.3208,10.1249,15.2615,3.7043,13.9284,11.2566,10.5042,12.2528,14.6922,9.5293,9.2482,4.717,11.7012,10.0631,5.1025,9.2425,9.4949,11.3331,11.4022,4.2502,7.9859,8.4,4.2524,8.2689,3.1672,12.4183,11.7364,9.4662,6.2518,15.8711,5.4497,9.0441,7.4451,7.213,9.5591,11.9979,8.0439,16.2898,13.5327,12.2445,14.5108,8.7585,13.249,13.2794,10.0998,12.0747,9.163,11.5196,12.3974,15.1203,13.988,11.9532,3.6898,4.1645,10.9823,5.393,9.7792,9.7625,11.9906,7.8218,12.526,11.3998,0,12.826,10.4738,3.8656,6.3435,10.5669,14.8352,8.4056,15.6131,15.195,13.5185,5.5204,9.6947,7.2036,8.7251,4.452,9.8343,14.6245,8.4575,5.2681,2.625,6.5108,2.9933,11.3408,10.7538,14.2131,5.0968,11.242,10.6685,8.7473,4.8434,11.3826,6.6351,13.1978,10.1026,10.3798,6.0132,6.7057,1.5202,13.0969,13.6282,9.2936,15.027,9.005,12.2463,6.0524,14.4098,11.4804,7.6939,7.4098,14.3193,7.4375,11.1163,7.645,4.7219,8.1322,12.3288,9.0447,13.2961,12.9225,7.4394,8.5739,6.9169,8.4585,5.1808,12.5531,13.1342,8.949,4.6354,7.7423,10.9201,7.2254,3.871,8.111,9.139,12.9486,10.7265,15.0956,6.8826,11.1254,13.7455,17.4977,2.2712,5.761,10.4223,6.5991,11.8896,11.8415,8.0688,14.2165,11.419,7.8951,7.5653,3.3032,12.3463,11.3211,9.5072,3.1496,13.0234,14.9708,9.5529,13.7231,11.2334,9.6381,8.0345,10.0007,6.0059,10.655,5.6003,12.6979,3.4307,4.9967,12.1474,11.7898,12.6884,6.8989
"PDX1",5.6835,5.9857,0,6.923,0,3.1235,4.697,6.4087,5.1655,0,0,2.9437,4.5336,0,0,7.0944,0,11.4757,0,3.0682,7.9487,0,2.5558,8.7674,7.6573,0,0,7.082,0,0,5.8359,0,10.8022,4.5267,1.3074,0,2.5372,6.7589,0,0,7.7323,0,4.589,1.5979,6.8496,3.8962,5.8159,0.6218,0,0,6.3994,7.7913,0,5.2091,0,1.5279,0,8.9782,7.8388,0,4.5626,0,4.9913,8.3617,6.3657,8.3038,0,0,0,0,10.417,5.435,3.2503,7.4652,6.8513,0,6.2467,2.1556,4.9508,8.2502,0,6.9516,0,1.0264,1.9238,0.5334,0,6.201,4.102,6.9911,0,6.9389,3.4613,0,5.1531,0,0,2.6423,1.2023,8.6578,0,0,0,0,0,3.6112,2.9502,2.6019,0.9413,5.2465,1.0428,9.7127,5.6271,0,4.508,6.6478,3.1912,3.1795,7.4259,0.9921,5.168,8.0342,7.9297,1.0989,6.795,7.2161,2.9863,0,3.4986,0,0,1.2525,5.0861,0,3.4069,0,0,1.1031,5.9585,0,0,6.6798,0.656,3.5028,4.6252,9.2653,5.8135,0,0,0,8.7906,5.0069,6.6372,0.6237,2.8736,6.8967,4.3801,1.5233,0,10.4402,6.9167,8.0463,0,0,0,4.9415,0.5506,0,0.8563,1.9117,9.8046,8.8041,1.0215,8.9327,10.048,0,0,2.7241,0,10.0797,6.1904,2.9848,0,3.185,3.9219,4.7183,5.5471,0,5.8337,7.4943,3.4392,6.459,6.462,9.9,5.9297,4.3644,0.7241,0,7.0973,7.3528,7.2715,8.9159,5.4568,7.3762,0.5906,8.9789,6.969,6.7973,8.9891,0,1.9266,6.2687,0.556,0,9.7082,9.7714,5.7527,9.0341,5.6221,0,1.0375,2.3219,5.4735,8.4753,0,5.6696,0,11.4048,4.9152,0,0,0,4.8588,5.3301,9.6179,0,0,0,0,6.4346,0,6.2328,12.1773,0,0,8.9103,1.4061,0,5.695,0,7.9171,6.9987,0,0,3.7622,7.7545,0,2.985,2.2499,0,8.3237,0,7.9608,3.7751,0,8.3062,6.9214,8.0856,6.9787,0,6.8327,3.55,0,6.2604,1.5613,0,2.3584,5.279,4.1566,8.8164,0,0,0,7.6626,8.3928,5.3371,7.7697,2.2439,0,3.7078,0,1.1051,2.4756,0,1.4765,5.8331,0,0,4.5651,8.7026,4.4814,3.5212,5.4226,0,0,0.5814,5.8802,8.5528,0,1.097,0,0.5843,0,0.8795,6.0436,5.0335,6.0442,1.8119,9.1254,7.1559,3.9219,0,7.4512,0.7971,0,9.8617,3.1293,0.7555,5.805,1.4748,11.116,7.7349,6.7315,7.928,0,5.9821,4.636,1.9924,7.9101,0,4.6591,6.9444,0.4887,8.9005,4.685,5.3578,0,1.8358,6.9246,0,0,0,0,0.7563,0,6.8011,0,8.7965,5.018,0,1.7966,0,2.394,6.3042,0
"NEU4",9.4172,10.4678,10.2177,7.2322,1.535,9.0302,5.1496,8.6261,10.0928,4.6672,9.3324,9.4921,10.7515,10.5654,10.794,2.3318,2.1507,11.3627,9.8761,7.9151,8.4496,9.954,11.167,12.0937,3.228,10.1001,1.6595,9.342,9.6477,7.232,7.96,10.018,0.8545,6.3357,10.889,8.542,11.01,6.9369,4.8547,11.5045,8.9051,9.2604,8.9186,0,5.8819,9.6606,8.0489,10.9618,10.4983,6.4892,1.8083,1.7643,11.6297,8.3935,10.7638,9.0986,2.3386,5.6417,11.0592,8.8053,6.0505,10.4914,10.9652,7.1793,7.7406,6.8757,11.0557,11.4491,2.9021,9.6646,8.107,7.5881,8.5697,7.4064,8.2735,11.4607,3.0244,3.8208,10.7537,3.202,10.6305,1.4748,7.698,0,7.9396,4.7755,10.8281,10.9101,1.2312,7.7003,10.6508,7.0093,7.5591,11.6325,9.0407,8.9197,9.4592,10.8188,6.0549,7.8605,9.34,8.8726,6.0725,10.0198,1.9767,2.0724,10.2135,10.0275,10.4735,10.47,9.6588,7.6202,0,9.6203,10.0807,6.9282,10.6711,7.7473,7.8126,11.4564,8.4979,12.5527,10.4804,9.3306,10.8982,9.6533,3.3551,10.8944,7.3684,11.3687,1.5332,3.7488,10.8185,10.706,3.5824,3.5121,8.6076,9.3888,11.7726,0.5564,11.0032,7.3426,10.0596,9.4846,8.806,3.5351,10.156,10.7771,10.1741,0,9.5685,8.4382,4.6113,7.4209,10.1214,11.1796,1.7982,9.6547,11.0533,11.1964,8.9536,8.7145,10.8978,10.4515,9.7598,11.5778,8.9072,9.1954,9.5758,8.3259,7.015,11.5773,10.7128,12.8661,6.8761,3.0928,7.2375,9.6797,1.8731,4.197,2.3224,9.9122,2.5261,8.2145,3.2274,8.2166,11.1446,10.6948,6.4059,8.6748,10.3311,2.4192,11.3162,9.4217,8.5391,6.5482,7.2063,1.4908,2.3129,5.1517,11.107,10.1577,9.9796,7.5085,9.6214,11.6056,8.6971,0.8493,3.9359,4.7594,5.3792,2.3944,1.934,10.0267,10.7434,8.2349,9.1707,10.0982,10.435,9.4371,9.9381,9.0103,2.6846,11.2216,8.3099,11.1445,9.565,7.2335,11.7025,11.9342,10.7651,11.2129,1.4411,9.9948,5.3554,9.2274,10.0509,6.8885,10.4185,10.4726,10.544,2.4375,0,10.2902,10.4409,0.5428,4.6866,9.6917,5.5038,5.9463,7.4849,5.8562,7.8333,4.9436,9.7916,9.8506,11.2883,1.5293,8.9281,10.8353,8.3397,2.6478,12.4857,10.7999,8.6964,7.3108,0,2.6257,1.5484,10.204,9.6219,11.9807,10.7678,10.0617,2.5553,6.1541,8.8559,0,1.0856,0,11.3722,9.7687,3.0195,8.559,7.4466,10.0862,8.7445,0.6985,9.9026,11.2405,10.6762,10.3412,1.902,10.3484,0.6729,8.9929,10.8968,6.9625,7.6832,7.734,9.5338,7.0745,11.1673,5.6479,9.9238,6.0664,3.7023,9.7844,3.561,9.42,8.1075,9.621,11.8072,8.9894,10.4339,10.0627,7.6676,4.4407,9.3345,9.8062,9.3506,1.435,8.9989,2.9333,2.0241,0.4545,10.5767,9.0317,13.1137,10.2692,7.2153,8.8148,8.9408,10.7405,9.9289,3.2165,6.9604,3.6229,10.8532,7.2302,6.7278,10.2868,2.8173,9.8274,0,9.3271,2.1292,0.8926,11.9105,9.8594,9.4946,9.7104,10.1167,10.9175,11.2601,0,12.7724,9.1136,2.26,10.4753,11.4873,11.4873,9.7893,7.0107,3.4839
"TAT",14.3339,12.9619,14.4049,14.8132,4.0639,9.0684,9.4428,14.7582,14.0246,16.1471,6.7973,15.6271,7.0125,12.702,11.905,6.901,14.7768,11.3519,13.3255,14.9929,6.6806,6.8458,12.6876,13.8032,10.6143,15.545,2.2888,14.2556,15.1482,15.773,13.5405,12.6573,9.4353,4.8195,6.2521,15.0623,15.8221,9.6942,14.9,15.0511,15.0265,15.6626,16.1334,15.5613,11.9568,14.5822,14.6052,11.551,13.5698,14.4575,14.0651,14.7851,5.99,13.5514,14.18,9.0352,9.9084,6.8877,14.1216,15.177,16.2609,15.5961,17.1861,11.5173,15.242,15.562,14.2139,14.8769,13.4442,8.4177,10.9519,10.2673,14.7583,8.0937,8.5007,15.1791,7.6689,16.2507,5.7429,13.1548,10.2986,7.4396,12.104,14.4456,16.11,7.7011,13.8949,13.6747,16.3775,11.9026,12.8924,5.6143,12.7505,7.9217,14.5752,16.5205,10.398,15.1341,8.382,12.9367,12.9812,13.0381,10.0462,12.9352,7.2018,11.536,13.6571,15.2689,15.2648,7.9403,13.0497,7.4316,15.3429,15.4106,12.8696,14.7686,11.3596,15.0358,13.3035,7.6985,14.5784,15.2276,8.0969,14.111,7.1673,14.6852,13.7843,9.5149,14.9881,9.6897,16.6576,4.4112,14.7333,3.9164,11.7611,11.7827,14.0796,13.9293,8.5804,15.0423,6.3906,16.2925,14.0335,15.1052,10.1135,9.8117,12.6361,9.6608,13.4057,5.4638,11.7474,7.7198,11.1061,14.5797,8.8582,10.1412,16.5704,10.3058,13.4189,5.4942,13.428,4.0138,16.699,11.8358,16.3974,14.8406,15.3714,9.5502,15.0937,12.6233,15.47,6.0797,10.238,5.0341,16.7999,14.8395,14.6928,15.5699,12.2903,10.3278,5.3007,11.5317,14.4806,10.7879,14.4349,11.3509,5.805,13.7042,12.1527,13.1987,14.4632,9.0564,10.21,12.4352,9.5902,15.0056,11.7835,16.0481,14.7644,12.657,16.152,12.7483,15.0745,11.2759,10.2553,13.6556,14.5087,5.0472,6.524,13.6683,14.2847,9.5318,10.2423,11.2339,11.1664,14.8157,11.9722,8.4828,11.5257,13.0297,16.5954,15.4485,9.0581,11.1653,5.4186,11.6213,15.9271,4.8729,5.3049,9.4501,15.5923,12.6087,11.5999,7.0755,12.1274,11.9926,14.7245,15.6905,12.6701,10.4922,11.4768,5.8684,3.6864,15.396,14.9415,11.1328,8.4546,14.2699,14.8053,15.5589,5.0002,9.8963,15.0936,15.0098,8.7843,9.7008,14.0719,12.9052,14.1958,8.1218,12.9342,14.4507,8.1865,13.8122,13.625,10.8185,9.8187,6.7762,12.3461,14.1708,13.331,10.134,8.4529,14.9321,9.3308,16.0968,14.265,9.5183,16.3912,15.4114,13.7443,11.2754,13.1594,8.4681,10.4658,13.9568,10.8866,16.0409,15.3915,12.7044,15.4988,12.5688,15.269,15.1967,15.8442,7.7648,15.958,8.7953,13.7205,11.0668,14.4049,13.1752,14.1797,14.7666,15.3401,11.3318,6.5184,7.602,11.0768,17.7143,15.5508,15.133,14.1371,15.1536,5.211,9.1278,8.6186,15.9444,13.6877,9.1221,15.8738,15.6322,11.1004,13.3544,16.7052,9.5315,9.6011,9.2463,10.9282,15.352,14.3535,17.3868,17.3472,7.6086,15.791,4.0361,14.4738,12.9314,14.0479,7.9855,14.3328,14.4232,3.4165,11.3293,15.1766,16.8015,15.8226,5.3054,9.4535,11.6643,10.5352,4.737,13.8997,16.8018,12.3212,15.1782,10.7677,10.656,11.5332,15.4473,10.423,14.2204,15.4334,7.0206,15.7589
"TTC36",10.0542,6.0031,6.2145,10.273,0.3461,3.9754,6.3729,6.048,4.1472,7.4888,2.0894,6.8608,2.1579,0.6505,5.4592,0,9.163,3.7799,4.8684,5.0614,0.5783,3.167,5.9093,0.6785,3.387,7.974,0,6.4778,5.3494,6.3378,6.9963,6.2298,0.8545,4.2102,2.933,7.4708,11.3081,4.6011,11.2857,8.8833,6.0741,6.4749,11.4062,4.2147,4.0962,5.351,6.7716,3.183,10.6907,1.8083,7.5598,9.0106,0.931,6.8726,8.511,4.6174,2.6363,1.3593,1.7235,10.078,9.9736,3.9861,8.6048,7.1528,5.7843,9.6426,5.0966,9.0162,6.3617,2.1418,2.2242,7.7634,1.7795,2.1794,2.9734,10.267,2.1916,6.3055,1.9707,1.9008,6.8891,1.1284,4.5441,6.0288,9.9798,2.9466,10.1166,7.5213,6.7478,7.1013,8.9508,0.4687,7.5018,6.6978,9.1384,10.9865,4.5641,7.7991,6.3048,5.0715,7.7497,6.2625,3.1268,7.1067,1.7436,8.3992,6.9564,5.239,10.9695,2.3312,10.0112,0,8.6487,12.8264,4.0317,0.8697,7.4246,6.3788,0,7.4762,7.3755,2.9321,3.6131,7.5566,1.7623,5.1237,7.3585,0.9649,7.1271,3.7419,10.8122,0.5468,8.6637,3.055,2.7964,6.7154,5.951,6.2626,0,9.8639,4.8295,5.7703,8.986,6.9229,2.4344,1.5783,8.3926,7.022,12.2549,1.465,1.7507,4.6891,5.5815,6.1669,5.9086,5.8216,9.1696,3.9125,9.7218,0.575,4.0994,1.3604,10.2701,8.1764,11.1565,8.7504,4.7561,5.2163,8.6088,7.3815,5.6598,2.1722,8.7789,2.7829,8.4068,9.0766,6.3921,10.1692,3.3675,1.4696,0.4856,5.1056,1.3712,8.5797,9.0602,6.5868,2.583,9.6222,7.0581,4.0952,10.3847,0,2.4821,2.3849,6.1846,9.0812,5.4815,6.3552,9.3981,4.7121,1.1014,11.3469,10.8056,2.5738,5.5864,5.635,2.6209,0,4.95,11.2837,7.7965,2.9852,4.8685,5.2952,1.7327,6.9875,7.1578,1.0573,1.9405,7.9634,10.6776,10.5427,7.184,7.6764,3.7253,1.7926,7.8578,1.2936,1.4067,8.359,8.4217,8.7044,1.7168,1.52,5.5001,6.2245,10.3986,10.0313,6.2503,1.0582,7.5641,0,0,8.7985,9.9707,0,5.7933,10.3292,1.193,10.6689,0,2.6976,7.9195,10.4434,1.9,0.6217,8.6895,3.5472,6.7904,7.3183,10.1655,8.7604,4.4654,9.2124,12.1188,3.7337,0.9188,0.655,3.2724,7.262,10.5048,1.3823,3.9771,9.4546,2.7769,11.8654,9.6057,2.9615,10.4367,1.5096,10.0163,3.0991,6.9007,0.6563,0.6185,1.1838,7.1793,11.6993,10.2337,4.0736,9.6562,7.577,9.6945,8.209,10.9417,1.5301,9.3396,7.0973,7.2922,7.2976,10.4001,5.1756,7.2928,8.6315,8.9685,2.3134,0,2.4425,8.2158,8.4704,8.2422,6.5526,9.5201,10.7377,0.9623,5.4527,1.0344,8.1567,6.3931,7.7925,9.5258,10.6066,2.777,3.188,3.7301,0.7996,4.1929,2.8468,3.8391,10.2011,7.4025,10.3493,9.0749,4.1535,10.7054,1.4738,6.7222,4.4098,9.3219,0.6881,8.4456,1.6653,0,5.0928,8.294,8.2913,9.8941,0,0,9.0157,2.318,0,8.0174,10.5527,7.9505,10.1925,6.0072,5.2858,0.6242,8.932,4.0944,8.194,9.9448,3.4341,10.9
"SLC34A2",5.9998,2.9873,0,4.2016,9.6632,2.3808,13.3243,1.5259,0.7882,3.8393,8.4447,4.0268,5.6083,11.877,2.3568,7.6122,0,0,1.5585,5.484,7.1094,4.5024,3.2743,1.1382,9.2548,3.9105,3.0602,6.4017,6.1907,0,0,0,9.6125,12.3386,1.6837,0,2.8086,10.4336,0,0,3.689,0,0,6.3825,3.7952,5.0215,2.3247,2.4088,0,1.1707,0.8751,2.2003,3.1953,3.7685,2.0054,2.5133,0,7.4813,1.3419,0,0.9033,6.5301,0,9.421,0.6732,0,0,0,0.6678,2.5306,1.6796,4.6457,2.3945,9.137,9.6675,4.1254,3.3104,7.7405,1.9707,2.6934,0.6616,3.021,1.2101,5.8063,4.3618,0.5334,1.061,2.3554,2.8206,6.9911,4.2007,5.2997,2.117,0,9.2654,5.1624,0,3.2078,8.6654,6.5595,2.6927,0,11.5571,0,13.8463,0.8491,5.7632,0,1.506,4.3568,4.2089,2.4835,2.3049,0,4.508,0,6.6295,0.6204,6.3142,1.5744,2.7709,3.748,7.1314,0,3.0316,4.7729,0.8233,2.7467,6.4933,1.563,0.5592,12.2365,4.3385,0,6.6931,9.3521,0,2.7529,5.1721,4.2745,0,5.4734,3.8892,2.9344,2.2794,2.1078,8.8143,2.4831,0,0,0,0,6.1803,3.5628,6.7201,7.2406,0,7.1971,0.6869,4.2195,1.1646,3.45,1.1508,1.0032,3.2236,4.6879,3.297,0,0,5.2899,3.4809,5.4486,0.5993,6.4796,0.8375,7.479,0,0,1.8731,8.6084,16.3251,4.8413,0.8427,0,0,6.9675,1.4135,1.3857,14.4355,4.1585,0,2.8255,3.9566,2.1761,0,7.5868,4.3615,1.1421,0.5812,5.0738,4.1384,0,7.3798,1.071,3.716,4.1875,0,8.9401,10.4832,1.5881,5.1423,0,0,0,2.3736,0,0,0,8.1468,2.1204,0,8.0279,0,6.2209,0,2.4094,0,7.184,5.8226,1.8389,6.3745,1.9205,1.4411,9.0989,0,0,1.9433,5.6015,5.7221,0.624,0,0,5.4296,3.5597,2.0741,0.5428,3.9094,0,1.8369,0.6786,4.6895,7.6131,0,0,3.2011,7.1236,2.3136,5.0198,0,3.9751,0,0,1.1639,2.3868,0,9.008,0,6.8062,0,0,8.2207,0.6188,3.9241,6.4568,3.4271,5.0968,3.7424,0,0,0,0,0,2.2284,4.1923,7.4555,2.7938,0,0.6985,10.1416,4.6075,0,1.1051,3.3397,4.7975,0,6.5077,0.8164,1.5705,5.5646,4.583,7.4735,1.7933,2.2248,0,0,0.9947,10.2829,6.2071,0,0.6504,0,0.5843,4.3308,5.2777,10.5161,7.0078,3.1476,3.7607,3.0958,3.4862,0.7168,0,0,0,1.3412,7.7283,2.6703,3.3143,0.8733,6.9095,10.8816,0,3.0316,5.7569,2.8633,12.5339,0.7671,1.4789,5.833,3.7252,0,1.3944,0,4.5288,1.8309,0,0,14.3839,1.8787,0,10.895,11.5755,0,0,0.6265,4.5301,0,2.9132,11.0258,0,0,0,6.0806,2.7646,3.673
"GREM2",7.5024,7.022,5.2413,8.5343,0,2.7249,4.3305,8.2252,8.8376,10.397,9.9989,9.2986,4.8078,6.3254,6.6599,2.7109,5.4407,0.9853,10.07,5.309,1.3099,11.1991,0.625,9.3828,1.8267,9.927,0,11.7442,8.7782,9.6688,8.5347,5.1461,0.4895,3.0239,5.9244,9.113,9.9577,5.1662,10.7493,11.6123,4.4372,5.4357,8.4875,10.5095,10.6012,7.4745,9.8827,3.8002,7.3148,5.9757,3.0887,6.6763,2.877,8.6418,8.0406,2.5133,4.0065,3.4823,8.3807,6.5115,10.4068,5.953,9.591,8.4497,6.4466,9.3179,12.5083,10.8662,3.2972,3.1456,3.1826,6.2866,8.2676,10.7551,2.5355,11.3653,0,10.1468,6.6266,3.3054,11.7394,1.4748,2.0232,2.0395,8.7712,6.5482,10.4543,9.5798,7.7365,5.0796,9.7644,7.4472,8.4898,1.1345,8.8788,8.4783,11.2925,0.8066,4.4757,11.0962,5.1245,9.9478,5.8418,3.9594,0,1.3801,7.4632,7.5691,9.281,4.934,7.6726,0,10.6661,10.7737,6.1047,8.9437,6.2753,5.078,4.3592,5.5695,8.8951,10.2464,5.0643,6.8478,6.4048,8.5082,7.9405,1.947,8.2962,10.4067,2.3956,2.0793,10.5013,8.787,9.9725,2.0713,1.0961,5.238,8.0422,7.4327,0,11.9341,5.242,8.695,5.2014,9.2331,8.6497,7.7711,9.5448,4.524,9.0559,4.6891,4.7877,10.7435,8.5031,4.2477,7.8389,3.9125,3.343,5.3631,8.0389,1.6277,6.1157,11.076,8.3298,7.2525,11.4352,8.7609,11.7142,5.9871,11.4497,6.2556,9.2386,4.7167,12.4946,9.0079,8.0294,7.6303,10.1209,2.3914,0.8482,5.3896,1.7571,7.2743,7.2439,6.5681,0.8733,10.4843,5.5526,5.1799,7.3383,10.4355,0.8193,1.2677,5.4537,9.3195,4.7589,6.7605,6.8653,4.0766,10.6691,8.2314,9.6039,9.2651,4.6011,3.1243,12.2317,12.2477,3.3367,8.3754,9.2165,8.6691,2.2514,3.3185,2.238,8.5649,10.7225,1.6609,0.4381,7.7387,12.8692,9.2344,7.665,5.2173,1.8266,4.089,8.8707,1.6677,5.402,8.1425,10.3751,10.0575,5.5288,3.7499,7.5691,10.1449,8.0158,6.7641,9.1361,2.2594,10.5551,5.1478,1.0562,9.2243,9.3939,5.8831,5.7716,9.7062,7.2853,11.1297,0,8.0907,6.8889,3.9045,6.5104,3.8548,3.0661,7.3619,3.7028,9.6164,6.6655,2.6478,1.7997,4.9753,7.0251,3.653,4.3001,0,6.5964,7.8192,8.903,4.5543,0.6482,7.2321,3.1383,10.634,7.5843,4.4815,10.7046,0,9.155,10.9604,8.3483,2.1558,1.6514,0,8.5263,9.7225,7.2481,5.0952,8.678,10.4756,8.9287,10.4512,11.7766,6.0678,6.5286,8.7694,3.3033,7.1014,9.9323,5.0998,2.4355,7.7188,9.3887,0.5814,0,2.7449,2.8425,10.3942,8.1845,11.477,1.8999,9.628,3.1022,3.3181,2.6419,3.6923,7.559,5.7362,12.6064,7.5382,8.2805,2.6237,8.6947,0,4.1929,3.0994,6.078,12.1519,13.2781,6.5007,11.1865,3.283,9.0765,0,0,3.3967,7.954,2.8304,8.6285,3.0105,0.8532,3.5049,5.0616,10.4031,8.1349,1.4399,6.0574,6.1292,2.743,10.4938,1.883,10.8789,8.1707,10.6698,11.8183,3.0227,2.9063,8.4736,7.1563,9.8944,11.1508,3.1739,8.9064
"SLC6A11",3.5878,0,0,0,0.3461,3.6919,5.9661,0.7019,6.6206,0.6366,2.9957,0.5637,5.0977,3.2549,0,7.1312,0,6.2562,0,7.3229,9.2688,0,5.0906,7.8021,0,0.6429,0.5178,1.0135,5.1295,5.19,0,0,8.624,3.9324,7.0948,4.1155,3.4867,3.988,8.3285,7.9365,5.5457,6.6792,4.1791,2.3375,2.8955,8.2945,3.2959,1.0549,0,0,10.625,8.465,0,6.0589,0,0,9.1555,9.0756,0,2.9485,2.8264,6.4027,0,4.5515,2.1915,0,6.5493,0,0,2.3493,7.6256,5.2898,1.1483,6.5836,8.3391,0,4.3663,4.3952,5.4853,10.6325,0,0,1.6731,3.5071,0,0,0.6259,7.8807,0.7432,9.011,0,1.1054,1.2235,0.676,0.6566,0,0,4.5061,0,3.63,0,0,1.0738,0,2.3534,0,0,7.7067,0,0,0,9.1545,0.6444,0,1.5457,0,3.5826,0.6204,9.9084,0,0,0,0.6997,6.0212,7.6693,6.2348,0,8.5784,2.0109,0,0,0.5468,7.5948,0,0.9373,0,0,0,6.65,0,9.1592,7.9145,1.1053,9.9387,11.1132,3.4503,1.3498,0,0,0,5.297,6.9946,1.7587,3.4952,6.7768,4.2477,0,8.4361,0,8.8512,2.8497,6.7841,0,0,0,0,6.4033,0,0,0,0.7096,8.4607,0,7.6803,2.303,0.8772,0,0,0.7362,8.0556,0,0,0.8427,2.16,0.7168,7.8112,10.675,0,5.6134,6.7889,0,1.8517,2.0208,8.5471,0,0,3.0305,1.1421,0,5.2255,10.3739,0,6.7892,7.5259,0,5.123,5.1078,7.4672,7.6988,0,0,7.5032,0,0,7.8285,6.1309,6.9985,9.5302,4.4782,0,0,1.8745,2.4177,8.9523,0,6.6197,3.1256,4.2029,2.927,0,0,0,0,7.3966,1.0562,9.6951,0,0.7649,0,5.4512,6.4455,5.7784,0.6226,1.4847,0.7156,4.8963,6.9438,0,0,9.3084,0,9.3756,0,0,0,5.5145,8.5081,5.1013,0,0,0,0,3.7449,0,0,1.9616,5.6937,6.4367,8.1834,4.045,7.487,2.0751,8.4875,6.9545,5.2507,8.0074,0,5.8874,4.4805,9.5773,1.7061,3.8324,3.7696,6.694,0,7.2631,1.8548,9.0542,2.0219,4.467,0,0,0,0,6.1156,1.1755,0,0,2.6829,2.234,5.8691,1.159,4.994,0,0,5.6335,4.1199,9.4898,0,6.6205,2.6778,6.6705,6.4484,0.8795,0.5599,0,9.1998,0,0,0,10.2929,4.7311,9.6233,0,6.7183,0,0,3.2108,8.5618,6.0753,6.2791,0,0,8.3195,0.9235,0,5.087,0,1.5966,0,0,6.7831,0,0.7571,0,0,0,3.321,0,1.4694,0,0,0.6208,0,4.7312,0,1.6706,8.8081,6.9467,0,7.7689,0,4.2275,0,0.8349
"CFTR",8.5867,6.2995,4.5682,9.2753,7.0615,5.9547,4.7199,0.7019,2.7687,6.1362,0,2.5314,0,6.4528,8.1421,0.5891,0,2.782,1.5585,6.9775,5.7352,0,2.2617,4.0543,6.5737,1.0861,2.6281,10.0071,4.7203,0.6061,0.6178,0,2.5481,9.3214,0,3.6735,1.1383,11.516,1.3516,0,5.1726,1.0892,0,7.9754,0,6.4751,2.073,0,0.8951,0,0.8751,4.7744,5.5893,6.6817,0,0,0,6.0608,2.9831,0,0.9033,0,1.6551,10.747,1.4771,2.067,1.1147,0.778,0,0.4236,3.5871,6.0901,0,4.8698,8.1708,1.6119,1.8782,2.9838,4.5171,0.7515,0,3.6851,1.4601,0,6.585,0,8.7004,4.5635,0,8.6822,2.553,8.1178,3.1717,0,11.4612,4.1751,0,0,11.1977,0.8145,0,0,4.6616,4.7656,15.2897,0,6.9382,0,4.7423,6.1747,0,0.6545,0,0,3.3157,0,8.9168,0,0,0,0,0,9.2399,0,5.9819,5.0436,1.726,2.6405,8.8731,2.2955,0,12.1784,5.4682,1.3599,5.7195,1.3792,0,6.6401,5.2222,5.2367,0,0.6452,1.7237,1.3084,2.5743,4.6342,10.8168,4.9948,0,0,0.5588,0,10.4533,4.2363,0,5.3816,0,5.4321,0.6869,0,0,1.3604,0,2.3271,0,6.5395,1.9215,1.5548,0,7.6271,4.1822,3.2881,1.0215,4.3514,0,4.96,2.4182,0,3.0572,2.3914,14.3119,6.1088,4.9611,2.16,0,8.5328,0,0,14.6739,6.2785,1.4011,1.8517,4.5811,3.5308,1.3818,9.8843,0,1.7715,0,6.3779,5.7467,1.5666,9.4241,4.7181,3.539,0,1.194,5.5201,7.2341,1.5881,6.0164,0,0,0,4.1097,3.3882,0,0.6234,9.3074,0,0,8.0353,0,5.734,2.4815,1.5101,0.8942,3.6566,1.4067,0,0.8324,1.4175,0,2.0403,0,0,3.8738,0,0,2.2594,1.3185,0,5.5173,0,0,0,6.1524,0,2.2805,1.1383,6.2149,6.2302,6.3325,9.572,9.3103,3.0946,1.094,5.3662,0.8084,4.4934,7.3777,0.8093,0,6.3614,0,10.0035,0,9.3653,0,0,10.831,3.7354,0,8.6091,0.9823,6.4061,5.745,0,2.4566,0,0,0.9606,2.8188,5.2646,8.1288,0,0,0,4.5515,2.006,0.9587,1.1051,0,0,0.6729,4.8425,0.8164,2.4152,7.6553,6.3135,9.8838,4.09,0,0,0,1.5779,10.0321,7.914,0,0,1.3893,0.5843,1.0654,7.1074,8.2435,7.8335,0,5.9517,4.7925,2.2712,1.8375,0.8891,0,0,1.3412,0.4545,3.0275,3.2108,0,5.5806,1.1004,10.4687,0,1.2288,4.4931,13.7585,2.5639,5.1028,7.3601,5.4116,1.263,0.6256,0,3.3178,0,0.6755,1.0874,3.9196,3.7058,0,0,1.3448,0,2.3604,1.895,5.0112,0,4.883,0.6242,0,0.6947,0.7112,7.0469,3.7531,7.4446
"HAL",10.3305,11.8893,12.1505,9.5923,5.9854,10.1908,3.7063,11.5094,13.368,12.8669,8.2201,8.0676,4.5336,10.6332,5.6906,11.3884,8.0297,10.7278,12.3656,12.5679,10.949,2.4754,11.4126,12.75,7.8102,3.1474,0.8982,13.1714,11.6795,11.9664,12.8677,3.8583,10.8807,2.2902,3.9772,12.9021,8.8859,8.901,10.0448,3.0083,10.1619,9.6045,12.7847,13.3808,8.3782,12.797,12.9855,10.8969,10.7603,12.3067,12.5226,10.7758,7.7721,12.3499,5.0945,4.7746,6.4299,10.0323,12.3025,11.2686,12.6838,11.6257,12.4931,8.5848,11.697,11.0968,3.3679,3.0264,12.0841,4.5351,10.6312,9.1928,12.5058,10.721,10.6611,3.0944,9.1686,12.6653,8.9282,12.5228,3.5201,10.144,3.9897,6.2996,13.3829,9.8245,10.9937,11.4516,8.0433,12.1219,8.4604,10.081,12.2267,1.9959,9.0719,11.3119,6.5977,11.7918,4.5308,11.1802,7.3659,1.9172,11.2174,10.8649,2.6519,13.1213,10.9583,11.993,12.2323,10.2943,1.3731,11.9275,13.5981,12.0735,10.9409,11.3812,11.3804,5.4765,12.8468,3.5705,12.3879,3.6561,10.6719,12.8066,11.909,12.4488,11.2952,12.9751,11.1474,3.0298,11.3203,3.2863,9.5233,6.1386,11.8723,10.3052,2.1418,8.9965,10.1882,12.1179,2.5288,14.0898,8.1005,12.3451,12.8172,7.848,9.4048,9.4557,2.6682,2.1767,10.5027,13.2154,9.7609,12.7027,6.9344,9.8151,12.967,11.2848,2.22,10.301,13.188,10.5388,7.2626,4.3637,5.6303,11.4696,9.3743,7.7513,3.6259,11.3996,12.0966,10.1574,11.4472,10.3526,14.8074,12.1273,11.564,13.9853,10.8718,10.9808,2.2021,10.1525,11.3623,7.4845,10.8083,12.9082,8.633,10.6814,8.6248,8.9181,10.7009,8.9987,7.2296,11.4715,2.9926,11.8957,5.3947,12.0757,11.0722,10.9712,12.8137,9.4914,11.6184,5.6435,7.1867,8.8155,11.8514,7.2864,7.4533,9.4885,12.6612,10.7293,4.8915,3.0155,11.2713,10.5673,5.0977,13.1638,10.3998,3.228,13.3204,11.8338,10.1214,10.417,4.2735,11.2512,11.5334,8.8028,10.1985,3.3249,4.5631,2.5883,13.3108,11.8015,12.8284,3.874,9.9256,11.7597,9.2143,12.3533,1.9957,10.886,4.6293,4.1033,4.7381,10.6218,5.0876,0.8184,11.4547,11.8942,8.7098,8.5367,11.3679,4.7937,12.2741,11.3249,2.4695,10.6263,9.6296,2.4676,10.1133,9.8557,10.877,9.9806,10.6927,8.1606,11.2077,9.7053,11.6687,11.4466,8.5146,11.0252,2.61,12.2256,8.6958,8.3655,12.1891,12.2376,13.3287,12.2868,5.5664,12.3981,9.8017,10.2862,5.62,10.2549,11.1149,9.1443,10.0389,8.1295,12.0202,2.7561,12.6856,2.0274,12.5048,9.0212,10.4533,12.5625,10.1641,10.8995,10.8155,11.9201,10.5657,9.9542,7.2383,9.9816,6.457,10.8118,11.4314,13.976,11.7956,11.1623,11.9648,10.5867,9.4125,8.0742,12.2373,12.0347,11.485,9.1836,14.6935,12.0348,11.3705,10.5341,13.238,9.732,9.4308,12.1856,10.2064,7.1271,10.9532,13.0629,9.804,12.9191,12.282,2.3639,12.3503,11.8642,10.3957,8.8341,12.0266,12.6105,0.8532,9.7462,11.9652,12.7192,7.5438,9.007,11.0445,2.657,6.5074,2.1996,8.383,11.703,2.6867,11.5283,2.4241,11.9029,11.3877,9.8554,11.672,3.1121,11.8748,9.0098,13.3126
"GSTA2",14.0495,8.9251,16.124,9.8299,6.9802,12.0836,6.4843,10.5426,8.053,14.2471,6.9408,15.0417,8.6485,5.4876,14.3627,4.4041,9.1309,12.8113,9.7692,9.7197,6.2656,8.0925,13.5312,7.8666,9.1852,11.8417,0,10.9297,12.8251,9.3944,14.3674,6.8794,5.2696,4.786,10.7648,14.782,13.4809,11.6201,10.0116,8.5788,13.8248,12.0812,15.0824,7.4539,8.277,10.5606,7.458,10.2479,13.255,14.1246,12.8538,9.9562,11.5047,10.5622,13.2012,12.3707,6.1527,5.0988,10.3766,15.6414,15.0174,9.5087,8.6773,2.749,13.3126,13.6172,6.5583,11.3391,13.0062,10.3794,10.7875,9.3029,12.6181,10.8678,7.9286,10.6292,8.1441,8.3107,7.6139,10.131,8.8328,10.4906,11.6428,7.9039,9.4153,14.5509,14.4933,12.1138,7.987,9.5407,11.4568,3.6008,11.1103,8.0213,8.3259,15.5885,5.899,13.5074,6.4692,8.6166,8.5331,8.4999,10.7213,11.2756,2.3534,11.4609,11.5663,9.4568,11.2756,10.8468,7.3126,1.7208,9.0506,15.2217,13.2535,14.006,9.2817,12.1683,13.1076,12.9947,9.7106,7.57,10.322,15.2036,6.4184,13.2611,11.6819,11.4807,13.0192,11.4148,13.3993,0.9424,14.9072,6.9387,6.0335,7.3321,7.3548,12.8586,1.1857,16.226,10.8712,8.071,13.3135,13.9045,7.7385,10.6238,10.5279,14.2719,12.8237,4.6304,12.8878,8.9214,6.677,12.6141,4.9814,11.604,8.3687,9.7275,14.6584,7.12,14.1564,6.4116,15.2002,9.7446,10.9591,7.362,9.7493,9.0323,14.5547,9.1909,7.36,8.3487,13.5574,10.7589,8.3557,11.5676,11.6632,13.9941,9.2594,6.3645,2.4334,13.2054,9.5369,10.8325,8.1406,11.2362,8.6893,15.1713,10.7203,8.5505,11.9807,8.8571,9.529,13.8086,8.2905,10.4073,9.2859,13.8701,13.7875,9.7576,12.1411,16.1253,12.0278,7.681,13.2986,13.4781,8.1283,1.7676,3.1379,10.7249,11.8317,2.777,7.9778,13.7369,12.6623,8.6947,6.0472,7.7879,4.6913,8.1746,14.8875,10.8049,12.7309,9.7744,12.0382,9.5028,13.4701,4.3124,5.1569,15.1922,13.164,12.3779,7.7624,0,12.5478,9.0228,11.2445,6.9469,14.6871,13.182,13.4384,9.9259,0.6226,8.9373,9.7115,3.2052,9.3414,9.3658,11.2679,9.9879,5.9645,9.1728,12.7701,11.6277,5.0549,3.4191,9.4765,8.156,9.6323,10.7449,13.7228,13.4076,15.8746,12.865,9.0348,9.1341,5.1226,5.8263,7.0274,9.5812,12.2542,10.5234,7.3706,13.5399,8.5792,10.8703,10.5191,9.4796,9.8493,6.6008,12.9981,6.7536,13.3136,10.7433,13.2237,15.4546,9.7969,10.5411,13.7388,14.5906,13.8441,14.3496,12.8534,9.8275,9.8891,13.3317,11.9754,13.9435,14.6717,13.063,8.9814,12.3903,7.9538,10.4298,13.5078,12.1863,2.9174,7.443,8.8288,10.0441,6.467,11.4106,13.8383,14.5358,5.5833,8.4178,4.6502,15.6629,14.3812,11.6805,10.9567,11.0104,7.7173,7.0794,9.2669,12.4011,10.9901,5.4257,13.2205,11.1224,1.7173,13.8573,14.5225,15.3762,14.4065,2.1875,13.4689,9.9303,14.2011,10.1957,10.9799,9.1452,3.47,11.0655,13.5882,7.8659,13.4786,1.1921,7.3126,11.6853,11.4183,9.9267,12.9235,13.2521,9.8702,12.9634,9.3309,10.0522,11.0762,12.909,7.4648,11.8699,8.8498,12.1419,15.3972
"MAGEA2",5.8699,0,0.477,4.2755,10.4794,9.0263,0.8729,0.7019,0,0,10.2074,5.5806,1.254,0,2.3568,0,0,0,0,0,0,3.2558,8.1416,0,3.0493,0,10.293,2.7233,0.6566,6.2215,0,2.9134,0,0,0.797,9.1582,0.6786,8.1206,0.8286,0,8.3036,0,4.9078,0,1.3842,0,0.8495,3.7433,0,0,0,9.0745,0,0.7061,0,2.7336,10.0294,0,0,3.1176,6.9046,0.833,0,0,6.6136,10.0314,0,0,9.5927,4.2021,8.4355,0,0,11.2022,0,0,0,0,2.4275,0,0,0,8.7703,0,0,0.5334,7.1576,0,3.9213,0,0.7617,9.6443,8.6826,0,0,10.5651,0,0,0,0.8145,0,0,7.6431,8.7348,0,0.8491,1.3521,0,0.9413,0.7416,0,0.6545,2.8467,4.8783,0,0,0,0.6204,0,10.0941,0,0,0,9.0859,0,0.9566,0,0,0,0,8.4512,2.3639,9.6656,1.0317,9.8598,0,0,0,0,1.9349,0,0,9.4989,0,0,8.7076,0,0.5032,1.226,0,0,0.71,6.227,4.8371,0,0.8339,0,0,0,0,0,0,0,0,0,0,3.2272,0,0,0.6346,0,0,0,3.8013,0.8375,10.6783,0,8.9498,10.9072,0.4371,0,0.6566,0,0,0,0,0,0,0,0,0,1.8517,7.5154,0,0,0,0,9.612,2.5755,0,0,0,0.8208,10.7324,0.5906,0,0.7171,0,0,0,1.6328,1.0457,3.6188,1.939,0,0,0,0,3.7074,0,0,4.9849,0,0,7.8438,0,0,0,0.6326,0,0,0,0,0,0,0,0,0,0,0,9.0962,0,9.6942,0,0,0.5428,7.8886,0,0,0.6786,0,10.4835,0,9.7372,7.8623,0,0,3.4675,0,2.9629,8.7208,0,1.1639,0,0,1.2912,0,0,0,0,0,4.4164,0,0,0.9823,0.8115,0,0,6.3932,0,0,0,6.317,0,0,0,0,0,0,0,0,0,0,0,0.6729,8.3194,0.8164,8.2975,8.3738,0.7998,0,9.6659,0,0,0,7.2609,0,0,0,0.6504,3.0973,4.2461,8.9748,0,0,0,0,7.7359,0,0,0,6.9102,9.1436,0,0,0,0,0,0,1.1284,0,8.4259,0,0,0,3.1214,0,2.5276,9.3235,10.477,10.1696,0,0.4887,0,0,0,0,3.7463,2.3266,0,1.0969,0,0,1.25,0,0,0,0.6726,5.6042,0,1.1616,0,4.5667,8.2739,8.0716
"CLRN3",9.2463,7.5195,9.2942,9.1471,6.8024,5.0559,4.1396,8.1251,7.8177,8.9193,0,7.5019,7.0507,8.2804,9.2595,3.1809,1.7197,7.7971,8.5033,0.6492,0.5783,6.3468,1.0596,11.0695,7.1256,0,0,10.0444,3.5791,5.4185,10.6177,1.2059,8.1282,7.5073,7.4084,9.3992,8.7232,9.1196,4.1756,7.5793,4.5951,10.5999,9.3669,1.5979,6.928,4.5938,9.1997,0.6218,0,8.3137,9.9722,1.1365,9.0852,5.7727,6.8898,1.9356,0,2.5101,7.6966,9.8222,9.9617,6.2182,7.2428,7.486,5.4136,8.067,9.4313,8.1133,8.8698,2.3493,9.4787,6.0364,7.3577,8.1585,8.283,9.4976,0,9.5037,10.181,3.7337,1.457,3.307,7.0095,5.8328,7.3738,8.6308,9.3239,9.0969,1.8857,4.9283,3.1128,8.216,6.9445,4.3311,7.7197,5.7246,0.6607,7.994,7.7955,8.0948,3.1129,8.3933,0,3.484,8.2673,8.808,2.0376,6.4146,8.2554,2.1244,5.386,4.1876,2.9555,11.3026,7.8657,0.8697,6.3127,2.545,8.9837,0,7.6323,8.3991,8.0433,6.7441,4.0831,9.0489,8.6886,1.2797,7.8687,8.5151,5.0736,9.601,9.185,4.452,3.1337,8.0247,1.9426,5.3232,0.7114,10.7612,4.3702,10.3329,6.9498,11.4246,5.1351,9.5496,6.6896,9.3331,1.879,2.1767,10.8296,2.0631,4.8879,4.3554,4.321,8.9042,7.3767,6.1269,3.2536,1.9776,9.6539,2.373,1.5011,1.0032,8.149,0,3.3637,9.0693,5.9771,6.5937,10.5921,6.8743,9.0705,8.0978,6.7552,8.4784,7.7112,9.0198,9.7941,6.1074,8.2832,7.8077,1.7571,9.2372,1.1935,6.323,10.059,1.7737,7.5015,5.297,9.7174,5.6354,9.1831,7.8918,1.0501,5.2543,0.7241,9.2367,2.1611,4.429,10.7331,10.7773,9.779,10.3924,8.4514,9.7286,1.194,3.2352,8.5275,0,5.9688,0,4.2734,1.7494,9.0942,9.012,9.6479,8.6239,10.2945,7.6514,1.6347,9.5281,8.8866,6.7525,8.6599,5.223,9.4964,0,7.1488,4.4766,5.3509,5.5448,0.6524,9.1955,3.2684,7.5454,4.5708,8.1473,9.9984,1.662,3.9488,0.9133,1.3891,1.7647,9.0899,0.5428,3.0748,2.4803,4.6319,9.4514,9.3364,4.8976,7.8913,0.6849,6.6346,8.5605,8.3837,2.7354,2.9564,6.2435,10.7455,5.4803,10.9211,6.619,1.2051,7.7301,2.4469,9.9293,2.9518,0,9.1241,8.9446,2.1386,8.3134,4.9655,10.1718,6.8524,0.9781,1.6981,4.8434,2.7349,0.9606,8.5278,2.4876,9.7485,10.8421,8.5667,4.7959,10.1139,5.7694,8.8143,0,4.1966,2.1751,1.4765,8.6416,4.0859,9.1745,7.1593,8.5138,8.6532,1.5108,0.7949,0,2.6092,0,6.2343,4.8522,2.0308,2.4742,0.6228,8.5157,10.2725,7.3194,8.0007,1.6186,0.608,4.3983,9.9239,5.7704,11.0849,2.9664,4.7207,1.3075,0.8212,3.1335,0,11.6788,11.6691,8.6077,10.4024,8.8889,7.3963,8.1727,10.1247,6.7502,6.7507,9.6767,8.9956,6.6876,8.0905,0,0.8532,8.8125,1.4356,10.2544,9.8855,1.8358,5.4975,0.9143,7.4766,3.282,7.0407,10.9595,1.0619,8.2747,9.2005,4.0393,5.7565,4.8678,10.5863,5.7347,9.6899,0.5319,9.0391
"FAM133A",8.6246,0.4699,0.477,3.5402,9.5436,1.6342,0,1.1719,2.9149,8.7021,1.5162,9.2676,6.9733,2.1435,1.9799,0,0,0,6.2461,1.4355,0.99,6.527,6.4906,0,8.3275,3.5445,3.5064,2.3435,0.6566,6.5854,0,7.2117,1.1454,0.7212,8.0934,3.4329,1.7666,8.7183,0.8286,8.5755,5.9481,0,8.654,0.7448,7.7055,0,1.3806,4.2719,0,8.4097,0,6.6334,0.931,4.2234,0,9.4797,4.1547,0.4765,0,9.8389,8.0812,0,0.7795,1.6785,7.8072,6.1207,1.1147,1.2807,10.3281,8.823,8.3873,1.41,0,8.0854,1.9037,0,0,1.2523,2.6111,0,0,0,7.1584,0,1.2613,6.8518,7.5493,0,0.7432,0,4.1451,2.3848,8.0699,0,2.3319,8.182,0.6607,0,1.2023,0,0,3.0252,8.4519,5.637,0,0,6.8374,0,8.4502,1.8829,0,0,4.5901,9.1102,1.1888,0,1.3933,0,0,4.5085,0,0.8711,1.1689,8.5616,0.8459,0.9566,8.0534,1.2797,3.335,0,7.5032,0.5468,8.1461,0.6062,5.8961,6.8111,9.3952,1.7208,0.7114,4.8696,0,0,7.8855,0.7977,0.6329,8.5762,3.7977,9.5422,1.879,4.9509,0,0,6.7901,9.1017,0,0,0.8686,0.954,7.9072,0.575,0,0,1.1508,8.9043,0,4.2783,10.6035,0,4.2034,2.5783,2.8784,0,3.1252,4.2657,0,7.842,0,8.6868,8.5488,0.4371,0.8482,3.647,8.3847,6.4739,3.0141,3.5991,0,0.8532,2.0104,2.2724,7.6604,8.6509,8.9862,1.9318,8.014,0.7448,0,2.3853,7.4024,0,1.4427,1.8544,1.3408,8.6241,6.7849,0,0.7171,0,1.2019,0,7.9957,9.9252,7.9805,0,0,3.7285,3.0811,0,8.2207,0,1.6347,2.9386,9.6519,0,8.7377,3.4406,3.7949,1.2936,1.071,4.9967,4.7421,0,0,0,1.0562,8.0481,0.65,0,8.9422,8.8519,8.298,0,4.2744,4.6427,1.1918,0.5428,6.5455,5.4761,4.994,0,0.645,0.7535,0,1.7784,4.5487,1.0548,0,5.1532,0,6.9332,1.6045,3.9351,0,0,0,5.9662,0,8.2084,0,1.1968,0,8.9999,0.6482,0.7294,5.1353,0.8115,0,4.4815,0,0,6.6438,1.5321,4.3748,0.6563,1.8784,0,0,0,0,7.4836,8.7806,8.9741,0,4.2157,6.4845,8.931,3.2283,10.2813,7.5605,1.9868,2.8111,7.3336,0,0.8631,0,6.9668,2.5646,2.4425,0,6.325,6.259,10.1566,1.0654,7.1927,2.7421,0.7573,1.3631,5.2493,0.6606,1.8284,1.1935,8.8934,7.1447,0,6.4154,0.4545,5.1037,0,0,1.7538,0,5.3506,0.6764,0,4.8921,3.1214,0.7671,5.7555,2.6776,8.314,3.7151,0,9.478,1.2511,7.7016,3.881,1.7003,4.7841,1.2257,0,9.1503,1.6104,7.6931,9.0913,0.6265,0,0,0.6726,5.199,4.4784,7.3327,0.7112,0.7734,5.4081,8.4598
"LECT2",11.4391,9.1233,9.788,10.8733,0,10.5526,7.7202,10.6573,9.9633,9.6878,11.9561,12.3504,13.6763,7.0445,10.6758,9.5358,11.2561,12.0974,5.9608,10.104,10.2195,4.7968,6.4193,9.0413,5.6369,11.6447,0,9.2653,9.8066,10.2828,12.0087,11.6745,10.3955,6.5605,13.9095,10.9813,12.5262,6.6793,2.2868,12.6332,11.0814,10.6888,11.4161,10.9767,13.0464,9.7172,10.1736,10.0778,13.4814,9.8784,9.6011,9.7109,0.931,9.0925,11.5051,12.5349,11.1447,9.5865,7.2203,11.7778,10.7376,11.9953,11.0612,9.1496,8.4923,11.2731,12.7831,11.2058,9.4385,10.4945,4.2194,8.9579,10.7588,3.9552,9.9563,10.8601,13.841,12.1528,3.1746,12.1049,12.1708,1.7538,12.0458,12.6831,9.5824,3.3775,10.6167,7.4591,12.602,11.6742,12.7742,0.822,9.5547,10.4825,11.059,8.9277,7.5683,10.0853,8.7723,8.3537,11.9247,10.7978,8.4195,9.186,1.7436,8.8537,12.8179,10.7327,11.1427,8.2825,12.5789,5.4221,9.0023,12.1505,11.0485,12.9676,10.3195,12.0276,5.061,9.7623,11.9019,11.9772,9.1073,10.9319,10.6897,10.3751,9.846,9.2898,10.6637,14.1203,12.2516,0,12.3836,12.7301,6.9442,10.9968,11.0306,13.1117,7.9105,9.9013,10.0662,11.7916,9.2212,12.1729,11.7097,4.8483,10.8271,10.0479,13.4601,0.911,1.7507,12.4252,7.8252,9.7102,12.4009,6.5437,10.8496,9.1497,11.6597,10.2801,11.1113,6.6689,10.7904,9.9289,12.5405,10.4487,8.2566,11.6572,10.9856,10.5485,11.4081,11.7625,1.8379,7.2496,12.4657,8.8702,8.4181,9.6583,10.1961,9.7922,1.3788,10.9863,9.0264,11.577,4.8415,11.5918,10.4256,11.3997,7.7685,10.2833,7.6128,6.5012,9.8597,11.2299,11.1686,11.1348,13.4197,9.3193,10.0748,12.9154,8.788,9.9435,12.0621,11.6681,7.4388,10.1082,11.8466,0.4863,7.2752,12.9248,9.7143,8.2838,10.27,8.2538,10.1826,13.3472,10.3882,11.2486,0.7737,10.5763,12.526,12.1467,2.0899,9.6947,3.0236,6.978,11.7285,11.5449,3.4473,10.1485,12.4282,8.4129,13.0648,3.9949,12.6504,12.9616,11.617,11.0272,3.8206,6.0893,10.8216,12.1472,2.0836,12.536,11.5718,13.1084,12.2092,13.1606,12.1574,0,1.7026,12.4703,9.6682,11.5148,7.6349,4.4949,12.3371,10.2575,10.7638,9.1424,11.9866,10.6925,3.4496,10.7282,13.47,7.875,4.7926,4.1362,13.7362,12.001,11.942,2.2477,12.0229,10.4536,13.7834,4.009,7.9279,13.0334,10.859,10.1961,11.6711,9.9657,12.7454,10.9063,2.0745,8.3771,11.5401,7.7787,11.5023,11.5923,8.3344,3.5059,9.5172,10.2735,11.0422,4.9926,10.773,0.8383,10.5295,10.7211,12.3084,8.0658,11.2157,9.7415,10.327,10.0595,1.3998,6.7133,2.0308,11.6724,7.9989,9.2195,8.5327,11.6818,0,10.6398,10.8704,8.0203,6.8577,9.9912,12.5379,10.8377,11.5551,11.9041,9.5571,2.5395,10.3595,8.8564,12.8355,12.5039,5.3988,7.1167,12.2223,4.098,11.2139,0.6713,10.6657,4.9991,11.6436,9.7992,10.5352,12.3502,1.5927,8.9415,11.3215,10.8422,13.5766,1.8358,8.959,14.5037,9.7041,0.5977,13.7418,8.1475,12.546,11.7162,13.0982,10.6356,9.8055,11.1208,1.7966,11.2475,11.5623,3.0238,10.2061
"ZFY",0,7.6189,0.477,5.7464,7.6062,0.7667,7.8429,7.5476,7.4489,8.1351,8.3675,7.8516,0,3.6965,0.668,1.0062,7.4058,0.9853,8.0636,6.0145,7.2975,6.6136,0,0.6785,5.4089,7.7886,6.9399,4.5804,0,8.0367,0,7.8019,8.8916,1.1998,4.2807,0,8.2804,8.0867,0,7.8565,6.5302,6.9726,0,8.2401,0,5.7239,5.9151,0.6218,7.2429,3.3763,1.4159,7.3991,4.5647,7.5195,4.6508,6.7472,2.9921,8.367,7.4339,4.1143,7.749,6.9041,1.2827,6.9724,3.6203,7.9785,8.5126,6.9865,2.3563,3.7319,7.8045,0,7.6166,3.0107,9.1212,7.2911,0,0,5.8195,8.0227,0,0,8.2142,5.0049,7.0632,0.5334,8.1716,0,7.7181,5.2487,7.1934,8.8602,7.554,0,8.2071,0,7.2205,6.9954,0,7.6202,8.8962,7.8399,1.0738,6.9371,0,0.8491,5.3154,8.2599,6.739,6.6014,7.0025,0,0.6444,0,7.3589,7.8309,8.1745,8.3082,0,0,8.1191,6.9115,0,7.0353,5.5864,6.9012,6.6585,5.1788,8.0379,8.1585,8.2816,0.5468,8.4816,8.9992,5.7566,7.8948,7.3845,7.3169,3.3108,8.1027,0,0.6452,6.6275,0,5.1575,7.8376,0,8.3288,5.8724,0,8.0131,7.1768,1.3726,0.6237,6.2459,0,8.1216,0.5544,0,0.575,7.8106,8.8133,7.8329,8.1045,6.7436,6.715,8.2891,8.5682,8.634,7.9572,6.9936,0,7.5262,0,7.7165,0,7.8095,0.5174,0,0,0,6.5336,0,5.9609,0.7168,1.1605,0.8733,7.3352,4.1423,7.5065,0.6295,3.5157,3.807,8.243,7.3073,5.0923,2.7797,8.1922,6.1588,5.947,0,0,7.7263,1.9077,8.0721,0,6.885,0,0,3.7048,0,3.0791,6.0002,6.2501,8.0596,8.6373,5.6394,0,0,7.9921,7.6435,0,0,8.2853,6.5889,7.0866,7.9708,0,6.5294,0,7.4519,7.9235,0,0,0,7.1469,7.0983,4.5896,7.1325,0.624,8.0027,3.0121,7.4135,7.9507,7.7254,0.5428,7.2941,7.0806,0,1.1383,6.2039,2.9743,8.4522,4.7617,2.4254,0,7.9429,7.416,7.4904,6.1997,7.8234,7.5915,4.6901,0,2.9122,7.8616,0,0.655,0.5668,7.4865,0,0,8.1557,7.7381,7.0939,7.2515,4.3651,7.5336,0,0.9438,0.6468,7.9702,8.0857,7.4509,6.8658,0,6.449,0,7.8808,5.828,0,7.7098,7.8108,7.6509,7.8442,4.5641,0,0.4792,7.9933,7.9654,0.6296,7.6756,7.5061,3.8995,7.1163,7.0448,0,0,5.2493,7.4252,6.2991,0,1.0654,7.5176,9.3373,7.1051,7.8159,6.7678,0,0,0.7168,0,0.4062,6.0097,7.2486,8.2958,5.5699,0.7555,0,8.1762,0,3.1134,8.042,0,7.9725,0,7.2603,7.7869,7.0941,4.3618,3.7151,0.6256,4.655,7.8847,7.6226,7.167,6.8686,0.5143,4.2019,2.439,7.4904,2.84,7.5222,8.6539,0,7.7847,6.4104,4.7619,0,0.6558,0,6.7641,0,6.5087,7.2797
"PRAMEF10",2.053,10.5568,0.477,8.2133,2.341,5.6057,0,7.0162,8.8307,10.4077,0,5.3633,0,6.208,10.2104,0,0,0.9853,8.2912,7.9487,0.99,0,5.436,6.565,0,6.1073,0,1.0135,8.6266,8.911,0,0,0,0,1.3074,10.8969,3.4867,2.7693,2.4997,0,5.9185,0.6451,4.3467,0,5.0534,4.8926,6.1613,0,4.9586,5.6197,2.1166,5.6479,0,9.6547,0,0,0,2.1771,8.7379,5.4018,7.2522,9.8971,2.4057,0,8.4733,2.5323,0,0,3.9191,4.5562,0.7945,0.8708,7.3087,1.5661,1.6117,1.2455,0,5.6054,0,2.97,4.966,0.6718,8.2643,0,0,0.5334,7.8705,1.3471,2.5153,1.4237,5.6549,1.1054,5.1852,0,1.4484,5.3186,1.1122,1.9987,0,4.3196,0,3.0938,0,5.6579,0,0,10.3178,6.0228,6.8468,5.8101,1.3731,4.2757,5.3765,2.1863,7.4514,3.213,10.4008,5.6868,0.9652,2.9862,1.1982,4.9852,0,6.6972,0,4.2382,5.6508,0,9.2254,0,1.5332,2.4876,9.8028,0,11.3457,2.8886,1.0961,5.2812,0,1.5273,0,4.7818,2.9834,4.8969,0,0,1.0233,2.2498,0,0,0,0,3.6915,6.0183,2.0582,3.4818,7.0022,0.954,1.5005,0.9851,6.8792,0.6064,4.1768,5.8137,1.3315,6.4013,6.3135,3.019,1.1477,4.7824,8.3273,0,6.526,0,6.3446,3.9285,4.5603,10.8349,7.6539,3.0758,0.4856,3.8907,5.134,0,10.4624,5.3188,0,5.7393,5.4397,9.1902,6.6441,9.342,9.0645,2.7292,3.7347,7.964,1.5635,6.9343,7.6857,2.2433,0.6533,2.6397,8.7018,0,0,2.5237,11.6322,4.1565,0,10.5055,8.4532,0.6156,6.527,0,1.7327,0,0.7471,0,1.2745,0,10.5385,6.4757,2.9097,0,0,1.1584,9.2623,0.7872,1.6788,0,4.6994,2.1186,0,2.8533,2.0835,0,5.9385,5.021,7.1695,0,4.6949,0,0,5.7159,0,0,0,1.7181,9.2633,0,0,0.7535,7.4174,1.7784,0,0,1.094,8.7791,8.151,0,5.0727,8.1106,0,8.6959,0,2.4175,0,0,0.9727,5.1655,3.1584,0,0,5.7972,0,6.9058,4.6875,0,5.8915,3.595,7.4578,0,9.3455,0,0.6185,0.8858,0,1.5202,5.4547,2.4659,7.5678,0,3.4642,9.1441,10.2947,0,6.0037,4.776,8.5434,6.828,5.2137,8.7993,0.7949,6.3151,2.3452,5.7445,3.9262,2.0596,0,7.22,10.7331,8.9049,6.4393,6.4922,0,7.5497,0,0,3.0958,4.0276,1.1935,2.1401,1.2022,2.4398,9.6245,0,3.757,0,0,2.3651,0,9.2018,7.0111,0.7415,8.9277,0,1.2653,3.691,8.7976,0.6881,4.6322,1.0607,0,0,1.8309,8.1829,6.074,4.5926,3.7058,0.9143,3.8745,0,3.3421,7.3665,1.895,7.2829,2.6912,4.6973,0,7.8601,0,0.7112,8.6904,0,6.4593
"PPAP2C",10.5883,10.117,4.2195,4.9069,5.158,6.7497,12.5996,9.6493,8.4863,3.6609,1.5162,3.0307,3.2188,9.7107,4.079,9.7368,3.6401,8.847,0,10.9457,10.6682,9.4524,5.8152,3.323,10.5503,5.4111,8.0205,8.0409,9.461,0.6061,5.1809,4.5097,7.9837,11.8974,7.2566,3.8142,2.3797,10.8551,0.8286,3.3573,5.1974,3.3249,7.5642,6.2089,8.3139,11.1322,12.6084,10.2208,3.6062,0.701,7.2713,5.9847,4.6189,9.4973,2.3277,1.9356,9.5881,10.3439,8.3369,4.3362,6.4313,4.1217,1.2827,9.4449,8.212,0.846,2.8895,3.5511,12.6925,10.4931,11.0013,12.0364,3.2503,9.1148,11.3428,4.8968,5.4535,6.4832,11.0049,9.5925,1.1134,3.5455,6.8761,7.652,5.7941,1.6944,3.1051,10.7168,1.8857,7.1101,4.0872,10.6759,3.6263,4.8021,9.4959,3.9387,2.1653,9.6764,12.7896,5.2547,2.918,9.8181,1.0738,2.7703,12.6959,9.0475,4.0009,7.2466,4.409,10.7163,2.7721,10.2325,11.0366,3.3882,6.4385,4.4925,6.6116,3.1795,10.0092,8.4478,6.8363,1.4104,9.7554,7.419,11.0465,5.4056,5.3026,10.2356,6.5504,9.7011,2.7404,11.9912,3.947,6.3838,9.8704,2.7235,3.6944,5.0999,11.2907,5.0026,6.2731,6.7495,5.004,9.0943,1.9082,2.4069,9.4102,2.86,4.6499,8.8959,5.8402,3.1093,6.4201,11.8999,11.7299,10.6687,2.9274,11.1574,4.83,10.2345,9.1728,8.8083,3.7881,6.301,4.6151,5.4653,10.1988,1.5548,3.4228,4.7824,6.0261,10.3876,7.3598,3.3802,4.3137,9.2825,3.1409,10.4845,10.2527,9.072,12.4163,4.1931,6.0799,6.922,2.2813,6.7694,5.8473,9.6119,11.251,4.8754,3.7043,4.5616,8.9643,9.8514,9.3604,8.419,10.6172,3.1449,10.4212,5.4578,8.4528,5.5877,8.1093,9.6353,3.0148,10.5631,3.1255,7.6366,12.8301,4.0919,6.4101,10.741,2.1014,0.9596,10.5463,0.6389,3.7237,9.1291,9.6445,8.9011,2.871,7.7704,5.4735,10.2928,11.5887,10.9358,4.4897,10.5587,10.8338,1.1945,5.0784,4.6731,2.8658,11.4642,4.1915,1.9001,4.3061,0.7649,12.091,6.764,8.1054,10.5593,6.1531,3.6994,4.5531,4.0865,10.8983,2.9764,4.8078,4.8087,10.0865,7.1103,1.5224,2.6935,12.2855,11.6494,3.2494,4.9627,1.7022,6.4256,6.4882,2.8114,6.6828,1.4287,4.0588,8.4888,10.4539,11.5251,3.3425,0,8.3403,9.9626,7.0197,8.4927,8.5755,4.517,4.1303,1.9671,3.6116,10.5816,3.3293,10.7703,3.315,10.5883,9.3199,8.1909,5.422,4.2046,6.0287,4.2555,3.2468,2.9831,3.685,3.8263,5.3719,10.6291,4.1492,1.91,7.3013,5.0053,8.1124,10.4222,10.644,9.1962,9.9962,4.5444,12.639,10.6466,3.561,4.6393,4.2339,11.1642,11.3239,5.9806,10.5356,6.7455,3.0597,9.5969,6.1785,10.2684,9.6361,3.3746,7.9227,3.8356,3.5529,7.6952,3.5523,10.7309,10.9551,5.7332,10.8052,1.3397,2.8034,7.1844,3.7606,12.6013,12.0609,3.878,5.5716,10.3496,3.3025,7.1404,4.9654,9.383,2.8007,3.9935,5.451,11.8011,11.1027,3.4236,4.2214,9.3711,9.0221,4.0748,1.3959,5.7439,10.7246,8.614,3.8067,3.577,9.7116,5.4493,4.6908,12.3972,3.0096
"CYorf15A",0,6.7082,0,5.3273,7.0586,0,7.7952,7.4984,6.6418,7.2309,8.5576,7.7718,0,7.6009,0,0,7.9781,0,7.2458,5.4088,5.2842,7.0766,0,0,4.4664,7.205,5.7694,3.8324,0,7.2715,0.6178,7.7208,7.3309,0,5.2431,0.7253,7.1873,8.0554,0,7.5008,7.2411,7.4529,0,7.1382,0,5.1773,6.1932,0,5.8731,7.5882,0,7.7952,5.4466,7.3173,3.0063,7.6821,2.7649,7.9563,6.0661,3.1176,6.5023,7.2461,0,6.1936,6.8098,7.45,8.7673,7.7936,2.3563,3.4459,6.825,1.41,7.9108,3.0792,8.0751,8.528,0,0,7.7276,7.242,0,0,6.934,4.2194,6.7058,0.5334,7.6424,0,6.5953,4.2862,7.6332,8.3254,6.6978,0,7.5437,0,7.3849,6.9524,0,6.8044,8.3994,7.5288,1.0738,6.1764,0,0,6.6192,7.1788,6.6091,5.2465,7.9878,0,0,0,7.3131,7.1376,7.5108,8.0865,0,0,7.54,7.5122,0,5.8025,4.5925,6.6541,6.6363,7.7106,6.9261,8.1942,7.2927,0,7.8651,8.8795,5.3505,8.0727,7.7243,7.1751,2.2703,4.1652,0,1.0895,7.1619,0,3.9371,6.7538,0,8.0486,7.2885,0,7.1732,7.3099,0,0.6237,2.0582,0,7.2956,0,0,0,7.5149,8.3349,7.4044,7.6718,7.597,6.8181,7.8692,8.0009,8.5255,6.8706,5.9687,0,6.9552,0,8.1868,0.8772,6.6322,0.5174,0,0,0,7.226,0,6.9892,0,0,0,6.852,3.9671,7.4381,0,2.9924,5.1458,7.9789,7.8663,5.4454,3.2441,7.5645,6.4807,7.6497,0,0,6.9136,1.6788,8.028,0,6.9084,0,0,2.5889,0,6.2386,6.9727,7.5732,6.9932,7.8205,6.9753,0,0,7.2125,8.1344,0,2.0899,7.668,6.2745,5.8804,7.8417,0,2.5738,0,7.9248,2.8335,0,0,0,7.6174,6.4884,8.0325,6.6881,0.624,3.2428,3.833,8.6761,8.2609,7.4462,0,8.7062,7.1977,0,0,7.2486,2.1471,7.9306,3.7824,2.0972,0,7.0387,6.8511,7.4537,6.5354,7.451,6.7528,5.2087,0,3.813,7.4899,0,0,0,6.515,0,0,9.2247,7.1937,7.0627,7.1969,6.5368,7.3571,0,0,0,7.1104,8.1325,7.2903,7.1146,0,6.7934,0,8.0177,5.9562,0,8.1152,7.1166,8.2923,6.4653,4.7778,0,0,7.8279,7.2771,0,7.3336,6.8898,2.9169,7.4718,7.1793,0,0.7081,6.4242,6.9872,6.4492,0,0.6289,6.8896,8.555,6.0267,8.1176,6.422,0,1.1864,0,0,0,7.4699,6.5978,6.7149,7.447,0,0,7.6587,0,2.2712,7.5515,0,7.7562,0,7.1857,7.4558,7.8139,3.1613,2.9999,1.8932,4.4306,7.1048,7.6657,7.3096,7.256,0,4.3032,3.1637,7.642,2.1996,7.0348,7.9446,0,6.8304,7.6016,4.9118,0,0,0,7.7186,0,7.0305,6.2224
"HSD11B1",11.0189,12.4002,9.5319,14.8444,6.5079,9.2866,9.4886,10.1589,8.3739,8.6592,4.6544,10.8216,6.997,13.1835,7.8424,7.3251,14.0426,5.4946,11.8644,15.2567,5.9803,15.4317,11.5745,7.7386,11.1832,14.9724,7.4726,8.4801,12.3209,12.7259,13.7466,14.9788,8.9315,12.2038,7.3246,9.2196,14.3197,8.2115,12.4418,14.4238,12.6376,9.0932,12.5747,9.8943,7.1405,8.7472,12.8424,10.1576,11.2801,11.0958,11.0082,15.1946,4.8175,13.4268,14.0213,13.9579,10.7383,11.3126,11.9772,11.62,12.2882,9.7865,13.5628,10.426,13.4589,12.8402,16.6031,15.3772,12.6374,14.1587,5.8833,12.606,12.3872,6.0295,9.3384,15.4777,3.7537,11.6634,4.6063,9.0758,11.7152,4.4824,12.5472,10.8122,12.1561,8.2827,13.8631,11.84,15.7835,10.4592,15.7493,5.0383,12.8976,10.3388,13.0997,13.9007,15.2381,9.0494,9.7152,9.7313,14.832,13.4713,9.7363,13.037,6.761,10.0308,13.3051,13.8171,13.0373,11.0526,14.2979,4.4751,14.435,13.7903,13.4654,11.1027,10.4155,14.2085,5.9194,10.7249,14.5074,11.4209,7.9876,13.2205,5.6792,5.844,13.3202,3.9777,13.1104,9.057,14.7964,5.2604,13.3987,8.2597,8.0143,6.4508,15.5672,10.5097,4.9815,11.2101,7.8381,11.2371,14.1923,11.2184,6.0796,5.2254,12.5489,12.5638,15.2318,6.2446,4.7044,8.4382,10.1957,14.9525,6.7906,12.2201,14.2434,11.778,10.0335,5.2562,10.1931,8.4099,13.551,14.1149,14.5561,13.205,13.9316,13.3711,13.311,10.8243,10.0637,3.7307,12.583,4.3514,15.1315,15.6671,13.4368,14.2145,12.1186,12.1942,9.2938,10.114,11.7945,10.2235,14.5508,10.5615,4.3316,13.6619,9.313,11.5815,13.9497,10.8981,12.3447,11.7193,12.227,14.1874,14.6231,11.5094,15.8667,10.1263,7.2554,13.3825,14.0394,6.4131,8.997,7.8727,14.4397,7.7322,7.1037,13.3473,14.1461,9.5656,13.2676,14.0305,5.9072,14.5415,11.4541,4.3923,10.634,11.1443,15.0755,13.4138,6.7025,10.5667,7.4739,12.168,11.7756,7.3727,11.1329,15.0045,15.0265,12.9382,10.0442,7.8925,10.3852,5.1357,13.1372,13.49,12.7899,6.4255,13.5471,4.1525,5.1295,15.5826,14.4327,6.6783,7.2321,13.5669,13.185,9.2196,5.6451,10.1191,13.071,15.1904,4.8514,10.9913,15.5623,13.7489,11.084,15.204,12.1078,13.6401,4.1993,12.9353,13.2188,8.9606,11.5218,2.9811,8.9742,13.3709,13.5379,6.1639,2.9647,12.9609,5.4246,14.5403,12.7663,7.9618,15.2778,10.8883,11.6292,7.6069,12.841,8.2397,6.0857,6.7181,8.9981,9.3469,13.733,13.1869,13.6977,16.3427,14.468,14.7734,15.2737,6.0126,13.5243,10.0813,12.383,13.4287,13.8511,13.4304,10.6999,14.4233,15.5353,12.5712,12.3286,8.0093,3.3589,12.8758,13.6992,9.7579,14.3583,12.9946,8.6635,10.8748,3.9214,10.5301,9.749,11.6939,12.51,13.2595,10.7238,13.0839,11.6509,5.8949,11.0477,11.7586,2.9365,13.7887,11.3772,14.5231,13.9947,3.6348,12.668,7.357,12.1487,15.0362,12.8203,10.4751,13.4121,8.7054,5.0022,7.1264,14.5498,9.6275,13.5907,4.6915,7.8023,16.8416,14.493,4.844,12.7044,12.7658,12.377,9.6296,13.8732,8.2276,7.515,12.2169,7.2175,16.4291,13.6752,3.4924,12.4912
"CNTFR",5.4949,5.9046,6.3454,4.7602,1.0597,0.7667,4.0337,3.193,9.7786,1.6865,5.8515,7.8061,0.7592,4.1772,0.668,2.1795,1.1022,6.2562,0,6.7753,7.9544,4.1321,4.6972,11.2613,3.4363,1.0861,0,1.3382,6.6291,7.9326,2.9906,0,4.9867,2.2902,4.2807,3.4329,8.8127,6.3077,9.8941,0,3.8852,2.1318,5.3898,2.9555,4.3451,6.5905,3.9481,9.453,5.5678,9.7833,11.0152,3.8262,6.2003,3.7685,1.0036,0,9.6436,2.606,0.8217,4.4672,4.0208,5.2072,7.5925,4.2178,4.9693,2.3183,0,0,4.1756,5.1896,5.306,6.1752,2.0149,8.5377,8.5803,1.6119,4.0148,7.4295,4.8448,6.4786,0,0.6718,6.6806,6.1602,3.7628,1.8812,2.6852,9.849,2.8206,4.4055,4.2007,9.4741,0,0,6.7187,8.5272,0,9.727,3.895,8.8993,6.5531,1.7571,5.0938,0,0,8.443,7.9893,10.2185,5.7401,6.9383,5.3109,1.9524,1.0882,1.1268,2.07,9.2853,5.7294,2.7889,10.7542,6.9151,9.4998,2.3632,4.9231,4.4299,3.0316,7.7887,2.277,7.9571,4.7901,1.563,0,0.9424,8.8831,6.0729,4.2704,0,0,1.7208,9.6141,4.6439,1.1328,10.1205,0,8.9293,11.0336,3.6153,8.0628,1.1713,1.226,11.1917,11.2899,6.6188,6.8706,6.9452,6.3615,6.8188,4.0612,7.2602,0,10.5375,7.5344,8.9461,0.6872,2.706,1.7115,4.1111,2.3736,5.6279,4.516,8.0771,9.1064,9.7604,1.3477,1.7455,10.1058,8.5151,3.3398,1.1979,0.7362,5.9262,1.1378,6.5336,8.7194,0,9.0286,8.5801,5.3256,6.0159,1.3302,0.8207,7.6129,10.2135,9.1031,7.9088,0.6185,3.988,7.473,6.6864,0,3.8147,10.4175,7.0206,8.4149,9.0969,7.0774,9.3627,1.8382,3.658,3.8078,7.67,2.8685,7.1173,0,0,7.1712,6.4019,1.2369,3.6884,8.3154,3.228,3.6529,7.5925,5.0218,6.2324,7.9307,9.7091,0.8942,5.0092,8.9601,2.2827,0.8324,4.8226,4.6113,7.2271,3.8025,0,1.9433,4.0343,0,1.0582,1.3185,3.162,9.6001,0,4.1454,4.5754,5.9555,1.3373,2.4599,8.4006,4.8947,5.8216,0,2.0137,5.4827,9.2133,0.6483,2.4335,2.0019,7.764,5.1158,0,10.5882,6.0659,1.2051,9.1744,0,7.4896,5.8284,2.2859,7.3181,3.9998,3.2492,10.1997,5.3915,9.0931,2.3584,4.2062,10.9138,7.5655,0,7.9316,0,9.229,4.2631,11.7329,6.6123,10.6019,6.9596,0,2.7359,0,3.8764,0.5256,1.4765,5.6998,7.1163,0.4792,0,1.9868,7.6171,2.2324,9.5176,1.3994,3.934,1.3156,1.0652,7.2582,0,2.1432,0,9.3052,10.0828,7.5176,8.4898,3.3181,2.5153,2.0492,7.3693,4.2373,9.5693,1.435,6.2192,1.982,0,2.8669,3.1293,8.3842,10.4481,6.9377,8.8908,9.2926,2.922,6.4091,2.1974,1.9864,7.2865,9.1786,5.1185,2.2227,4.2274,10.1584,6.2091,3.3178,0.8895,5.6254,0,0.5143,4.9284,3.1637,2.474,1.8346,1.3858,9.508,1.0619,0.8174,10.5549,10.0417,4.6952,10.6518,11.1345,0,6.2515,7.3785,5.9753
"MT1H",7.5024,3.121,6.0192,7.2778,3.2744,6.2488,5.3244,5.7109,0,3.7229,2.8168,2.2705,5.0073,5.708,2.1807,1.8161,5.6853,0,2.7733,3.5603,0.99,0,0.625,3.0367,2.9165,1.0861,4.4977,2.4815,14.582,1.0316,1.3804,6.1786,0.4895,6.1895,5.6344,10.9287,10.895,4.0456,0.8286,0.5265,5.5457,0,0.8025,6.4285,10.7161,3.2224,6.1773,7.5748,0,9.3423,0.8751,4.6422,5.4163,0,0,3.2444,6.2216,3.2046,0.8217,0.9708,6.8567,5.8783,1.2827,9.3739,1.4771,0,1.4585,1.9483,5.6735,2.6917,5.5058,8.5529,1.7795,9.0339,3.3089,0,11.719,11.2128,7.1559,1.9008,0.6616,0.6718,9.2423,2.8524,15.0009,2.9466,10.2583,1.6129,4.4522,6.3536,8.0248,1.1054,3.8432,3.317,9.7401,9.223,0.6607,3.6131,7.8426,6.5826,5.6174,0.482,8.47,4.8037,2.7807,0,9.5164,2.9951,0,9.3699,6.3216,0,4.1151,2.7905,5.5566,3.4499,5.4087,5.2508,3.3288,4.233,0.72,1.4104,3.9408,7.8052,5.1082,0.9566,3.6485,3.1069,8.9929,0,1.2754,0,5.8409,5.4362,2.3553,7.703,1.0961,11.2347,0,1.5273,1.1328,11.2492,9.1144,0.7977,4.2189,4.078,5.2544,0,3.1755,1.465,3.1766,6.1224,5.0866,4.6321,2.3839,2.0461,7.8441,0.5544,1.5005,0.9851,3.1812,2.2196,7.0331,2.5904,8.9458,6.0315,0,2.8992,14.5795,5.5502,5.3359,5.7755,0,2.3555,8.9746,3.5703,1.4531,1.6585,0,0.7721,2.4334,1.7249,3.5,5.4138,2.2813,7.6608,0.8733,2.3312,3.0996,5.6228,0,4.6641,5.5506,4.9,6.4637,5.1756,6.4864,3.8954,1.3152,7.6497,2.1495,0,11.6206,5.5105,6.8559,2.5237,0.7171,4.1565,6.7324,0,6.422,3.6677,0.556,4.4137,5.9834,2.5883,2.1349,2.6793,4.2005,2.9441,2.871,12.7761,5.4378,8.3886,5.293,3.9231,1.8383,0,3.8289,3.229,5.4573,0.6389,1.1,1.1669,5.8632,5.2948,5.884,10.2224,2.2163,4.4305,3.5797,1.4682,12.545,1.1368,6.0829,4.6028,6.5708,10.8815,5.5441,0.6786,3.4037,4.7944,2.2465,3.7824,2.4254,2.0814,1.094,5.1785,3.3242,1.0927,13.2616,2.9583,0,9.5106,3.6723,2.7633,1.4756,1.1039,8.2669,4.6754,10.4969,6.0635,0,6.446,10.4801,0,16.3352,4.046,4.4805,0,1.0918,13.7662,8.6948,0,3.6755,0.5098,2.6402,0,11.8497,7.7341,0,2.1549,8.5476,1.4636,5.6532,2.8666,4.5748,3.4911,3.7881,6.5139,12.1138,1.5108,0,2.7512,0,5.69,0.6287,3.4776,5.7817,0.6504,5.9668,3.6986,5.2945,9.7694,4.3535,7.0535,5.7105,2.0492,1.9648,4.9233,1.1935,0.8891,3.5919,2.9333,3.8879,2.3429,5.2237,2.1509,1.8056,10.6109,2.9754,0,2.8034,1.8826,1.8836,0.6713,1.9288,1.9924,9.7605,5.3262,6.4406,5.1816,0.4887,1.6184,6.1127,0.6755,2.1292,1.4399,5.1621,2.439,6.0301,0.5977,3.8523,1.25,4.4731,1.3359,2.4241,3.5473,5.8407,11.4867,2.5725,0,7.5012,3.2435,4.9439
"TMEM92",9.5428,7.0724,6.7802,4.5969,6.3003,9.3423,0.5014,8.344,8.0765,8.4161,2.4985,7.6637,9.2618,8.6411,7.7857,1.3294,8.1335,1.5653,7.1601,7.6099,2.6835,0.6509,9.5905,0.6785,6.3792,6.394,2.0082,7.8245,6.7422,6.9446,8.2658,0.5217,1.1454,5.4529,10.0718,6.0374,4.8393,9.5336,0,0,9.7785,7.2164,0,1.2335,10.5633,9.1252,9.768,5.409,9.2254,9.9504,3.8426,3.0341,10.6939,1.5332,0,5.7225,0,0.8341,8.9873,8.0287,7.0009,10.5254,0,8.9764,8.3707,0.846,2.9987,4.7405,11.6355,4.8402,9.2611,5.0582,9.9272,6.3813,5.531,5.2224,4.5966,8.253,9.6998,3.0907,0.6616,9.9952,7.7281,9.3284,8.5308,8.059,0,10.5677,1.5953,6.2774,8.3293,8.7819,9.4838,2.3741,7.8371,3.0889,7.6246,10.3207,4.3277,7.7831,8.3758,7.4361,5.1397,8.1687,4.3489,3.8703,9.3751,8.6057,8.7444,9.8927,10.1017,2.7529,5.3765,1.1268,8.6585,1.7999,4.0042,3.5542,9.2751,7.0178,6.5277,7.9351,4.6636,9.8899,7.8744,8.0101,10.4334,3.5199,6.2736,3.7419,8.9865,4.8862,7.3495,0,7.527,9.5608,1.7116,9.0254,1.5421,8.3763,0,8.5042,8.0131,6.0914,2.4344,7.405,6.8723,5.883,0,3.1574,9.4457,1.5397,8.0619,8.8341,8.815,8.4511,8.0379,8.7893,2.8275,1.786,9.4019,7.575,0.6872,0,1.7115,8.8467,6.355,9.0126,7.2181,7.6351,7.5771,7.9625,8.8659,1.9787,3.8458,8.195,8.7851,9.7253,8.5818,1.0438,2.0708,5.9157,3.3952,9.4924,4.3438,5.5264,0,9.6998,3.5976,7.4634,0,8.6257,8.002,6.2671,7.3267,6.3828,6.9642,8.9868,0,2.7229,6.5689,7.5297,7.8984,2.1052,6.4679,10.3459,2.4614,4.1886,5.4132,0,7.3956,7.7796,8.3316,0.9596,2.8158,7.4949,11.1102,4.0597,8.1414,0.8774,7.781,9.4533,11.4635,1.4753,9.9694,10.0202,7.9154,0,9.001,6.1545,0.8324,0,3.8228,4.2043,6.601,8.3003,9.0661,8.6724,10.1607,6.4525,0,2.8447,2.2565,4.9249,9.5797,4.519,9.3487,6.2588,7.935,4.8393,7.6108,7.771,6.6873,0,7.9155,6.225,5.9604,8.9918,9.8143,0,2.7251,7.3401,3.078,7.5413,1.2051,7.7593,7.2599,8.6369,0.5668,6.4093,7.4301,9.9517,0.6482,9.456,8.0252,8.4395,10.9057,0,0,0,9.4305,3.0991,6.3822,3.89,8.5658,3.8644,11.4384,6.4927,10.0389,9.7316,8.2741,1.7235,9.3047,9.4581,5.1484,9.0471,9.8424,8.0455,8.1214,10.0178,8.8266,10.6825,8.9488,0,3.934,9.2421,4.4791,5.3324,5.5158,5.885,4.8882,9.1654,9.1473,2.9483,9.0032,9.1455,5.9123,2.4314,6.403,10.4661,8.8709,6.1981,2.5554,6.7931,7.143,8.8284,10.1953,6.7597,2.1136,10.5894,6.3617,0,0,0,0,4.9914,9.3165,0,9.6904,8.096,7.6557,0,6.7036,2.362,9.188,8.6753,1.7003,2.1461,11.0895,4.4744,8.0071,2.1996,3.4875,6.5123,2.2651,2.9745,2.4241,2.7947,8.1859,6.8591,9.5849,0,8.9932,6.5436,8.2193
"PPP2R2C",2.053,0.8237,0,0,8.4318,5.2808,6.6124,1.1719,0,1.0768,0.9488,0.9681,6.9573,9.1595,1.7466,3.333,0,6.4464,0.9802,8.5105,8.4042,1.7139,8.2839,5.5981,7.3737,8.4195,5.0797,1.603,7.9986,0.6061,1.0489,0.904,1.5946,9.9091,2.7865,1.5656,0,7.1814,0.8286,0,7.8466,1.7027,0,0.7448,2.0774,6.9983,8.7881,2.6753,0,1.5245,10.5571,3.3203,4.2579,0.7061,1.5898,0,1.4537,1.3593,1.7235,0,0.9033,5.1449,1.9508,9.1054,7.0998,0,1.1147,8.9131,0.6678,11.4203,7.4244,10.1203,7.3577,7.5879,9.6117,8.3454,2.6673,4.8745,6.2235,4.3801,0,0.6718,7.9359,7.977,1.9238,1.2276,1.8937,10.0874,1.2312,0,9.1739,5.3683,2.3235,2.1974,3.5077,0,0,9.3569,9.2686,6.7546,1.0656,0.482,2.4383,0,9.0754,3.8703,1.8432,4.8838,0,3.9177,0.6136,3.7065,0.6444,0,7.7547,0,4.2084,7.9237,10.048,4.3773,5.6861,0,3.4578,0,7.5938,4.3084,3.12,0.9649,2.6903,1.563,0,10.6133,2.1486,5.3831,4.0086,0.8486,0,0,7.2363,3.4439,0,6.8865,5.7844,8.8086,3.9371,3.4059,4.3658,1.4165,1.226,6.0281,0,0,0,4.6632,8.8648,9.2353,3.9879,9.1282,0,4.971,1.5173,0.6064,0,0,0,0.7721,6.1625,1.1966,9.0809,0,2.2666,6.5626,0,5.6725,0.8375,1.8117,0,0,2.6613,5.2132,5.286,1.1061,1.3712,6.2728,0,0.6939,3.2203,0,1.0069,0,0,4.2679,0,7.54,0,1.5981,8.3002,0.6812,0.5812,1.5197,7.2281,1.5666,0.8208,2.7014,2.599,9.4139,0,0.8493,6.5035,1.0024,0.7659,8.8497,1.2694,0,1.5154,0,1.2369,0.6234,9.2581,1.8119,0,0,1.6652,2.9123,3.0236,9.3423,0,4.4141,8.2879,0,1.3569,5.3218,1.1,8.9488,0,0,2.8601,0,9.2179,1.0582,7.0167,0.9133,1.6595,0,6.9799,0,8.2857,0,1.193,0,6.0406,3.3098,1.5224,0.6849,9.5342,6.8,0,1.5293,0,1.7073,0,0,4.0984,0.8844,1.2051,1.2912,0,7.4803,0.5668,0,0,8.0961,1.7088,8.5546,1.5613,0.8115,1.0229,1.9671,1.0856,0,1.9368,3.2502,1.2119,2.6286,0,5.8425,0,0.6985,3.8344,8.0821,2.5155,9.2769,0,0.91,0,4.1693,0,0.4792,4.8129,0.7998,4.8256,1.159,5.4712,1.3994,6.9595,5.3295,10.2169,8.3631,7.6665,0,0.6228,3.6986,10.5765,0.8795,8.9736,1.6186,1.8563,2.2529,0,1.1864,9.0585,0,0.7229,4.0435,0,8.7199,6.6689,9.2149,8.774,8.7713,6.0491,0.82,2.3748,2.8169,0.9235,9.0977,7.6,1.1319,2.3359,7.2878,0.9511,1.8932,5.5659,0,0,0,1.0874,8.9076,0,5.2867,0.6503,4.0357,2.8977,0.7563,0.6265,0,8.2759,1.989,7.5193,0,0.6947,0,0,8.2739,0.8349
"SPP2",13.3505,10.0759,10.6412,9.3054,1.0597,10.4208,8.3488,11.0973,11.4355,11.9332,11.7669,12.1531,8.9885,4.2654,9.9604,6.7604,8.6969,13.1851,10.8375,11.0425,9.0911,5.7402,10.1502,9.2931,7.7184,9.7586,0,8.8708,7.9921,8.58,10.9211,9.1655,9.2591,5.2951,11.719,11.7548,13.1972,7.9462,12.5894,8.4172,11.6038,12.8708,13.4765,11.4279,7.9411,11.0813,10.899,7.99,14.8738,9.0161,9.1247,12.6539,2.2099,11.4029,11.7081,7.6487,10.0928,11.12,10.995,12.4463,12.3957,12.3444,11.8146,9.2687,10.8193,12.6369,7.759,11.1264,8.2375,5.908,4.3807,9.2915,11.0245,4.4454,9.8628,10.6072,13.2532,7.5515,3.4879,12.2212,9.0336,1.1284,9.1751,8.4743,12.0431,4.7276,11.95,8.947,9.9467,9.3896,10.1285,3.9263,11.3022,7.5598,11.9829,12.0781,6.6736,8.5119,9.3224,0,11.91,6.1298,4.0417,10.1731,1.1206,9.8218,7.7878,10.9152,12.0462,7.7994,12.1656,6.7519,11.9662,12.4546,8.4446,12.1197,10.2154,10.2395,6.4382,11.3368,10.5991,15.0628,12.0239,11.136,8.6685,12.2857,10.5769,9.2833,10.1117,10.5503,10.5094,0.9424,8.4899,10.0384,5.4444,4.4474,6.4785,11.6622,9.9727,12.5823,12.9492,7.2811,8.076,11.4745,9.1262,3.6153,11.4624,10.2734,10.4209,1.8643,5.297,13.4794,9.407,9.2294,6.584,7.9783,10.0074,10.178,12.7051,12.3347,10.2106,10.3043,9.9017,10.0072,9.2161,11.2069,10.569,7.1545,8.9018,10.8383,0.7096,10.3146,8.2617,9.8117,7.5984,11.3688,8.768,12.4258,9.7424,11.9413,0.4856,12.075,6.9994,11.1782,10.1734,11.4094,11.6419,11.7535,7.4358,8.3415,12.1102,2.4192,7.396,12.198,10.1611,11.0505,11.3125,10.5239,11.7668,13.3107,7.1193,12.1821,12.7923,7.9161,6.7915,9.5297,11.8736,0,7.2951,12.6132,10.6317,10.6209,10.9184,8.0682,13.5173,12.9329,7.0658,12.7159,11.1865,10.9734,13.1861,12.9539,3.5678,13.1123,1.603,6.5069,10.3387,13.4585,5.2008,11.4057,9.2853,6.1872,13.5162,4.3872,13.7297,9.5865,11.5848,9.3364,7.3481,6.1568,7.2889,11.0464,1.0562,9.4611,10.8125,11.1106,7.8734,7.3873,10.6943,8.2293,1.7026,9.1898,7.524,10.8796,3.9777,0.6217,11.1461,8.8633,10.1434,8.9576,12.7595,9.7474,7.7772,10.8523,13.9877,7.6953,10.3316,3.0824,11.4755,12.8569,13.0127,0,11.2995,11.3127,12.4682,11.5383,9.3514,12.7223,11.7807,13.2082,10.5361,11.3447,7.9402,11.8258,4.0925,8.7194,13.7603,10.618,9.6891,9.9398,11.6799,10.4779,9.5118,8.3517,10.9586,10.1333,13.3085,0,12.4081,8.4632,13.2603,9.2761,11.1581,9.7291,10.4812,8.9363,0,12.0029,2.8425,11.4862,10.2546,10.7695,6.5102,11.3138,0,6.5991,9.1068,12.0501,7.6027,11.096,12.8333,11.776,9.7105,12.8016,6.0977,0,9.4954,6.0969,11.7279,11.1622,0,12.9753,13.2753,10.4364,10.8092,0.6713,10.5299,7.504,11.2041,9.1534,11.7765,12.6047,0,11.1336,10.3577,10.8281,13.9515,0.5143,10.0258,7.5921,5.9259,3.6198,11.327,10.863,10.766,13.2079,11.6149,12.8598,7.532,10.317,11.7252,11.2584,11.6375,5.3775,8.5103
"CRYAA",9.1694,6.1034,11.6237,11.8583,1.2361,4.6752,5.5714,6.9299,9.1515,9.275,4.6276,10.3555,7.3307,9.7503,10.5477,0,0,4.7264,7.0794,10.2832,4.762,1.4385,5.9351,5.2567,0.7889,8.8743,0,9.4647,2.8758,8.7766,10.8485,5.1812,7.2451,4.3079,3.5014,10.2636,8.7436,2.9,10.8945,8.5871,10.2499,11.5498,11.538,7.2319,7.2049,8.2687,5.9341,10.8095,12.2179,11.1385,8.6489,10.0844,3.9547,9.4116,10.0086,1.9356,8.3368,4.8277,10.3335,5.9643,9.5083,11.8188,10.1802,6.8345,9.9597,11.1306,1.1147,8.755,2.7838,3.1456,1.0716,6.4322,4.123,4.662,4.863,7.4005,6.2802,7.7544,4.6063,5.3205,11.786,2.3651,10.3949,10.1765,8.6154,0.5334,10.4637,8.3454,1.8857,7.8233,8.0665,1.5457,7.4965,8.3886,8.6701,0.7507,6.2019,8.8484,6.8784,4.5706,9.6634,5.1011,4.1354,11.4144,2.5104,2.8898,9.5052,9.1586,9.6923,5.4376,0,4.6502,1.0882,8.2649,8.4604,9.8248,8.8586,2.6721,1.7575,6.867,6.1739,9.9009,4.8312,10.3154,4.8928,9.0743,5.1232,0.9649,8.3878,4.8908,8.8391,0.5468,11.1249,9.4656,3.3433,2.537,2.3167,11.1729,6.475,11.2345,0.6748,3.4793,8.0259,6.6214,1.9082,4.1604,8.9164,7.6384,10.5044,1.8643,3.3869,3.5617,3.3973,3.1878,7.3712,8.4799,4.5423,9.5816,7.6158,8.9126,7.0443,10.6597,11.0304,7.9313,8.5147,10.6509,6.861,8.0823,2.0846,11.2793,3.7768,4.1183,9.636,1.4672,0.8375,8.3983,8.5156,4.3513,10.2823,6.3204,0,7.1519,7.4492,4.003,7.8581,9.4155,7.3871,11.5163,6.5986,9.8642,11.1689,3.1421,9.1348,6.1857,8.7672,7.1994,8.4367,9.3847,7.6926,10.0291,3.173,8.7787,8.9343,10.5351,4.6601,7.9016,10.6221,0.4863,4.358,13.5096,9.9213,2.777,4.5298,0.5582,6.0354,9.0136,9.0723,3.963,2.9526,9.5558,10.3605,9.6263,2.0899,9.0509,0.594,8.4751,9.6101,5.7735,6.9892,2.4621,10.9732,6.4488,3.076,4.2043,7.7318,3.401,10.3263,10.839,1.298,1.8897,4.6383,7.8933,1.6595,7.4939,8.9339,6.5576,4.819,9.2566,3.7245,10.2458,5.9645,4.9939,7.4981,8.0615,2.6925,8.4996,8.4414,8.0298,5.4033,5.4234,11.7938,11.4501,2.8487,10.3326,10.9778,4.4103,7.8886,0,3.4733,12.3842,7.6876,0,2.7381,8.6451,6.6512,11.8706,7.2835,4.7125,8.9442,8.2651,10.1131,6.4287,9.4039,5.1287,2.2471,1.8252,8.6157,10.7433,7.7364,8.074,10.7689,1.7235,3.5788,3.9949,6.9681,2.8666,10.0337,7.3689,6.9567,8.5079,9.1631,9.4515,10.3414,10.6656,9.474,6.3904,2.2701,5.3549,1.3466,9.1049,5.584,5.3379,7.782,12.0428,4.4189,9.5612,8.9733,9.4005,10.9206,9.7518,8.0135,7.8731,2.1946,2.6237,9.491,0,7.3866,2.1509,9.8434,6.979,5.5474,5.6213,9.4868,11.7446,9.7132,1.1276,10.051,9.7211,8.8555,10.4501,9.5747,11.2397,1.3857,5.4525,8.1799,5.4978,9.808,0.5143,5.2662,0.9143,6.5779,1.6104,7.3569,9.2886,10.5714,9.4806,11.3572,4.7619,7.9816,10.3157,12.0275,6.4004,9.2915,3.1008,7.0686
"NPTX2",4.3145,0,2.298,2.4195,2.9082,3.5262,12.7093,0.7019,5.5256,4.8723,2.4985,4.8446,2.8545,9.6729,1.4682,7.5972,2.7514,3.6731,1.5585,8.9491,4.4071,4.7669,6.2752,1.1382,8.7459,2.1273,1.4475,6.3753,5.8306,4.0127,11.182,1.2059,6.9237,10.0508,3.066,10.3103,5.767,7.6352,0.8286,0,1.5253,1.7027,4.6329,2.5185,3.1782,7.9821,6.0258,11.7199,1.4434,12.0982,9.4751,1.9987,3.5704,2.9901,1.0036,0.9574,0,9.563,3.3518,0,5.18,2.2948,1.9508,4.6305,1.7564,1.7623,1.736,4.7786,4.7177,1.7609,1.0716,11.4411,2.5524,10.2414,11.085,7.0286,0.92,10.2437,7.6821,5.2956,1.457,10.9111,4.0289,7.7316,2.9974,2.9466,1.061,8.1913,2.8206,7.0472,2.3711,3.6457,3.1717,3.6954,6.5951,5.9324,1.1122,7.7598,8.4516,9.4271,0,4.4349,14.0182,4.0254,8.7686,6.6722,1.3521,8.9854,0.9413,2.9487,1.0428,9.8626,3.7428,2.7905,3.9141,1.7999,7.1996,1.8823,4.3254,0,5.7219,0,3.0859,6.2762,4.931,2.7321,0.8233,8.9106,5.4604,1.2036,1.5332,9.8235,5.617,2.2189,8.9461,3.5121,5.7674,3.1758,9.4981,1.5273,3.3981,11.4163,4.8103,9.5386,9.4666,1.5783,6.1008,0.8755,0,4.2844,9.3443,1.1837,3.8189,6.5714,6.2658,7.9328,9.4473,9.2274,2.8275,2.1467,10.6608,13.7052,1.1508,0,7.0044,3.247,2.3736,3.2323,1.39,3.4522,5.9241,4.2571,2.844,0.6675,0.8375,5.0356,1.4531,3.8879,7.8457,11.1691,7.7989,4.0992,3.5,3.5119,9.0861,3.984,2.583,0.8532,10.034,3.5519,0,0,4.834,3.0069,0,4.3163,5.6595,4.5063,2.5755,4.4903,9.3198,3.2483,6.4903,1.071,4.0158,9.0224,2.0771,8.854,9.42,0,3.8386,0.6156,1.2694,7.598,0.5506,1.4175,3.9933,6.1877,11.7608,0,0,5.8329,2.4177,3.8728,9.2784,8.5694,0.8942,7.9228,13.2061,2.8959,0.8324,3.3094,3.9878,12.1843,2.9024,2.3501,8.8782,1.6313,2.773,0.624,3.1648,4.7815,3.4216,1.9991,5.7629,3.3415,7.2634,0.8184,1.8369,4.2493,8.5988,3.4063,4.69,0.6849,6.7563,11.9201,3.9773,4.6738,5.0899,4.5642,5.5677,1.7037,10.8789,3.1067,0,4.5506,4.9253,2.3284,0.5668,5.4898,4.7424,1.3823,3.9241,8.112,4.773,7.2868,2.0342,0,2.725,8.0202,1.7061,3.3869,2.3073,6.9098,6.0628,6.8082,3.8162,1.167,3.6117,5.7892,0.9587,1.1051,10.2815,1.2132,4.794,1.5301,3.8009,4.2573,2.7896,3.306,5.2762,3.7367,6.4548,1.3994,3.4858,4.4493,11.13,7.4165,0,6.005,2.0838,4.8807,10.901,4.0837,6.6859,5.848,0.608,1.5277,2.1649,2.2712,7.5955,2.9664,1.7122,1.6838,2.6709,3.8778,0,11.9058,8.3315,5.2839,7.1586,0.82,1.135,13.326,1.8836,7.293,6.7601,4.2831,2.3359,4.1791,0,2.2632,13.01,2.154,1.4356,1.1337,0,7.5978,1.8787,2.439,4.2214,7.3997,1.6557,2.5421,1.0619,11.3628,4.3681,8.1633,2.7982,1.7233,3.3615,3.7808,2.1848,5.3929,4.2498
"TMC5",4.7113,8.2332,2.6971,2.5443,6.3395,8.1902,0.5014,4.3522,9.4502,5.7468,6.2977,4.1091,9.6011,12.0812,7.4046,6.8514,9.6067,2.2983,4.6056,5.3697,6.2281,5.2927,4.9459,3.2338,4.0254,0.6429,1.8444,8.117,2.7578,2.0471,3.5471,1.8534,3.6221,5.9072,4.2249,1.5656,0.6786,11.9415,2.037,0.9113,8.0444,0.6451,0.8025,5.6337,9.5379,9.2707,7.3486,4.9114,2.6227,2.5861,2.7738,4.5344,8.2853,2.0556,1.0036,8.3317,1.1106,3.532,0.8217,1.5459,1.8525,7.1541,1.2827,11.2813,7.4773,0,0.6625,0,5.6227,3.2002,10.1434,4.6457,6.5833,7.6342,7.8536,0.7532,8.7722,9.4955,7.9006,6.6939,1.1134,9.9817,2.8338,9.2787,4.3618,8.5743,1.3948,9.0487,2.9521,4.5158,3.8294,11.8165,3.5462,1.7617,4.9529,6.7014,0,5.2366,5.9776,8.6193,0,5.7378,8.9414,1.2961,10.7475,4.9752,7.657,4.2767,2.4857,12.1183,7.6875,1.9524,10.2285,2.5198,6.9598,0.8697,7.5236,1.0529,7.2475,4.7921,1.8436,1.4104,7.8421,3.3413,4.1495,5.9132,4.0345,2.7467,8.4959,2.779,3.7851,2.9842,3.2082,3.4491,10.5508,11.0877,0,8.8061,4.3756,1.2701,0.6748,8.9266,5.2638,4.0447,2.2794,8.6741,8.5278,4.0755,0,2.4333,6.6213,2.2674,1.5786,8.0641,9.5116,5.9181,2.1056,7.3164,0,0.9851,4.4254,3.1437,0.6872,2.8129,0,7.4406,7.6057,9.8489,0.8563,2.5783,5.4452,7.7517,4.3981,6.8977,1.7488,4.2787,4.5335,1.1979,0.7362,8.2922,11.4679,3.3536,7.5984,4.3687,8.3111,8.0948,0,2.5456,10.7795,8.4561,1.9012,9.3593,3.3469,5.9267,6.4811,7.6753,3.4301,5.3936,1.5774,3.4945,6.4791,1.8544,6.0308,1.071,6.1147,3.1243,2.8951,8.1638,8.7573,3.1741,4.6731,7.2083,1.2694,2.3928,2.238,1.4175,7.6999,1.3904,10.3979,0,1.6347,5.7279,9.4292,6.2991,11.2917,11.0746,3.1256,3.1671,7.7154,4.8433,1.3569,1.0801,1.4411,9.9528,3.56,0,7.4712,7.2812,7.14,4.993,0.583,7.0608,8.979,1.4847,6.0965,6.2113,3.3328,2.0191,8.7926,1.7666,11.4554,6.7999,0.9533,1.1475,9.0792,11.3731,1.434,6.4661,9.2193,1.0927,2.6093,1.3248,5.4733,8.6752,4.0588,9.3204,4.5399,10.8757,0.9727,2.8994,4.3096,2.4019,1.7088,4.4192,9.0704,1.3277,3.2104,0.9781,1.6981,0.9438,0.6468,9.0103,6.7849,3.7732,7.8123,4.7699,6.2892,0,10.3878,6.6078,5.0886,1.7235,1.902,4.8202,1.4765,9.1641,4.1492,4.5027,5.0022,7.8121,4.0761,4.1413,2.2248,0,1.0146,6.2375,11.0445,8.112,2.0308,0.6504,3.2687,3.4576,7.9666,2.7821,10.1804,7.5229,3.818,0,10.3157,9.4593,1.1935,1.435,2.777,3.0663,6.1915,9.757,7.1283,6.6254,4.2072,9.4234,10.9943,2.4835,1.7623,4.3083,0.9235,10.8108,7.3122,2.9171,5.745,7.0819,1.7369,3.1929,1.5927,8.1565,2.3958,3.3157,1.7003,13.6675,11.2833,0.9143,8.1898,2.7327,0.6208,4.1326,2.5594,1.7166,0,2.5239,8.7993,0,0.6947,0.7112,5.4912,7.8851,1.3603
"CLDN4",8.9755,4.5201,8.2947,6.1317,9.9895,10.5787,12.832,8.3797,6.189,10.4569,5.8162,5.8673,11.6768,11.8846,10.4509,8.9563,5.8664,8.7052,5.2091,6.4111,11.6475,5.3136,12.6525,9.4672,8.316,3.3985,3.2024,10.7226,9.8369,10.3386,4.793,2.6385,5.3857,9.3244,8.9299,4.27,3.8889,12.1772,3.6598,3.9572,10.7386,9.815,4.4969,6.7785,8.3066,7.2384,4.0907,10.6303,3.7968,5.7428,8.575,7.7234,12.2293,8.5645,4.0943,3.2444,8.9082,5.4353,11.7922,9.9025,8.6875,4.6112,3.6396,13.9783,11.4922,10.7525,1.9686,1.9483,10.7252,9.2147,11.517,12.3151,11.102,8.2745,11.6725,4.3359,1.8782,4.192,11.9046,10.8602,1.1134,5.9285,9.6272,4.6942,8.8076,10.0561,8.1689,9.574,4.4071,7.7575,10.1366,11.0464,11.6843,4.493,11.1268,7.2659,4.4915,3.2078,13.1431,3.63,2.6927,10.4141,4.3063,3.283,13.2752,3.2951,8.9309,5.0586,8.769,10.1902,4.5067,3.1758,4.8088,4.5541,8.3488,4.4385,5.973,7.7255,10.0428,9.1161,5.2439,12.9074,11.4011,7.7978,9.1598,10.2461,10.5378,4.1807,9.5286,5.1772,1.7518,13.553,7.9477,3.8656,11.6733,3.4071,5.2684,5.1934,11.8077,6.6815,1.1328,4.8955,11.6432,5.4776,3.6512,13.5904,10.236,3.4059,4.3036,3.5315,10.0234,3.1093,10.794,4.7235,5.5348,10.2956,3.743,5.8738,3.1583,11.2424,8.7627,4.8687,6.3816,5.2158,3.2236,6.6453,11.392,2.2857,9.6871,7.5653,4.1822,11.2535,11.2533,6.0508,3.6785,8.006,6.0577,8.1735,5.6128,4.746,11.9261,12.5858,7.0692,11.8284,5.6779,10.4,3.8391,8.2063,12.9835,11.0575,5.6188,11.9901,10.1521,10.8042,9.195,10.1004,4.7238,10.1392,3.2378,6.5459,8.9605,11.7801,9.513,10.3321,8.1383,11.6484,4.3897,8.223,12.0362,5.3969,6.8822,13.0349,3.9613,11.4376,12.0368,2.5883,11.2284,4.8087,10.958,5.5557,3.5269,8.7493,11.0427,5.9572,10.6366,10.4094,10.0294,5.4048,9.1773,11.0225,2.2937,4.8508,4.1821,12.3242,1.0562,5.3441,6.3842,5.3526,12.6889,3.1885,9.261,4.414,6.6942,5.1364,10.1164,2.9731,6.1524,1.7181,7.3662,6.421,8.3523,10.0367,2.6205,1.4972,10.6898,4.8316,5.2857,5.1785,4.6889,4.0755,8.6819,6.3221,6.8159,3.2419,5.6236,11.6664,3.4323,8.6535,1.7682,7.2375,8.6489,11.1285,4.6662,8.5445,4.5508,4.1989,9.8862,4.2062,4.4805,4.534,7.595,12.0002,5.5569,12.3669,12.5514,2.7938,11.3097,3.9377,7.9117,11.2717,12.0417,3.7722,3.5788,7.1771,6.1156,11.8622,7.9158,1.5705,12.2896,11.0638,7.8674,7.5436,5.6717,0.8631,4.3495,11.288,11.1926,6.8061,7.3353,4.8247,3.9613,6.9753,6.1595,8.844,11.5053,7.5011,2.5153,11.8001,10.5854,12.017,3.4977,3.9527,2.3863,9.7313,2.0241,11.7127,10.8154,3.9498,5.2006,9.4784,2.9754,4.2176,6.5683,13.4617,6.254,13.562,10.667,7.7313,7.9461,10.3909,7.8374,9.3048,4.608,11.7222,5.098,3.6259,9.8134,7.5623,12.5072,9.2848,6.385,8.0713,3.6814,11.1461,2.9119,6.2991,8.602,12.357,12.1619,5.538,11.5844,2.6083,6.8029,10.7783,9.6572
"PITX1",2.5171,5.4633,4.4177,0.9758,7.5675,1.9281,8.3851,6.2515,5.5705,1.9159,8.4657,5.0249,5.3389,6.9214,0,5.7263,8.1626,3.4325,2.5518,0,4.7356,1.4385,1.3932,9.5654,8.2101,1.4246,8.9156,8.9323,3.5791,0.6061,3.2557,8.1146,5.3288,9.5768,6.1952,3.5177,0,8.9565,0,0.5265,2.4285,0.6451,0,6.0115,9.112,1.9175,3.2959,1.6577,0,4.0013,8.6093,5.111,9.7459,1.8179,1.0036,9.0038,6.8909,6.6442,3.5539,8.4209,1.2051,5.4064,1.9508,8.3694,2.368,0.846,1.736,7.2257,1.4678,8.1615,10.4881,9.5236,2.8243,8.5886,8.7252,3.0944,0,5.2858,8.8798,4.1214,0.6616,6.2874,5.7659,6.2014,3.23,7.3559,1.3948,8.214,0,1.8173,5.876,8.2437,5.0463,0,1.1061,0,0.6607,5.5451,7.1134,7.4429,2.4255,7.2266,9.2286,3.1709,7.4399,4.7786,3.5692,5.98,2.4857,8.8706,0,5.3232,1.0882,0,5.7746,0.8697,4.6435,9.0256,7.3181,5.5695,5.9951,0,7.2778,1.0989,7.3263,3.8247,5.1855,0.5617,3.335,2.4753,0,7.6708,2.1486,8.8504,6.8671,4.9366,2.3167,2.152,9.1275,1.2701,0,3.2419,1.1053,7.5754,6.7153,4.7273,0.6006,4.9565,0,6.6632,9.0913,1.8251,8.1041,8.8186,4.4658,8.151,2.5742,7.5899,0,8.8374,8.2769,9.5033,0.6872,1.0032,8.1528,2.3915,3.5469,7.9641,4.8356,8.4197,0.7096,7.9213,1.6135,9.723,1.364,1.8117,9.017,0,3.2713,9.1002,6.7474,0,0,3.7783,4.2493,8.2897,6.7812,0.8532,8.1144,6.7172,2.0984,7.8052,8.4497,7.297,0.6185,1.2336,9.4801,7.5272,0,2.7229,6.7018,0,1.3408,7.8862,9.6634,1.4759,4.7067,9.7594,9.0399,4.6484,1.2635,2.3944,0.9564,0,5.5969,6.2412,2.3422,2.7962,8.7456,0.8774,0,2.3219,7.762,3.8728,9.0255,9.7281,3.261,7.9098,10.7371,8.2379,0.8324,8.7349,6.9332,6.9719,4.7499,7.4244,2.1424,4.3133,8.1236,0.624,1.3185,0,9.7818,3.6994,6.8494,7.1186,5.156,0.8184,4.7049,0.6786,9.8247,8.6835,1.5224,0,8.3076,9.373,4.76,0,6.9124,2.137,0,1.3248,9.1114,0.8844,2.2976,9.8297,0,9.2865,7.7492,3.7994,0,2.6682,0,5.7272,1.9734,0.4621,0,2.2868,3.7383,0,2.1356,4.9226,0,5.1523,6.2367,9.6891,6.827,0,2.0219,3.4335,0,0,1.902,3.6354,2.7955,7.4065,0,4.776,0.5781,1.9868,4.7097,9.117,1.3044,0,0,2.1617,9.7375,6.4355,8.2158,2.3181,0.6228,0.5843,8.1105,2.9483,9.8581,7.3867,8.2551,0,6.3526,2.6095,7.0119,0.8891,3.3372,4.4365,4.5385,8.6038,7.5652,6.2613,9.8076,1.1284,3.9886,0,0,6.3745,0.9235,5.2825,5.0569,0,0.744,8.5274,2.2428,2.0901,9.8005,6.1153,4.9062,4.8612,0,9.6247,4.7957,7.3398,2.143,9.7051,7.7944,6.0989,3.3569,0,2.6912,7.622,4.1958,0,0,8.702,0.7734,10.2135,6.38
"SMEK3P",6.6582,0.8237,0.8347,5.3446,7.6862,3.3389,0,0,0,3.9979,7.7162,7.5132,8.1118,0,1.1229,0,0,0,7.8121,0,0,3.9311,5.5065,0,8.1632,0,0,0,0,0.6061,0,7.6253,0,0,7.3703,1.8533,0,7.0255,0,7.7689,0.7015,0,8.2787,0,0,0,0,8.1518,0,4.8655,0,8.5249,0,0,0,6.797,8.0549,0,0.8217,7.8116,8.4567,0,0.7795,0,0,8.7403,0,0,7.0916,9.6333,0,0,0,7.5996,0,0,0,0,0,0,0,0,8.0355,0,1.2613,4.6268,6.626,0,1.5953,0,0.7617,4.3358,7.9347,0,0,7.8175,0,0.8066,0,0,0,0,5.0938,5.1962,0,0,0.6018,0,7.5027,0,0,0,2.7292,6.5443,4.9275,0,0,0,0,0.9921,0,0.8711,0,8.2241,0,0,7.3652,0,4.6578,0,5.6236,0,7.8565,0,5.2672,0,9.5256,0,0,5.1628,0,0,8.2223,0,0,7.8165,5.1946,4.1108,4.3036,0,0,0,7.8743,8.9155,0,0,0,0,0.6869,0,0,0,0,5.2543,0,0.7721,5.2009,0,8.0174,0,0,0,0,7.3257,0,5.2411,2.6355,7.4247,7.7373,0,0,6.3623,7.9665,0,0,5.2734,0,0,0.5896,5.8884,8.8993,8.1569,7.0909,0,3.8463,0,0,6.6082,3.4492,0.9514,0,0,0,8.3646,0,0,0,0,0,0,7.6928,7.5612,8.4332,0,0,8.9122,0,0,0.4381,0,0,3.9696,0,0,8.1715,0,2.8095,0,0,0,0.8324,0,0,0,0,9.2075,0,0,0,0,7.6345,0,1.0562,2.3776,0,0,0,0,2.2805,0,2.3062,3.6622,0,8.113,1.0655,0,0,2.2549,0,5.3848,6.6138,3.5278,0,0,6.5498,0,0,0,0,0,0,8.6594,0,0,7.0415,1.7071,0,8.5183,7.7878,0,1.4314,0,3.315,0,0,0,0,0,0,5.2461,2.927,2.1549,0,1.8628,7.8883,2.2558,5.0428,5.3779,5.1497,0.7998,0,0.6929,0,0,0,7.0063,0,0,5.1896,6.2405,5.5005,8.9867,0,8.1498,0,0,0,6.872,0,0,0,8.7694,8.7633,0,9.1471,0,0,0,0,1.4748,0,8.3019,0.6764,0,0,0,0,0,3.9231,8.8741,8.2908,0,0,0,8.1884,5.5721,3.6145,1.4399,0,0,9.1328,0,8.3358,8.158,0,0,0,0,7.849,0.6558,0,0,4.805,0,7.4575
"CSAG1",6.8178,0.8237,0,0.9758,9.4721,8.8357,0.8729,1.1719,0,3.1319,9.6236,4.3648,2.9864,0,0,3.5348,1.1022,0,0.9802,0,0,1.7139,6.2342,2.6791,0.4477,0.6429,10.4397,4.1547,0,3.449,0,1.4554,0.8545,0,0,9.3452,0,4.5622,0,0,7.8229,0.6451,9.4537,0.7448,1.3842,0,0.8495,3.2661,0,2.0454,0.8751,10.2454,0,0,1.5898,4.8706,9.2832,0,0.8217,10.3095,8.4955,0.833,0.7795,0,2.368,9.6483,0.6625,0,10.684,7.6412,9.0354,0,0,9.8955,1.2454,1.2455,0.92,0,9.6743,0,1.457,5.5073,7.5907,1.6201,0,6.136,7.8537,0,1.8857,0,0,8.9002,8.9973,0,2.8758,8.5796,1.1122,0,0,0.8145,0,0,2.1093,8.7617,0.6665,0.8491,4.6328,0.7083,5.9043,1.8829,0,0,8.6787,6.8994,1.1888,0,0,0,1.5384,10.0327,0,2.1098,0,9.2759,0.8459,1.5267,0,0,0,0.7238,7.1267,0.5468,9.4865,1.0317,8.6352,2.0713,0,0,0,8.9909,0,0,8.9326,0,0,2.5766,1.3498,6.3789,3.9755,0,1.7507,0.71,5.8234,4.9167,2.0582,0.8339,1.407,0,1.1503,0,1.1646,0.6064,0.6872,0.5872,0.8142,0.7721,2.4974,1.5548,0,0,0,0,0.5993,8.6622,0.8375,9.8187,0,8.7314,9.6207,0,0,2.7578,0,3.7783,1.1935,0,0,0,2.4707,0.8207,0.6295,1.4539,10.6518,1.9318,0,0.7448,0,8.7646,2.8971,0,0,4.5784,0,11.0089,2.0127,0,0.7171,0.4863,0,0,5.3299,4.1291,3.7252,0,0,0,0,0,1.8006,0,6.1604,5.9619,0,0,1.3382,0.6925,0,0,0.6326,0,2.857,2.5883,0.6524,0.6984,0,1.2426,1.0965,0,1.298,1.0582,9.2,2.8447,0.6226,1.1368,1.8354,0.5428,0.868,1.3373,2.0757,0,0,9.2593,0,9.2751,10.0654,0,4.876,6.7786,0,7.2447,9.6206,1.7037,4.3821,1.4287,0,6.2801,1.4756,0,0,0,0,1.879,0,0,2.2935,1.5298,0,0,4.3277,0,0.6468,0,3.2763,2.1558,0,0.5098,0,1.5202,0,0.8107,3.2468,1.1051,0,0.91,1.9896,8.3335,2.0158,5.1245,8.5866,0.7998,0,9.7218,0,0,0,7.4407,0,0,0,5.3926,2.2567,9.2364,4.0742,2.3782,0,0,2.7582,8.6081,0,0,0,7.5182,8.0697,0,0.8212,0,0,0,0,0,1.1004,8.8,0,0.7415,6.6385,7.0044,0,9.0188,5.2522,10.5773,8.4856,0,4.4306,0,2.9672,0,2.1292,4.5926,2.3266,0.9143,2.474,0.5977,0,8.0867,0,0,0,0.6726,4.0619,0.6558,0.6947,1.5418,3.7833,3.7531,9.2282
"GABRB3",5.218,0.4699,0.8347,3.9542,7.0108,5.5419,5.8973,1.5259,4.1472,5.0519,0.551,8.7219,7.2737,0.6505,0.668,1.5932,0,0,0.9802,2.4715,1.5716,0,2.4162,1.4862,4.119,1.6986,0,10.7347,3.181,7.5216,1.0489,0,9.015,9.4766,6.7341,1.2058,6.556,8.0901,1.3516,0.5265,2.2501,0,7.5755,3.1872,5.8819,2.493,1.3806,0,0,2.0454,2.3704,5.1602,0,0.7061,0,4.441,0,2.1771,1.3419,0,8.5995,0,0.7795,2.1768,2.7962,8.643,7.9239,0,8.8086,7.7087,1.6796,4.7823,0.6855,8.5331,6.6592,0.7532,0,4.0183,3.6643,0.7515,0,9.0452,4.5167,1.6201,1.9238,0.5334,7.2531,2.4936,0.7432,1.8173,0,11.5414,6.5098,0,7.146,8.5873,0,1.9987,9.9716,4.2637,0,0.482,0,2.9165,6.2621,0.8491,4.3694,8.4679,0,1.5927,0,11.3207,3.2397,4.4795,6.7182,0,5.8152,0,0.5619,0,1.5567,0,4.2557,7.1442,0.8459,0,0.8233,0,4.9113,7.4072,6.2713,3.8444,11.156,1.8524,8.97,2.537,9.5598,0,1.1857,4.3091,0.6748,3.6183,3.0848,2.23,6.9062,5.2126,7.5928,0.5032,0,3.5315,0,0,6.3931,0,0,1.3589,9.2925,1.7411,1.1503,0.9851,10.3882,1.0322,0.6872,0,3.7151,0,5.5404,0,0.8563,4.6298,11.8523,0,0,0.6675,10.5078,0,0,0.5174,5.6893,9.0833,9.6599,3.2699,2.3124,2.492,0.7168,5.2963,6.4098,0,7.9385,1.722,0,5.7092,8.4465,1.9318,7.7127,7.1105,0.7241,6.7765,2.4502,0,5.4581,1.5666,7.6292,6.3365,1.5962,7.6814,0,7.3935,7.4533,1.0024,1.6328,0,4.8685,0.5582,6.2086,0.6389,0,10.8851,9.243,0.8774,4.715,4.0875,0,1.9882,8.5582,0,0,6.7211,9.6443,0,1.7407,3.043,0.6524,5.1647,0,0,4.3868,0.7649,0,0,6.9012,1.4682,2.4109,0,0.7156,1.4994,2.7603,7.0225,1.8369,2.0011,8.3247,5.9867,1.2657,3.5774,7.7162,0.6217,0,0.7038,0,0,5.5363,0,1.1639,0,1.2051,4.9044,9.0642,3.3497,0,0,7.1571,5.0963,0,3.8891,2.7769,0.4621,1.6154,0,6.6726,11.4168,0,3.0991,1.0379,2.1558,2.6675,2.1346,1.207,3.9377,4.8355,5.3297,1.5297,2.4866,9.9299,0.91,2.7955,1.8145,2.2646,5.6511,6.9794,2.9388,8.6053,0,1.3044,0.8631,0,1.7998,6.8746,9.8845,0,3.2545,2.0838,5.3018,10.5729,5.8183,0.9623,3.6706,0,3.4652,1.112,0,2.0764,2.395,2.3863,0,2.6709,0.4545,1.759,10.8674,9.3967,2.3651,0,0.82,1.4825,0,0,10.9452,1.2653,2.1936,7.7789,6.6704,4.4896,0,0.4887,1.2511,7.9456,1.7606,0,11.155,0,0,2.318,1.0191,3.6814,7.4542,0,0,0,3.6869,8.2463,1.1049,0,0,2.8844,4.3966,8.3218
"UGT1A10",0,4.7616,0,2.9618,12.0524,7.6163,1.1599,3.2282,0,2.0514,4.5993,4.8412,3.7242,0,7.0092,0,0,0,5.994,2.9212,1.2393,3.4898,0,0,8.3943,3.722,1.2754,8.8318,6.9743,8.7145,0,1.1275,0,11.1674,1.7229,3.8616,0,9.8653,0,0,0,0,0,0,3.8315,0,2.5724,1.4572,0,2.6918,0,0,9.0415,0,0,4.9497,0,0,0,2.0257,7.5063,0,0,9.6342,0,0,0,2.963,9.0186,7.4526,11.8231,4.2759,8.9928,6.1935,0,3.3041,0,0,9.1111,0,1.4009,1.5172,7.8217,0,0,10.8161,9.382,0,0,0,9.0928,6.4014,0,0,2.1787,0,2.5993,1.7957,0,5.3271,0,1.3601,0,3.1414,8.8257,0,5.0291,0,2.6191,6.6004,0,0,0,0,9.9239,0,2.7,4.5,9.168,4.6025,0,0,0,0,2.6651,5.6081,0,0,4.8902,0,0,1.5491,3.4729,0,7.4767,0,1.2592,2.9861,0,1.2559,0,0,7.5638,3.0851,0,8.0068,6.2288,9.7691,0,0,1.3216,0,9.8579,1.7775,0,2.9058,2.477,0,0,0,8.9917,1.9342,0,2.6202,0,0,2.945,0,1.3538,2.51,0,4.1105,0,0,0,3.9109,3.3716,3.0979,3.9248,0,1.0624,3.0405,0,0,0,1.4388,0,0,8.9239,7.9605,1.8386,9.3118,4.2296,2.8154,1.8118,2.3434,0,2.1328,0,0,2.5892,0,2.4204,4.8789,7.6692,0,0,0,2.4996,0,2.3811,7.0389,4.3189,0,1.6475,5.4209,0,0,11.2772,2.6549,0,0,0,3.8174,9.1368,3.976,7.3312,0,8.2628,0,1.8665,2.0792,0,0,0,4.5095,4.0527,0,0,3.8848,8.3556,0,2.0836,2.5719,3.6784,3.1183,0,0,0,0,7.9909,2.8712,8.5637,1.5126,9.0954,0,0,4.6995,3.0299,8.7563,5.2564,6.5282,0,0,0,9.843,0,9.8485,0,0,0,10.3443,0,1.5334,2.7562,1.4993,0,3.3023,3.9226,0,0,0,3.2273,0,3.61,2.2119,0,0,0,1.7422,0,3.3239,2.3103,0,1.5339,3.5835,2.8891,1.4487,3.4274,6.3991,0,10.2237,1.8189,7.4136,0,8.9552,12.2122,0,0,0,0,0,5.8223,0,2.392,8.1815,0,3.6776,5.7708,0,6.1586,0,0.9965,0,4.2443,11.7333,3.3453,0,0,0,0,3.135,0,0,0,0,0,4.4139,9.3639,6.9602,6.5871,0,1.3079,6.3147,0,1.8517,0,0,0,0,2.6241,2.2362,1.8382,1.5942,2.0845,7.6218,0,0,7.3616,0,0,0,0,7.9636,0
"SUSD4",9.3561,8.6096,7.8782,3.3481,8.7063,6.4358,11.0984,7.5715,11.5218,8.2018,6.7913,8.4434,6.1765,9.7204,9.613,10.181,3.5009,9.0311,2.9652,7.6513,7.8535,1.0978,8.9559,10.0453,11.1057,2.5977,4.6789,10.3998,7.4612,1.6269,5.3417,2.165,10.7286,10.3685,4.2807,8.7707,3.3232,6.6517,8.6982,0.5265,5.5065,6.8226,0.8025,9.0827,8.9191,7.5189,8.8319,11.0033,4.5979,9.4456,8.1945,4.7098,8.425,4.1738,1.0036,4.5022,1.7307,9.1951,10.2596,8.359,7.8118,6.0917,2.5886,7.9332,8.8987,5.982,2.1688,8.0091,8.7838,1.8993,7.7926,9.5089,7.3416,7.6596,9.6092,1.2455,6.7071,5.3845,3.6643,6.7861,1.457,10.8032,1.2101,6.7384,4.4566,10.0249,2.5579,10.792,5.3005,4.7593,3.2244,10.1049,8.0188,0.676,6.1678,4.3782,1.4556,9.0371,8.6777,5.2547,3.1129,8.9498,6.4822,9.2165,8.6597,10.5719,9.5103,8.9763,7.0707,9.9497,4.9143,8.1024,6.8909,3.2151,9.23,9.8637,9.5657,2.7889,11.3451,4.233,1.5567,10.4846,9.2219,9.2134,3.4018,9.8456,9.883,6.1778,8.5621,1.8504,4.4486,7.9408,8.5572,3.1429,8.6202,7.815,0.6497,9.9287,8.9986,7.749,0,7.4535,1.1053,8.7726,7.3527,11.4186,8.27,11.0765,3.1755,0,11.1056,9.8189,9.7922,12.0824,6.6154,9.8239,2.7616,9.5304,0.6869,9.9452,8.5687,10.0104,1.1508,2.5904,5.3642,3.5382,2.8158,8.9872,2.4481,10.541,4.6151,8.2075,8.014,3.0106,0.8375,10.412,7.2985,7.2881,11.3164,8.8129,10.3557,8.7534,9.888,7.6597,9.1064,7.6115,7.4975,0.8532,10.3323,10.1544,9.0334,7.6198,9.715,4.5122,7.5367,3.9252,3.4301,4.061,0,8.3065,6.3123,8.1307,6.1601,1.4067,8.1279,8.5397,11.14,1.3803,10.3328,1.0024,10.5411,8.0204,1.5265,3.2485,8.5968,4.8226,7.7733,9.5982,4.9615,0,7.8485,7.2192,9.5152,7.8645,4.6983,10.5863,4.0405,10.7269,10.3376,1.1945,4.4645,9.3918,11.3721,9.6955,9.6239,0,3.9817,7.7667,8.6411,4.993,1.5811,9.0551,9.1144,3.1365,3.495,11.1736,8.5998,2.4803,11.7499,1.4864,11.0836,6.1489,9.4199,1.1475,5.5683,11.6876,9.5373,8.1999,9.8263,0,2.6093,0.8093,8.659,8.2393,1.2051,9.983,9.282,8.6138,8.043,2.2859,6.9297,5.0735,2.61,6.9236,4.3584,2.4673,6.4879,10.8815,8.8385,11.0839,3.5544,10.0221,5.1812,10.0041,10.2963,10.3712,10.0582,5.417,7.9299,9.8914,9.2607,0,2.2171,2.0274,0.6729,7.7564,6.2969,10.9168,7.1888,9.2118,7.609,6.3534,8.4302,1.3994,1.6044,7.5669,8.0548,6.7133,3.1237,8.8186,7.3908,7.9199,10.8903,6.243,10.5978,8.9619,7.3155,2.7333,10.5332,10.3255,9.5434,7.8197,1.2022,2.4398,9.2669,9.2564,4.4894,7.5241,8.9421,8.2623,6.3816,2.2712,1.4825,10.5014,2.1974,10.5208,7.5305,12.0474,3.2886,9.0052,10.0584,7.1236,4.0288,8.641,8.9501,6.7927,1.0874,9.6709,12.07,2.8464,2.318,4.1233,5.8034,8.9172,7.7317,0.8174,5.8522,7.8619,7.6841,1.9551,3.5254,1.5418,9.8019,6.5228,2.2982
"SYT13",7.1887,2.8399,0,4.0415,6.1208,7.2855,7.4108,2.9804,2.7687,4.2709,1.2601,0.9681,2.5478,5.6105,3.9198,3.5963,0,1.9778,0,4.4611,5.8383,5.394,7.7817,6.793,9.8941,0.6429,0.8982,6.3485,5.6436,0,0,0.5217,2.4448,11.4575,0,1.2058,2.5372,11.6416,0,0,4.1624,0,1.3151,5.1481,6.349,5.7239,2.5389,1.3876,0,3.0887,5.8921,3.7639,7.2857,4.4063,0,2.5133,0,1.7434,0,0.9708,4.5626,0.833,0,10.4976,8.0467,0.846,0.6625,0.778,2.3563,2.3493,8.7406,10.1936,3.7187,7.2442,9.0124,2.5357,0.92,7.2447,3.4879,0.7515,1.457,1.9875,4.4605,4.2194,4.9881,2.4523,1.3948,6.6035,0.7432,6.2616,2.3711,7.7418,1.8759,0,9.0088,1.8993,0,7.1403,12.6707,10.4076,1.0656,4.6553,1.0738,0,12.9035,0,3.9535,1.8219,2.2267,6.7165,0.6136,1.7208,2.1304,0,3.7177,0.8697,5.4762,3.6805,7.4884,5.7919,3.7331,3.0809,6.3492,3.6345,3.9406,2.5118,4.7633,2.526,7.552,3.4293,2.2595,12.4358,4.6059,1.0317,6.5241,0,2.7416,3.5025,5.5314,5.469,0,7.7082,4.0976,1.6847,1.0713,3.4503,8.5813,3.0896,0,0,3.5704,0,8.9842,4.2771,5.9337,8.5628,0,8.7332,1.5005,5.8409,2.8497,0.6064,1.1508,1.0032,0.8142,3.9219,10.6721,0,2.2162,4.9721,8.1676,3.2881,0,1.4672,0,2.9438,0,0,1.5837,6.5228,11.1326,7.1283,4.2059,1.7281,0.7168,7.0706,0,0,12.6555,3.8869,0,7.9843,8.1988,7.1112,0.6185,6.9462,4.5338,5.939,0.5812,4.2982,11.3117,0,6.8091,4.8886,10.6476,8.7671,0.7171,7.0668,7.6897,1.0024,5.518,6.941,0,1.5309,6.8377,0,0.7471,0,11.7124,0,0,7.4676,2.9097,3.8132,8.5046,9.2678,0.8942,3.4802,7.1544,0,0,1.0801,1.9482,7.0755,0,0,2.3173,0,6.3823,0,2.1655,0,4.6909,2.3776,1.1918,0,7.7898,0,3.6526,0.6786,8.9687,4.3366,0.554,0,5.8262,0.6217,0,6.2447,0,2.137,0,0,2.8487,1.4287,0,7.1583,0,8.9197,0,0,6.6454,5.1839,2.3134,6.7668,7.2684,0,3.5008,0,0,0,0,5.0099,2.3073,3.0855,5.8649,7.9525,2.3003,0,1.6045,2.2542,2.5155,1.1051,0,0.91,1.9896,10.3876,0,3.6353,6.7542,3.9835,7.9623,2.5686,0,0,0,6.0448,9.6312,5.2626,1.3466,3.0711,0.6228,5.32,8.2823,4.1535,1.5345,5.2053,0,3.8261,1.112,0,2.4606,3.1156,1.9735,5.6769,3.2381,8.1091,1.1324,4.763,4.7878,2.5223,6.6517,1.7208,0,3.6348,2.1974,13.2225,5.5857,4.8874,4.8748,4.5239,1.7369,1.3944,6.4411,8.1032,4.1042,2.8014,0,13.5284,6.9868,0,8.1412,1.0191,5.8579,1.9095,2.8037,5.0449,10.9298,7.0792,4.1079,0.6558,0,0,4.4777,3.3733,3.0096
"LOC84740",8.3155,1.7352,2.1782,5.444,8.6588,2.5648,10.0507,2.0471,2.4226,3.1319,0.5555,1.2892,1.254,11.3803,1.1229,2.3332,2.1507,1.5653,3.2861,9.054,2.1575,0,4.2058,4.8494,11.3732,0,1.4497,1.8266,11.3423,5.8162,0.6227,4.022,1.3897,8.5404,2.4435,1.5751,1.7716,4.9784,0.8286,0.9181,4.703,0,1.7025,0,3.6173,4.1497,3.0387,1.0549,1.4434,0,1.8083,4.5712,3.0449,4.0172,0,0,1.1106,2.6106,4.6827,5.1905,4.2887,1.7416,0.7854,11.3926,7.6704,2.0915,2.3512,2.4029,1.7462,5.4025,10.6903,5.2273,8.5632,4.0337,5.8071,1.2455,0,1.2565,0.7907,0,0,1.4748,11.2849,0,2.3839,10.8617,3.5718,6.8249,0.7432,0,8.3459,2.6757,4.6068,0,4.2821,3.8042,12.5172,2.9554,2.0174,2.8263,0,5.045,0,1.973,5.2931,10.6846,6.5669,0.7083,1.9109,9.4237,1.8681,1.4478,1.4302,3.6823,5.1808,2.7707,1.6067,5.1771,11.8185,0.9921,3.2348,9.9769,3.3838,1.7154,2.0723,5.78,8.516,1.5403,10.1857,2.0967,1.2866,1.2581,2.8442,0.6062,8.9935,0.8486,10.7194,0,11.5163,4.5458,0,1.0934,8.9407,1.9884,1.9145,3.8319,6.8303,5.479,3.1755,2.6512,0.5635,1.1877,8.9021,2.7968,9.4757,10.3597,0,10.0434,1.5005,2.9792,6.5513,9.608,0,0,2.2605,2.7361,10.294,0,10.3786,4.0466,1.1831,5.8546,3.3604,3.6165,0,3.945,4.3304,0.8974,5.8036,1.2724,6.3161,0,4.5855,3.7976,7.2067,2.0337,0.8733,0,12.206,3.6503,1.6875,11.978,5.9491,2.3907,2.6699,4.9732,7.5301,9.1407,2.3129,1.5291,5.1709,1.5698,2.0424,2.4398,3.4767,7.5161,0,2.3312,9.097,0,2.5614,3.474,8.1328,3.9301,2.0947,1.0952,3.0938,1.0611,2.5822,0,0,1.8745,11.5348,2.1968,10.1635,11.486,2.1488,4.0882,5.331,0.7175,2.5069,3.1374,1.1038,5.3956,1.0562,0,1.9433,0,3.7441,2.802,9.4251,1.4728,1.8954,3.3415,8.0495,0.9364,0,4.1533,7.1947,2.014,9.2822,0.7593,5.5721,0.6904,0.6391,5.0614,2.7383,2.6028,2.9564,0,0.5947,0.8156,3.4496,1.8264,1.2051,7.3952,0,0.655,0,4.7466,1.5764,6.4395,1.7113,2.6514,1.5613,2.0072,6.6148,0.9781,1.0856,1.922,0.652,3.9252,9.3631,9.6588,12.2018,6.2879,6.7934,0.6985,1.6045,2.654,8.0865,1.7235,0,4.0399,1.1299,4.4074,2.024,1.3696,1.5735,3.0744,4.7726,0,1.9781,0.8696,0,4.3527,11.8281,1.5398,2.493,7.0467,0,3.3201,7.1185,2.1296,5.4038,9.58,1.3719,2.8967,4.1133,2.6335,4.3077,3.7845,1.3965,0.7971,4.0443,11.9038,4.3305,3.4182,2.9567,1.4901,3.1896,0.8325,3.0316,2.1307,0.9235,3.1263,6.6635,5.1556,9.283,5.71,3.0817,2.6908,2.5506,9.7434,4.4798,2.8174,1.0874,2.2806,10.4185,9.5572,7.0317,2.6191,8.9509,1.63,1.6669,1.7233,2.4358,6.6855,2.4174,1.1203,2.2361,3.9269,0,8.7401,8.6134
"MUC6",10.478,1.5484,2.298,6.5663,6.26,3.3389,12.4442,0.7019,0,4.7587,1.5162,0.5637,1.6218,2.7436,2.1807,9.0716,0,3.1436,4.05,5.8817,4.7086,0,1.6639,12.0492,4.0884,1.0861,2.2888,4.8589,1.9567,0,1.0489,1.2059,6.0366,15.6555,2.2288,1.2058,3.4073,11.2473,2.037,2.0295,5.1726,1.4283,1.6926,7.7266,4.4551,5.1015,3.9481,0.6218,0.8951,1.5245,3.2236,4.4178,3.5704,4.2714,0,0.9574,1.1106,7.1084,0,2.2749,1.4546,1.7416,2.5886,13.9067,2.7962,0,1.4585,0,2.6549,1.6078,7.5569,13.2996,0.6855,5.287,5.1954,0.7532,0.92,11.4646,2.4275,0,2.4994,1.9875,3.7758,1.0264,4.8551,5.0916,4.5404,2.2025,1.5953,6.4259,3.1128,14.0829,1.2235,0,10.9855,2.3493,3.0962,2.2465,3.6176,11.1312,0,1.577,2.1093,6.3015,5.1073,1.3801,5.6034,2.264,2.7051,4.5346,1.0428,2.7529,1.0882,2.5198,4.1403,1.4085,8.3376,0.6204,1.2801,1.5744,4.8168,1.4104,8.8987,0,4.1495,4.2382,0.8233,2.1149,9.4319,4.723,0.5592,2.2286,5.7881,1.627,5.6291,0.8486,3.1641,5.2812,3.002,3.6199,1.1328,15.95,0.656,3.4057,1.0713,1.8671,9.9635,3.7119,2.6682,4.1477,0.9606,0.71,5.4952,1.0578,1.6368,6.8485,2.5742,7.1645,1.5005,2.4349,0.6967,6.0961,2.0183,2.706,0,7.0283,3.0764,0.719,1.1477,7.7131,10.4314,1.4613,3.0374,1.122,13.3541,8.617,0.5205,0.8974,4.8561,6.8089,3.46,4.5883,1.3712,5.7905,4.2493,8.3619,1.4135,0,13.2416,5.5302,1.6727,10.0337,5.6853,2.8747,1.6514,8.3096,3.8767,0.6812,2.1611,6.0522,0.6533,0,9.6665,3.122,3.263,1.1293,1.5517,15.7396,5.3685,3.5893,5.9196,1.0457,1.2694,0.5582,1.7327,1.9204,5.5377,1.8886,1.9405,1.8119,1.0375,7.4676,3.1044,3.8728,2.8305,5.925,2.621,1.6677,2.4339,2.0778,2.6925,6.5637,0.6524,11.8993,0,0,1.0965,1.2622,1.6727,0,0.9971,1.4682,4.8343,1.1368,3.122,0,4.6866,0,2.0757,1.4864,3.5497,3.5818,0,1.1475,6.2138,4.3114,1.434,2.4335,0,1.0927,2.0219,1.7037,2.576,2.1323,0,12.08,1.8763,1.9535,0.9727,1.1968,10.6255,0,0.6482,8.7958,1.5613,1.7071,5.6884,2.7697,2.725,1.9149,1.4314,1.9404,0.3372,4.049,5.3628,2.1346,2.9151,0,2.0219,0,0,0,3.3397,1.2132,2.7955,6.3159,2.4767,2.0538,8.3673,6.7002,7.9303,6.537,3.8307,0.8631,1.0146,1.992,13.2686,8.289,1.3466,1.4376,2.0838,2.9052,7.2198,7.026,9.3872,6.3411,0.608,3.8885,2.6384,1.8284,2.8943,2.6116,0,1.6838,2.9822,11.8496,4.0444,6.1677,2.7705,3.5455,4.7717,3.7276,1.7623,4.5755,5.2389,10.144,2.8712,13.8307,8.0267,4.4451,2.2428,2.6847,1.3857,0.7571,1.4356,1.4809,1.7003,1.8358,2.6678,1.8694,0.6503,2.7327,2.0794,0,3.195,5.9177,1.0647,4.6973,1.3919,1.9551,1.5138,1.5418,6.1253,1.4768,2.2982
"UGT1A3",5.0271,8.4633,8.2542,8.4398,8.1103,8.7318,6.6596,8.9287,7.9561,9.4761,6.2634,4.3847,5.5596,6.8979,5.069,3.8794,10.5889,6.9498,8.3731,7.3635,2.7228,11.144,8.7987,1.6303,6.8046,14.0597,0,7.8166,10.7671,10.9753,6.4547,12.848,4.594,4.5663,9.1199,9.6693,12.736,7.1983,13.3281,8.4825,10.0263,7.5154,10.3279,9.6337,1.6065,7.0032,7.5462,2.198,6.0288,3.0865,9.0733,11.4437,0,9.6236,11.6624,5.7233,9.3116,2.8017,6.0107,10.208,8.7317,7.5382,10.0303,9.2432,8.2118,8.3324,13.5308,11.5492,6.9812,12.1977,9.9674,5.9332,9.977,7.1308,3.4313,12.4851,0,5.5368,2.7109,7.9134,8.8679,8.0332,12.1664,5.3938,8.0334,7.3965,12.0469,6.6066,11.4179,7.2594,11.0352,6.0668,7.5694,11.2194,9.2164,10.0396,11.4282,7.1901,5.41,6.669,10.5414,10.0155,6.9135,3.8617,0,3.6121,8.5799,9.7763,7.5487,10.3026,12.5073,3.4692,13.0248,4.549,8.4663,3.3586,8.1071,12.5465,9.319,7.4807,9.6474,7.8122,6.6325,9.736,7.7571,3.9893,7.0936,3.8281,7.7061,12.2869,11.4689,2.6574,11.1206,8.9902,9.8105,8.0857,12.7416,4.7416,0,10.2398,9.3274,7.2522,12.2428,7.8512,4.1359,3.4041,11.1038,7.8922,7.3107,2.3158,4.1685,6.8283,6.5026,5.7542,7.5615,5.4981,10.1046,4.2067,12.9492,0,7.245,5.1013,11.5992,12.4934,8.5893,10.6068,11.3827,8.9663,12.0862,6.2946,9.4772,4.7144,6.1412,4.1681,12.7964,8.6713,10.3481,11.7847,3.7001,7.0856,0,8.6126,5.7249,3.3915,8.1656,6.6894,1.7709,9.999,6.9159,5.7315,10.0005,7.1533,7.3393,9.4505,10.9164,8.6004,11.8995,8.9856,12.4002,3.3956,9.452,11.8757,9.688,9.2092,7.6585,5.7566,8.103,7.9711,0,6.5555,7.1253,10.9483,10.8819,11.3462,8.0271,10.3637,9.0126,7.6531,7.5102,9.2936,11.9102,8.6844,2.2598,8.0624,5.8429,9.1385,7.4281,2.827,3.2096,12.6883,11.3593,12.8677,3.9137,0,6.616,12.047,8.4781,10.8007,6.2531,5.1432,12.6657,0,0,12.8723,13.1362,4.8805,5.3291,6.8012,7.6736,7.2618,3.0774,7.6279,8.7499,13.0668,4.7561,5.8831,12.7499,8.0027,7.4168,12.7166,6.7224,8.1329,0,8.8296,3.2318,6.3702,5.223,3.8131,7.0151,7.6624,7.8361,6.1917,10.1749,11.1256,3.8775,14.4511,7.7928,5.8827,9.7274,10.1887,10.0542,3.0879,7.8976,0,6.4374,6.7249,0,13.1617,9.4197,7.7714,7.4784,13.5398,10.558,10.5576,12.4488,6.7147,10.1863,6.8401,8.179,6.4742,8.7441,11.3859,7.551,5.1057,12.0483,7.7678,6.7103,6.4074,1.695,8.9844,7.1456,5.3684,11.7024,7.6897,5.0698,7.0704,4.0778,9.5005,7.9473,4.1331,7.4552,7.1608,8.5156,8.8048,9.2724,8.7901,10.0625,1.7866,3.1175,10.9938,6.1862,9.2931,8.6091,7.3705,10.0223,0,5.4973,3.8908,9.5399,7.7817,8.4612,6.4763,3.0535,5.9633,8.8007,11.1509,8.74,0,1.7977,12.9656,11.0634,10.8014,13.264,10.5818,12.5834,10.4133,11.5926,3.0856,6.1078,11.254,8.356,13.2092,8.7764,6.187,10.0699
"CYP2B7P1",9.7337,8.6391,10.1797,13.1041,5.0321,11.6795,3.8793,10.8081,11.1477,11.143,0,12.9869,5.4799,8.6245,9.8488,5.2018,7.2296,6.2187,14.7795,12.444,9.1461,0.6509,11.1876,3.2338,3.6605,6.7355,0,7.3622,10.3368,10.9588,11.7515,4.3647,6.0277,3.8043,2.2288,8.5165,8.5675,8.2518,10.4254,5.313,10.9099,10.3094,10.9575,8.7908,9.1737,9.1465,11.474,8.1975,8.7015,5.5636,12.5152,10.2834,7.887,11.0809,8.2118,2.7336,4.5962,4.2482,6.162,13.3734,12.2111,8.6644,12.0553,3.9151,12.525,15.6504,4.2963,6.4392,11.2843,2.5306,8.1204,6.5517,11.3879,5.6781,5.6141,6.294,5.6457,6.0436,5.7625,5.3691,5.722,8.827,6.6368,5.0049,14.1661,12.5553,14.2712,9.1449,8.5377,6.1464,7.5392,1.7239,11.7775,6.2874,6.1327,13.8269,2.1653,9.7598,2.7306,7.2834,8.252,6.7243,6.1419,11.5579,2.3534,10.8933,9.956,12.8619,10.7854,5.0845,2.6555,10.983,11.748,13.4671,10.8087,5.1597,9.4413,4.9832,4.7901,2.3093,9.072,10.0035,9.5759,10.5836,6.201,8.8632,10.4823,9.9098,12.9115,6.1171,12.8925,2.0793,10.7552,3.3784,6.7616,6.4241,3.4904,9.2045,6.139,13.4628,5.879,8.6266,11.4853,11.4898,1.9082,5.5447,9.7017,11.3368,7.2382,1.8643,6.7787,4.8247,8.5303,8.2188,3.6557,11.7193,10.2932,8.803,7.8242,5.0153,8.2711,3.45,7.8897,5.9133,5.4912,10.94,7.4185,7.2433,4.7294,9.3199,8.0271,5.3487,13.5669,4.6841,3.4893,9.9804,11.7107,14.4576,12.0705,6.5932,3.2933,11.0099,10.6095,9.4994,10.8878,7.4374,5.0992,9.0889,10.493,8.5768,11.4519,5.733,7.5628,9.4698,7.1034,9.4325,6.7881,11.7594,11.8679,6.7967,6.0383,12.4636,11.4595,3.6507,7.2789,10.9084,10.1999,2.8098,3.8078,12.3795,11.8649,8.4072,6.1414,3.9234,5.4358,6.67,5.2598,8.0309,6.2852,6.5786,8.7462,10.2058,4.1995,8.0243,2.8305,9.6147,12.4763,4.9763,3.7719,6.5611,6.0737,5.7228,8.3703,5.0609,5.8362,4.2296,6.6027,9.4005,12.5942,11.0816,2.6956,6.1273,4.2336,5.7484,8.2756,5.248,5.2212,5.9558,8.868,8.9799,2.1317,8.705,7.5313,6.8331,8.9207,3.49,3.5581,6.5362,10.2352,7.2339,11.4865,13.9028,3.7449,12.4551,12.7448,6.9796,6.2098,7.5439,8.1834,7.0249,9.5378,12.6502,4.1251,11.7569,6.6652,11.8523,10.9702,6.8267,11.0322,9.7864,6.1979,6.1879,8.0096,4.0984,6.5732,9.4301,11.3765,13.4326,6.6871,7.9027,13.1083,2.4866,9.838,1.4636,12.3167,9.3186,16.9313,12.1221,11.6872,9.9164,7.8975,8.6851,12.639,11.3226,8.0788,8.457,3.7616,9.9754,7.9537,11.9618,11.0062,10.0553,11.8957,10.6944,1.7532,7.061,5.9617,10.1656,7.5093,5.5911,11.4353,11.1144,8.1676,7.5963,9.6161,8.9118,7.9704,10.0227,6.0957,6.5564,2.1481,11.7197,10.9465,12.6226,14.1475,5.4483,8.3763,11.3259,10.0056,4.5617,10.3537,5.7891,2.642,7.1616,13.2818,12.2778,12.4741,4.7386,8.3677,5.2537,5.2485,3.494,7.371,14.0004,7.6085,13.0735,4.4424,9.1089,9.2656,14.7522,6.0832,5.8823,9.481,7.1976,12.4762
"FGF19",0,10.8383,0,9.7641,0.3461,0.7667,3.3425,9.2601,4.7247,3.2204,0,0.5637,0.7592,2.7436,3.6076,2.7109,0,3.2953,9.4799,7.6553,5.0249,1.4385,8.2586,6.5466,1.2961,0.6429,2.2888,2.3435,9.1589,1.6269,1.8767,0,6.0277,4.4431,0,0.7253,2.3797,4.1543,7.1599,0.5265,2.7302,7.6193,0.8025,9.1287,3.1782,6.8557,9.4941,0.6218,0,0,6.8173,5.2984,4.6712,6.3544,4.6508,0.9574,0,3.2646,1.3419,0,1.2051,0,3.6396,8.4369,9.3647,0.846,0,0,4.0784,1.0171,3.1231,6.8908,0,8.4004,0.7531,1.9038,2.8569,0,5.388,3.4018,0,0,0.9074,4.5095,2.9974,0.5334,7.4226,3.2853,2.8206,10.3574,2.1628,0.822,2.3235,0,3.181,2.1418,0.6607,4.1276,2.16,0,2.4255,0,0,4.7656,1.4655,4.8605,1.3521,2.0598,0,4.9654,0,0,11.1229,2.5198,3.7862,4.7359,3.8901,1.0529,0.9652,0,0.72,6.8297,4.6276,1.0989,7.9368,7.9836,5.3026,9.6713,3.0484,7.679,0,0.9424,0.7543,3.4491,6.2309,4.9739,0.6497,0,4.6565,0,0,0,0.656,3.4057,0,5.0491,10.3321,2.6839,2.6682,0,4.678,1.5397,0.4826,8.7514,7.9471,5.9366,1.7982,8.4613,0,6.0473,2.4184,0,5.5092,0,0,7.9295,10.5364,7.4914,0.8563,6.9437,1.1831,7.5048,5.1912,0.6675,0,9.5032,7.4388,7.0692,5.8644,3.9876,0.4856,0.6566,0,2.7617,9.3885,9.3392,0,4.1647,0.5896,4.489,7.4554,3.1421,0.8193,8.2396,1.6514,9.8509,6.5277,2.2082,10.1567,0,1.1014,7.1053,9.1087,0,1.0085,6.8678,2.282,2.5384,6.6225,5.812,1.6328,7.2083,0,1.2734,5.9294,1.4175,2.5233,2.7962,0,5.6549,6.4655,8.259,2.6846,4.0383,6.5344,3.7357,1.4422,0.7872,1.6788,1.8389,0.8324,1.6908,0.6524,3.185,1.0562,6.4213,0.65,2.9987,5.6401,10.4895,0,0,0,0,0,0,6.1013,0,9.8714,3.8889,7.0045,0.7535,0.9533,0.6849,2.8096,7.1011,0,8.3239,3.617,0,8.0063,0,4.619,6.0659,0,1.9616,7.9154,4.7779,0.9727,1.8418,1.9903,1.879,1.9396,5.4944,4.4895,3.8669,3.5008,0,6.2517,12.3438,0.6468,10.0686,0,4.1461,0,3.1094,3.8162,6.3123,1.0146,3.7887,17.2401,0,0,0,6.7142,2.4344,0,0.8383,11.5393,6.0648,3.5104,5.4237,1.3044,3.2001,7.7568,3.0781,4.8233,7.7367,9.8754,4.083,4.0105,1.806,3.9265,2.1241,0.5599,0,1.3631,7.8541,7.3844,6.4762,4.1482,0.8891,0,0.7971,9.9291,1.0778,0.6746,3.6667,2.1136,0,1.1004,0,6.2771,4.3564,2.455,2.6628,6.0656,11.3557,2.6776,1.7845,8.6183,2.0901,2.0792,7.9425,0,7.4492,1.0874,5.5091,6.2725,1.4694,3.9295,4.3215,0,0,0.6265,3.7219,2.096,7.8246,1.0585,1.447,11.2805,0,4.0536,8.518,8.0419
"SCUBE1",6.9338,4.5201,5.1327,12.0625,4.7991,10.6016,3.6597,8.0487,7.12,4.1409,3.761,5.204,3.9582,8.4261,6.299,3.259,1.1022,4.7264,8.1352,10.5305,1.3099,7.1537,10.9853,5.5801,2.5187,11.6198,4.4125,5.2742,9.1205,2.6372,2.3994,6.3957,0.4895,2.904,5.2147,2.4785,9.0567,3.0198,10.667,5.6782,7.893,5.9251,4.0554,2.6793,2.0774,6.366,8.3191,7.9715,3.6062,0,8.5813,11.4541,1.8953,11.3627,9.8417,0,2.4951,4.0579,9.3017,3.531,8.2246,9.587,11.0847,5.8959,10.4464,8.8566,1.9686,10.6864,1.9794,9.4797,5.8833,4.9846,7.0552,5.8933,2.9734,10.228,0,8.2596,6.55,2.3508,6.9309,1.1284,11.9357,8.6145,3.4303,7.6602,3.5685,10.5405,0,4.2226,4.3558,2.9119,3.371,9.5437,5.8451,5.9799,10.8278,11.0747,3.7161,7.7014,11.2856,11.4035,6.9501,5.9057,2.5104,6.0249,10.5813,8.9094,4.7423,10.1344,5.1479,1.7208,0,3.8096,10.1235,5.7535,2.5558,5.6409,8.8351,9.4901,2.0828,4.6463,5.3776,2.9729,2.7185,5.9132,5.6059,0,9.9932,11.031,3.7347,2.0793,7.5049,6.5132,2.8884,4.0191,8.9489,4.4374,2.8823,2.2524,3.2249,10.0578,9.1931,6.437,6.0196,1.2167,7.3127,6.3789,9.6591,0,7.0955,2.0631,2.3142,11.4558,7.4689,9.5684,9.6655,8.7348,9.6447,4.1811,5.6805,3.1437,9.6044,9.7387,6.4503,10.3951,10.0505,8.096,9.6121,9.7604,9.3464,3.7928,9.9807,2.654,7.8105,11.9167,3.8976,8.4723,7.0315,7.4227,2.4334,10.2917,4.3809,6.7774,11.476,3.7391,3.2203,9.9248,2.7121,9.6121,10.2091,7.3773,8.4685,7.518,10.6352,12.3465,6.4758,7.1642,12.0952,4.2982,10.1486,8.8923,7.7159,8.3742,11.5597,11.0087,8.9566,9.795,2.6326,7.0381,9.8693,1.8722,8.5208,8.4844,6.2266,3.7285,8.309,5.6648,3.4969,9.5812,7.3119,7.2823,7.8461,4.4444,9.2473,12.2613,3.3847,3.8138,9.2456,9.6737,5.0447,6.6462,0,6.1188,2.4108,0,3.9817,5.8665,9.1248,1.3914,9.6336,2.4375,1.0562,4.9807,6.8494,1.4994,3.7416,7.374,2.4599,12.3871,3.6823,3.7383,10.956,10.4844,3.0186,5.9259,2.9649,8.0402,9.0165,11.5478,4.3496,11.5671,6.1135,10.049,0,4.9389,8.5161,2.9811,1.2891,8.8366,6.5871,1.3823,5.9337,10.38,1.5613,12.0841,7.5688,2.2868,6.3932,3.4803,7.6529,4.2461,5.1278,6.7099,1.0501,6.342,3.8162,6.876,6.8362,9.5048,6.8118,11.5165,9.1324,5.3418,9.3296,5.7846,9.8244,5.496,11.269,8.9943,8.1351,8.6699,8.6065,11.6245,11.7569,11.3006,2.4249,7.824,0,7.1922,9.5168,4.9754,10.2468,3.7652,6.4322,8.8127,0,4.3983,10.7823,9.0159,5.8647,1.435,2.1946,1.6838,4.3881,8.2082,4.4506,4.9352,5.3256,7.2781,8.2325,9.8792,8.055,4.2585,4.4931,4.8204,8.0796,12.7473,6.1669,1.5027,7.4934,4.7582,3.5215,8.5509,0.8895,7.4243,8.7239,4.0743,6.1955,10.9887,6.5431,8.5338,3.7406,4.0145,10.6555,9.8034,8.1205,5.1476,2.554,10.4102,9.5508,6.8621,7.4956,0.5319,2.8619
"PAEP",1.3645,0,0,4.1238,4.5547,8.9689,0,0.7019,15.7277,3.0376,2.239,1.7615,4.843,10.1676,4.6857,0.5891,0,1.5653,0.9802,0.6492,0.99,0.6509,0.625,0,0.7889,1.0861,6.4274,0,0,0,0.6178,0,0,6.1766,0,0,0,12.1117,0,0,0.7015,0,1.3151,0.7448,2.0774,9.2985,8.1863,0.6218,0,0.701,0,5.559,0,0,0,0,0,0.4765,0,0.9708,2.5329,9.5855,0,1.4651,0,0.846,0,0,0.6678,5.1896,1.8362,0,0,6.6584,5.531,0,1.4772,11.5948,0,0,0,1.4748,1.6731,2.0395,0,0.5334,2.0905,2.4936,0,0,0,5.8145,4.4393,0.676,0,2.3493,3.28,0,5.2092,15.1964,0,0.482,6.096,3.5749,10.4116,0,3.2144,0,0,0,0,0,3.4771,1.1268,0,0,0.4923,0.6204,8.7768,0,0,0,0.6997,7.985,0.8459,0.9566,8.6751,0,2.8198,0,0,11.917,3.5836,0,13.5089,0.8486,1.4364,4.6502,10.0828,1.2701,0,13.5214,7.6328,0,0,6.306,0.6006,3.1586,0,0,0,0,0,6.1885,0,0,0,1.5233,0,0,1.5173,0,0,0,0,1.6432,7.1142,0.719,0,0,8.0129,1.7391,0,0.6675,6.5032,6.711,0,6.4186,4.921,1.0438,0.4856,2.1565,4.0067,1.7281,1.1935,0.6939,0,0,3.0996,2.0233,0,6.3246,1.7197,0,0,0,0,8.0117,0,0,0,0,0,0,5.374,12.6431,0,6.0163,5.0665,1.0024,0,0,0,2.2568,0,0,4.1668,0,7.7043,0,1.0375,0,2.0899,0,9.8294,3.9805,0,0,0.6326,1.1945,0,0,0,13.3146,0,1.2426,0,0,3.5778,5.1106,0,1.4682,0.6226,0,0,0,0,0,1.8369,0,1.7026,0,0.554,0,6.5276,7.4601,0,5.9541,0,0,0,4.3082,0,0,0,0.7855,0,4.4,0,0,0,0.6188,0,0.7294,0,0.4621,0,0,0,11.0147,0,0,4.6415,0,0,0,0,0,0,1.3267,4.826,0,0,0,1.1299,7.2242,5.1702,0.8383,7.2225,0,0,1.5108,0,0,0,1.3156,5.8935,0,0,6.1276,3.1856,11.8527,9.1556,3.4696,1.7532,1.2513,0,0,0,0,0,6.7017,3.3372,0,0.8212,0,1.4795,0,0.8733,0,12.7281,0,0,0.7415,0,7.8362,3.2361,5.5136,6.0542,4.0251,2.821,0,0,0.7571,0,0,0,10.6967,2.9436,0,1.0969,2.4906,0.6208,0,0,0,0,2.5239,7.553,0,0,4.0262,0,3.7531,2.5115
"FAM151A",2.9771,2.0911,9.4357,0.9105,9.0403,4.1394,0.8397,0,0,6.1261,8.6341,8.8185,6.3542,10.8454,6.5407,6.7513,2.4939,0,1.1668,4.6803,0,0,3.0424,1.809,3.0185,4.1113,0,4.2014,1.65,8.1715,8.7639,9.2816,1.4865,5.6467,6.8407,6.2181,7.8501,0,0.8286,5.1499,6.2315,0.9016,4.7991,7.2369,4.3497,0,1.2984,8.5592,4.4117,9.6995,5.5508,6.5094,1.9905,2.4649,6.9095,5.4922,5.9635,1.1639,3.6523,13.8857,6.8971,2.05,4.3687,2.0491,8.1274,9.0766,5.939,8.7988,0,5.5056,2.5854,4.7857,6.8704,9.3383,1.8416,9.7415,6.4338,5.2043,2.2485,0,9.2627,1.7048,8.4724,0,3.9014,10.5543,8.1714,4.2237,6.5996,8.4251,5.1514,1.9049,8.1464,6.8043,6.4876,4.6892,1.1353,2.2668,4.8115,2.7223,2.4886,0,5.2112,1.627,0,1.1231,5.7207,12.5069,9.8583,2.3059,4.1708,4.7207,1.1518,2.9203,6.6249,0.4824,6.3085,4.6943,4.2301,5.7214,7.0404,9.877,1.9736,3.3542,6.1267,0,2.6072,8.938,7.0768,1.8504,10.1904,0.8532,8.7877,3.8269,1.9172,1.7664,8.0302,0,0,8.9811,2.8734,3.3214,6.9926,4.9826,4.2459,6.1281,5.3312,11.3411,8.1257,12.7877,3.1407,6.2922,2.0199,2.5554,2.126,2.392,10.1202,6.0451,4.8031,2.1354,8.387,6.5519,4.2275,7.231,10.2936,0,2.1681,2.431,1.7178,5.769,1.7028,8.63,5.8944,8.5838,2.7521,9.5453,11.0217,7.1319,5.7906,0,0,1.2105,7.3022,0.9707,0,8.4073,7.6035,6.7843,4.6859,4.4486,5.2474,0,12.0843,2.7076,1.9259,2.7992,7.0953,8.3369,0,5.0419,6.783,6.1137,7.1484,6.0161,1.2331,5.6931,1.157,0,4.357,12.0556,3.4158,3.2348,1.4441,1.3096,3.644,8.0509,1.7253,2.8458,1.5838,1.6597,12.6597,7.671,2.3791,3.7674,1.2666,0,1.4603,1.3604,0,6.194,8.433,5.9883,6.3015,1.5137,5.4165,6.6838,4.1677,0.1711,4.2414,7.1398,3.6907,5.0947,2.9785,5.6136,9.4356,1.7898,0,0,0,0,2.7133,7.9814,3.8223,3.502,1.6517,1.0245,6.5354,0,0,4.1693,7.8997,3.5659,5.7112,6.7495,6.6994,8.7695,2.1175,5.3834,5.1235,7.7582,6.8593,9.4255,2.1897,4.8279,0,0,2.8381,2.7344,1.7423,3.3307,5.3777,2.0234,0.7274,3.0357,5.8844,2.4159,10.1017,2.2776,5.1593,2.1105,5.607,4.9797,10.4818,1.28,1.4359,1.5015,3.8001,6.5582,3.3763,2.4645,7.8999,5.9387,6.2125,0,5.5308,3.4835,1.1422,2.1995,0,0.8731,3.1235,4.2319,5.5694,9.1391,4.0822,4.5415,5.6346,2.1648,9.5866,0.7005,8.1971,3.8668,9.5963,2.6237,0,7.421,5.4816,0,6.4076,7.1391,0,7.5998,1.3192,8.7403,3.9288,0.9751,4.4895,3.3679,5.5326,11.8472,7.8986,0.9187,0,0,9.465,0,6.4744,0.9735,6.423,2.657,10.1971,7.4326,7.9858,11.0997,6.7913,10.6502,10.2438,2.6204,4.2898,4.2679,6.0628,8.5149,5.5721,1.0804,8.4133
"LUM",11.6839,9.0829,7.3711,10.9921,10.6419,11.395,10.4409,11.446,7.4609,10.8296,7.4275,6.5211,5.745,6.6457,11.9365,14.0365,6.9773,8.0258,5.8188,12.0183,12.4683,6.3058,10.6062,5.5619,11.2646,7.3109,12.7083,5.581,9.596,5.7337,2.2453,5.7353,10.4977,7.8572,5.8526,7.4761,10.7602,12.0156,8.5627,9.3059,10.3985,8.5842,9.1999,9.5974,5.9586,12.3868,11.4032,7.0318,8.7222,5.1961,3.6643,7.2481,7.5804,12.0218,5.4333,7.7594,1.1106,10.17,6.2807,6.5415,10.5414,9.1163,9.0016,12.056,10.8178,5.381,4.0647,5.2811,4.8994,4.8742,8.4477,8.9068,12.0117,9.9679,12.6549,7.7054,6.3762,14.2033,7.3556,9.778,0,8.7154,6.2784,8.1917,10.4435,3.9782,9.288,8.8729,4.7337,10.5656,9.8331,8.7856,9.5926,1.1345,13.1143,6.4655,0,12.7344,11.6101,11.1693,10.2367,5.2589,5.0463,7.7234,11.3116,9.8659,11.7579,10.1436,9.8197,10.991,7.032,8.957,4.5901,8.9911,12.5551,6.5493,11.627,2.7889,8.229,6.8792,5.5129,4.9077,11.5334,8.7494,8.1663,10.6423,9.807,6.9463,12.8048,7.147,9.5085,10.2987,9.0973,4.6146,10.6662,1.3792,0.6497,10.2421,8.953,11.3558,6.2619,13.0635,9.704,12.2479,10.0632,8.5762,12.8052,4.9758,3.3749,8.5512,8.0288,2.7489,10.2607,7.0549,1.0391,9.3261,8.9365,10.768,2.5555,10.0615,10.0466,4.1474,2.5562,5.8137,9.8645,11.377,6.305,6.9661,3.9622,12.0375,14.0287,9.2404,3.8977,8.8832,5.8096,7.8262,2.8244,1.8433,6.6079,11.6232,11.6202,10.5767,10.3616,4.1035,7.162,12.3024,10.2014,9.7959,9.5539,11.4311,6.91,8.2045,9.8526,12.5066,9.4504,11.1469,8.5159,10.5892,0.5812,10.7292,13.0662,10.5067,12.1702,3.8837,10.2481,10.978,3.1255,9.2692,9.4444,7.397,11.0723,2.8849,3.5625,5.7398,8.7939,9.3381,4.1668,5.9561,10.7849,7.8528,10.1601,12.6029,7.0247,11.1634,2.4815,10.3541,7.2491,11.9177,8.5997,9.0568,6.5042,3.3094,4.5771,9.1265,2.0835,0,10.5629,8.9443,1.97,2.6806,2.9019,6.9414,9.735,4.2468,9.0745,4.7324,8.3993,5.2047,11.2498,9.5826,10.7811,3.095,6.5208,6.7378,8.2951,9.5872,4.4211,11.865,10.9551,0,8.6197,3.0916,8.2466,7.8787,4.6895,11.3386,3.0222,9.4519,3.9926,6.4093,11.5828,4.3798,9.8075,12.096,0,7.6943,11.8787,3.2824,8.1827,8.8134,4.9268,0,3.6835,11.6414,11.0747,9.6076,9.2264,7.6548,10.6775,11.0235,7.193,5.0545,10.2385,5.5989,5.9591,10.0092,11.7562,4.2868,10.2933,11.9302,11.7195,5.7221,9.0056,8.5136,0,11.2754,12.552,12.4917,3.7383,7.8665,9.9971,8.4839,11.6663,10.6393,12.9396,12.6013,5.6516,8.9786,9.6058,10.2891,10.0263,2.9664,5.781,2.229,10.3605,6.5706,10.2193,11.7043,6.6318,9.7578,5.5474,4.0276,9.9852,6.9536,9.4259,12.0835,11.1579,10.2024,11.4515,4.5617,5.6966,9.655,13.0436,11.3814,5.5024,9.7576,6.753,11.6807,8.6193,1.8694,8.6831,2.3524,7.371,6.0547,3.8127,9.3999,5.2105,10.6833,8.9772,6.2552,1.1616,2.8821,11.2934,7.5462,10.3534
"BEX2",9.1871,1.1077,1.7444,2.8646,3.7225,7.8738,3.7515,2.4292,1.9662,3.4574,10.1805,7.5688,10.0316,9.8641,0,8.9341,2.1507,10.3851,0.9802,7.7836,9.3723,7.0948,4.3589,8.4729,1.9676,0.6429,5.7464,4.8333,8.5904,3.7014,8.9954,1.2059,7.9297,8.1352,9.1274,5.8376,1.4864,7.0326,1.3516,1.2148,8.395,1.0892,5.6893,8.674,7.2206,4.2868,9.1578,11.2235,0,10.6801,8.1401,8.2855,2.4681,8.3185,0,3.0933,6.8696,9.1321,0,7.081,7.2604,1.7416,0,7.8884,10.4273,3.2887,0,0.778,11.699,7.1597,6.9156,9.2915,2.3945,8.593,8.6656,4.3359,10.5801,7.6291,6.6477,9.5615,0.6616,2.6641,6.388,5.4774,2.9974,2.3293,0.6259,7.4803,11.3562,9.921,2.1628,2.5827,5.7479,0,6.5778,2.9683,0,6.7861,6.8407,5.5632,6.0805,0.482,9.4059,2.2138,8.3318,7.7155,3.4375,1.1812,2.8955,8.2323,1.8681,7.7605,9.356,4.2293,3.2199,10.7337,6.1894,0,8.8531,5.5081,7.5698,9.3298,8.5188,8.9691,7.2068,4.4393,5.8563,9.3203,4.1675,0.7238,1.2754,4.1367,8.2796,3.5809,4.1267,2.0713,2.4726,2.152,8.7943,1.2701,2.1948,7.2441,3.5775,7.2858,7.4693,4.1335,6.1435,5.3889,0,5.1429,2.3943,10.921,8.1472,7.9425,6.5191,3.757,3.553,9.3096,1.1503,9.698,8.218,8.6946,1.7827,0,0.8142,1.6432,8.6743,2.4652,8.6043,3.2986,0.7096,7.6121,0.5993,10.6094,0.8375,6.628,6.2675,10.0726,5.5527,9.3968,5.8335,2.7578,2.3124,3.3577,5.4841,8.0315,3.0853,2.5456,6.4399,2.834,1.4011,8.0137,9.0479,8.5252,1.3818,4.7738,7.2253,2.2082,0.9944,7.2236,7.7687,2.4798,6.7892,9.9619,1.332,8.4762,9.465,6.6205,8.8699,1.5881,8.548,9.4617,1.934,0.9596,10.531,8.7629,2.5233,10.1417,8.0184,0.8774,4.9785,5.2095,7.2472,8.6324,4.8073,5.7708,1.4422,9.4834,6.0553,3.4148,1.7407,1.4175,11.042,7.3697,10.0745,2.3501,1.7122,3.9055,6.1502,9.438,3.1648,10.9232,8.1868,7.4501,2.2789,9.6496,9.406,0,8.0053,1.1383,3.1525,7.3835,7.0857,0.6849,7.0036,9.1627,1.094,2.7354,2.646,8.0184,0.5947,0,10.0319,1.4287,2.2976,6.766,0,9.4244,10.5655,7.1743,6.0747,8.2153,2.7381,6.5711,9.9826,0,3.6267,0,1.0856,9.7697,1.4314,7.0602,1.2119,9.7246,5.6042,8.4349,8.5865,5.5185,5.386,5.9207,1.9377,3.3518,5.8472,0.91,7.8553,3.8294,1.3346,6.0954,5.2466,1.9868,5.7273,7.2716,5.2661,1.3994,1.0146,6.6969,6.7774,5.0855,2.8425,1.097,1.0564,9.3323,7.9186,6.6693,8.0428,4.5291,9.6927,5.937,5.3395,8.4109,9.1098,6.3107,7.5269,6.3338,0,6.5594,6.5175,8.6519,9.3913,4.0375,6.9871,6.9658,3.8832,10.1426,4.0993,5.2825,6.9685,3.3128,3.9859,7.37,2.821,9.6056,7.5146,7.9745,8.4604,1.4809,2.7278,4.7841,2.3266,1.4694,3.4919,3.121,5.4775,2.3604,1.3959,2.4785,7.5521,8.6421,8.051,0,8.0504,3.2147,3.2498,2.4485,2.5115
"IP6K3",3.9235,5.3857,10.1895,10.1508,7.2936,8.8986,2.7695,2.588,6.9858,1.9159,7.6839,0,8.119,10.5419,10.399,5.1205,0,1.5653,6.6885,8.0199,6.5424,1.7139,7.6161,7.8777,6.5117,4.3284,4.9846,6.0038,1.7249,4.4519,9.5606,0,5.3143,6.9567,4.8954,4.5769,2.6793,4.0456,5.979,0,2.9796,0.6451,1.3151,3.477,4.6528,1.9175,4.7794,8.8321,1.4434,9.1122,2.7738,7.7558,0.931,4.5687,5.177,1.5279,1.7307,6.9711,0,0.9708,3.6725,2.6937,10.7121,7.9564,5.9599,0.846,2.1688,1.6528,1.1225,8.4686,1.504,7.8948,0,3.9913,5.9858,9.6641,6.5373,4.7688,3.2867,9.6065,4.7646,0.6718,2.3047,9.707,8.288,5.1473,5.3062,6.6412,0.7432,5.5372,3.5151,9.222,4.5255,0.676,6.0845,7.3467,1.1122,3.2078,4.3586,7.6532,3.2845,0.8427,9.3917,8.0107,2.899,5.2428,5.0256,2.7452,1.506,8.335,0,7.8019,2.3049,1.1268,6.9598,3.7452,8.1375,2.4057,3.1075,6.2882,1.1982,1.4104,4.347,3.7614,2.8835,2.5118,3.2423,8.657,7.0891,0,1.9416,0.9424,8.1107,4.6749,8.9554,10.4369,0,1.1031,6.8305,1.9349,1.1328,3.1532,5.8289,5.2163,4.8621,2.4069,4.7994,9.9875,5.6208,6.1223,1.2745,7.2144,6.5481,11.3682,0,9.2391,10.1548,2.7275,0,3.7795,7.6593,6.1395,1.7827,3.1757,4.5698,2.7361,3.0764,7.327,4.3251,8.4834,7.795,7.3271,9.9206,6.6666,0.8375,10.055,2.9913,7.268,4.68,9.668,3.9454,4.9795,5.5792,0,10.4067,10.4802,1.4135,0,5.4892,9.0923,9.0424,5.263,8.6022,3.3434,1.3818,5.329,0,2.0063,2.4502,9.8684,4.1384,7.6982,3.3501,0.6326,10.9324,0.6725,8.4054,7.0141,3.9359,6.0921,10.0092,1.8722,0,0,3.4884,8.3052,3.2956,1.0573,3.4969,0,5.5643,10.4315,0,4.3213,7.5621,7.9255,4.7875,2.4206,8.5327,2.2827,1.7407,8.6693,5.7131,9.3995,9.5696,3.7329,6.8505,10.7487,1.97,7.7097,2.995,6.4669,0,4.4583,10.2132,2.0696,0.868,0.8184,6.5682,6.8987,6.9789,3.2064,11.4462,8.9636,0.6289,11.8183,0.6483,5.4095,4.6023,8.1849,9.8357,2.4633,4.9438,10.9817,0,6.4687,0.9188,1.4457,0.5668,3.5031,2.9887,6.7708,10.3624,6.0328,0.9823,10.3543,6.0891,8.2644,9.2955,0.9438,1.7061,6.8514,5.8149,4.1461,4.2223,1.8252,5.5484,9.5354,9.9862,3.7078,9.1476,1.7235,10.5225,0.5256,2.1908,1.5301,7.7825,9.4649,2.1538,8.4632,8.5516,9.9457,7.0663,1.3994,3.7273,4.5444,7.2611,3.8388,7.096,2.1432,8.1131,1.3207,2.4252,6.4512,8.5069,7.9346,6.9683,0.7028,9.571,3.7822,1.5511,1.8302,4.6663,0.7971,5.4826,5.6825,2.918,5.4024,5.3552,8.1127,6.5319,10.1284,3.8235,7.8292,7.3749,0.6713,1.9288,10.4736,6.2331,8.413,4.9036,10.9911,2.5456,2.5437,2.1408,1.1337,1.0874,2.1461,3.5496,0,7.081,7.4472,0.6208,5.9134,1.0619,9.5201,8.3258,4.1399,10.6602,10.9559,3.9859,2.0656,6.8029,3.1739,1.3603
"H19",14.4323,18.8971,14.372,12.7591,15.2328,12.8427,12.258,9.5503,10.11,12.5883,17.813,11.1495,11.0305,8.9807,13.3339,16.7185,11.1996,18.1808,16.156,11.754,14.9421,11.0715,17.3217,18.6448,10.9306,8.2621,11.4288,19.233,10.6817,12.948,15.1123,9.096,18.6576,9.8565,11.5814,12.401,13.6738,13.4024,10.1212,10.9228,11.6785,9.4971,8.696,12.2171,19.212,12.2813,11.4151,16.5305,18.8767,11.0065,18.5149,10.8171,13.6008,11.6647,8.9816,9.222,13.1622,17.5268,8.0203,9.6258,12.1609,12.527,7.229,13.2505,15.643,11.2268,10.0957,9.5063,8.8788,8.7517,9.7883,13.7248,9.5208,13.5486,9.917,12.003,18.8568,12.1498,22.1587,18.416,15.1127,8.5988,10.6103,10.9072,19.4501,18.1292,10.9817,9.0074,11.7129,17.4334,10.5065,16.1745,12.8841,10.0606,14.2962,11.6116,11.2092,12.1207,11.9752,11.7906,9.247,10.6357,16.7033,11.4629,10.5959,17.5594,10.0541,13.8962,10.997,12.6967,11.3487,19.5395,14.2839,10.5447,10.1906,15.4622,20.0826,10.9458,8.4514,14.4326,11.6568,8.5881,13.0642,12.2678,12.0418,11.0032,10.9354,18.9606,12.6907,10.9013,11.9214,9.6062,10.0434,18.8325,16.1361,10.7101,9.577,11.8511,17.8791,12.0688,11.2574,11.5021,11.0247,9.777,16.7818,14.9984,15.3286,11.0353,12.0271,13.783,16.8119,19.7936,12.8514,15.5036,11.0399,12.8847,10.4556,12.9323,9.348,18.1021,11.3174,19.6589,8.9251,10.3886,11.3174,11.4814,12.1218,12.1145,8.9451,12.4843,11.2938,10.7176,10.6532,11.1368,9.5343,16.1863,11.9502,8.143,11.8356,18.0791,6.6357,11.7439,10.1238,11.258,15.6986,19.6505,9.8276,10.1626,8.8964,9.7775,12.7231,13.0373,9.6506,11.7253,10.2475,12.1762,9.6466,9.0207,11.5881,19.8423,16.0662,10.7644,14.8707,13.6928,10.3121,9.2825,11.308,10.2811,19.0066,10.7662,13.1553,12.5287,11.409,9.1662,19.0036,14.3634,9.4535,19.4437,10.0928,11.5132,11.9782,16.992,10.9179,17.8025,12.1271,11.6,11.4096,9.5959,17.1236,11.321,10.5715,8.7312,19.636,15.0715,20.7579,9.6319,15.0834,11.2248,14.6005,14.5451,9.0208,8.6544,18.7947,8.5185,12.7875,12.9572,12.3385,11.5752,11.7926,11.0288,13.2744,10.5075,9.9462,9.7907,20.1762,17.6066,10.5717,12.158,10.012,10.7881,12.9002,8.7926,19.4352,11.1565,10.9796,11.8473,11.1979,12.9693,18.9492,15.2092,18.221,18.6601,11.4682,16.58,11.6288,9.8464,10.2754,21.648,9.6257,10.8491,9.0831,16.4652,12.4059,14.1162,8.3766,16.9343,16.355,10.6899,10.5866,9.171,11.6193,8.6119,13.3669,10.4997,9.1676,13.1885,14.5973,14.3102,8.4408,11.7408,16.4839,12.2997,11.9319,7.9225,11.4192,13.3292,10.7763,18.4676,18.9481,10.7854,9.9948,10.2507,11.9523,13.44,11.2311,14.9948,20.2679,13.5255,17.1713,11.546,14.6773,10.1495,18.4769,9.8525,10.2621,9.7772,10.8386,16.6867,17.5588,13.5192,10.4397,7.7707,10.6613,19.9319,8.9009,11.2203,9.8173,10.5159,13.4284,16.4762,10.6748,13.8093,10.2912,14.6721,11.716,10.5262,11.0377,8.1545,10.8129,10.4203,9.9795,13.493,10.0532,12.6156,9.8575,11.0755,9.7263,18.6923,13.1958,9.7912,13.2649,11.2543,12.1949,9.8914,11.9041
"WFDC2",7.5993,2.0285,4.6827,2.2829,3.7518,3.8406,1.4128,0,2.4226,5.8886,0.9488,10.4649,5.1265,12.1631,5.4592,3.4706,0,5.5857,1.9702,4.2619,5.2659,0,4.3965,2.3795,8.634,4.5521,3.4505,10.1899,0.6566,6.8235,2.2453,0,1.9367,10.0014,3.7588,0,0.6786,10.1678,0,0.9113,6.9871,0,5.0764,5.2794,3.9535,5.351,4.0212,7.2466,0.8951,8.2528,0.8751,5.5218,2.687,3.3884,0,0,0.6597,2.0465,0,3.8519,4.5358,5.0114,0.7795,11.8346,7.7763,0.846,0.6625,0,7.6605,1.4364,4.2752,7.2696,0,9.139,4.2342,4.2861,2.1916,8.3263,4.7305,8.3743,0,3.021,3.9494,9.1048,1.2613,0,4.3228,4.0391,2.3343,7.3372,1.2577,3.8894,5.3595,0,8.1987,6.8876,0,0,3.7161,5.3382,2.6927,0,10.9294,0.7889,8.1469,0,5.968,1.1812,0,4.3568,2.2359,0,4.0182,0,3.57,0.8697,5.6023,0,0,4.9847,4.9736,6.2563,6.2928,9.844,3.9406,4.9146,0,0.9649,6.4032,4.7925,5.0114,4.3797,6.1509,1.3599,3.4678,6.6933,0.6497,8.025,2.6085,3.0924,0,7.1498,1.1053,2.9344,4.4545,3.8651,8.1932,5.0136,0,0,0.5588,6.5905,3.8189,9.7324,9.6972,3.988,3.4477,7.087,2.3974,6.2465,4.2946,4.6155,4.0228,0,0,3.7041,2.0884,3.2323,0.4908,4.3063,8.9576,8.9218,0,3.2963,10.449,9.1676,0,6.1561,6.4188,5.9998,9.8694,6.1327,1.3712,3.895,0,7.1974,1.8056,0,10.5186,6.7586,5.8278,3.7199,13.1247,8.4194,0,7.7722,3.1412,8.8632,2.3129,6.7846,4.6797,0.726,7.5488,4.3012,4.7976,0.6725,1.5517,12.2231,9.0147,5.705,10.4341,0,0,0,5.1451,6.0238,1.8929,3.9121,7.8905,0.8774,0,9.3887,3.5678,4.233,4.3475,5.0188,3.1256,4.2587,8.8019,1.1945,3.2611,3.3094,4.3533,11.6825,2.4108,2.6926,2.3173,9.4604,5.1107,0,0,3.0121,9.333,0.6776,0.7156,2.4772,5.6817,0,0.7164,1.4864,6.7104,1.9044,1.9294,0,4.2504,6.2456,3.333,3.4675,1.3234,0,1.6045,4.0044,1.1639,7.5737,0,9.9057,0,9.8818,3.4733,1.1968,5.7152,0,4.0281,5.0259,8.4483,9.096,2.8464,4.6581,1.0856,0,1.0918,6.689,3.1103,7.4461,7.6018,2.2676,1.8548,1.8036,11.1674,6.4045,10.4994,0,5.1193,0,3.1252,10.2173,0.8164,5.9467,6.4633,4.6269,5.4845,4.2851,3.5878,0,0,1.5779,7.6267,3.3033,2.493,4.0337,2.7947,10.9343,2.097,4.4591,7.7053,6.1856,2.7582,3.8261,5.6034,1.8284,1.5511,2.395,0.4062,0.7971,1.3412,0,3.9913,2.7017,6.6197,10.3263,13.0154,7.9777,4.8634,11.0667,3.6618,2.6628,5.1737,0.6743,7.1568,4.77,2.2428,6.7102,6.6408,4.3933,7.1376,1.1337,0,1.4399,3.975,0,2.318,0.5977,1.883,11.2825,1.6669,5.9713,0,5.4119,3.6906,0,0,0,5.9209,4.1652,2.8619
"USP9Y",0,4.7018,0,5.9176,7.5405,0,8.8174,6.9446,4.0867,5.8886,4.2229,6.7434,0,7.4398,0,0,5.9756,0.9853,8.2867,6.3621,6.8319,3.7595,0,0,5.7583,4.7457,6.8071,4.3832,0,8.2322,2.2453,4.3647,8.6762,0,5.3771,1.5656,5.3233,8.779,0,7.1974,7.3723,7.7611,0,8.3517,0,6.4138,4.3396,0,3.6062,5.4648,0.8751,8.4675,2.877,7.8586,4.3992,4.1662,3.4403,9.0588,3.3518,3.1176,5.0907,7.7851,0,7.2767,4.447,6.856,8.5172,6.0454,3.1132,4.2286,7.8941,0.8708,8.5417,3.8014,7.1165,7.7148,0,0,6.332,8.2535,0,0,7.2275,4.3717,5.7941,0,8.0616,0,4.5796,5.5885,4.8835,6.8837,8.7823,0,8.4332,0,7.691,5.9812,0,7.8175,9.0289,6.3908,0,5.8339,0,0,6.5412,8.5604,4.8839,5.9733,7.7096,0,0,0,7.3189,7.6226,8.7194,4.6847,0,0,5.3846,5.4357,0,6.9446,6.0355,7.0723,5.6727,5.0603,8.1093,4.1651,7.097,0,7.4994,6.1061,6.443,7.1969,8.9355,5.4423,4.0818,7.244,0,0.6452,4.3628,0,5.0174,4.1335,0.6006,7.2993,4.2023,0,9.1174,8.4035,0.4826,0,3.5296,2.2964,7.9001,0,0.6869,0,8.4457,10.2303,2.8282,4.1761,3.9456,4.4281,8.3083,6.2094,8.1591,6.7275,7.2009,0,7.4131,0,7.2413,0,4.3304,0,0,0,0,7.2148,0,4.1974,0,0,0,5.8842,3.5976,6.2927,0,4.2679,4.981,6.7734,8.0318,5.6339,3.4301,8.4152,3.0775,7.8084,0,0,7.7827,2.1052,8.6589,0,4.2982,0,0,3.8117,0,6.0887,6.8069,3.449,8.5723,9.2055,7.4927,0,0,3.3515,7.2232,0,0,8.7019,6.0709,6.5069,5.2449,0,6.4769,0,7.3312,3.845,0.6524,0,0,8.8542,4.6709,7.9695,3.5778,0,7.3518,3.2978,8.6079,7.5082,5.6195,0,8.8212,6.185,0,0,6.7335,2.3548,9.5153,4.729,3.8739,0,3.8123,4.9034,5.0899,5.4234,7.8587,7.4372,5.4733,0,3.3418,8.568,0,1.1039,0,7.7774,0,0,4.7293,7.1409,6.9072,9.4585,4.6875,8.1849,0,0,0,6.8155,4.8795,6.5328,8.5245,0,7.0712,0,8.6873,3.8654,0,7.977,8.0874,4.4942,3.548,5.2044,0,0,6.3104,8.241,0,7.007,8.3316,3.818,3.6116,4.3475,0,0.7081,3.8962,7.4582,5.8366,0,1.6715,7.2415,8.6277,7.5761,8.4143,4.0612,0,0,0,0,0,4.1671,7.079,9.0062,6.8513,0,0,8.3062,0,3.5504,6.7557,0.7415,6.8883,0,4.8961,7.7191,5.763,5.5308,4.3968,2.5574,6.0861,7.7524,8.1281,6.2748,6.9097,0.5143,3.975,3.2995,7.8052,3.8934,7.6121,7.3544,0,7.7132,5.8522,5.7669,0,0,0,7.4872,0,5.7799,7.6443
