"","TCGA-ES-A2HS-01","TCGA-GJ-A3OU-01","TCGA-UB-A7MF-01","TCGA-DD-A4NO-01","TCGA-DD-AAD5-01","TCGA-2Y-A9H6-01","TCGA-CC-A9FS-01","TCGA-DD-A115-01","TCGA-DD-AADM-01","TCGA-BC-A3KG-01","TCGA-RC-A7S9-01","TCGA-DD-AADF-01","TCGA-EP-A3RK-01","TCGA-DD-AAEG-01","TCGA-CC-A8HS-01","TCGA-G3-AAUZ-01","TCGA-DD-AAW0-01","TCGA-5R-AA1C-01","TCGA-CC-A9FV-01","TCGA-DD-AAE1-01","TCGA-G3-A3CH-01","TCGA-CC-A1HT-01","TCGA-DD-AAE0-01","TCGA-CC-A7IJ-01","TCGA-DD-AADG-01","TCGA-DD-AADN-01","TCGA-G3-A3CI-01","TCGA-RC-A6M4-01","TCGA-WX-AA44-01","TCGA-G3-A3CK-01","TCGA-DD-AADL-01","TCGA-FV-A4ZQ-01","TCGA-DD-AACO-01","TCGA-DD-A4NE-01","TCGA-G3-A25U-01","TCGA-2Y-A9HB-01","TCGA-DD-AAVW-01","TCGA-DD-A4NV-01","TCGA-DD-A3A7-01","TCGA-CC-A5UE-01","TCGA-DD-AADO-01","TCGA-LG-A6GG-01","TCGA-EP-A12J-01","TCGA-BW-A5NQ-01","TCGA-BC-A3KF-01","TCGA-UB-A7MB-01","TCGA-DD-A4NJ-01","TCGA-DD-AADQ-01","TCGA-EP-A26S-01","TCGA-DD-AADR-01","TCGA-DD-A1EH-01","TCGA-DD-A1EE-01","TCGA-DD-AAE6-01","TCGA-WX-AA47-01","TCGA-DD-A3A3-01","TCGA-CC-5261-01","TCGA-DD-AAE9-01","TCGA-RG-A7D4-01","TCGA-ED-A8O5-01","TCGA-ED-A5KG-01","TCGA-MI-A75C-01","TCGA-DD-AAW1-01","TCGA-DD-A1EI-01","TCGA-DD-A1EJ-01","TCGA-DD-AAD0-01","TCGA-DD-AAEE-01","TCGA-DD-AAD8-01","TCGA-DD-A4NS-01","TCGA-DD-A39V-01","TCGA-G3-A25T-01","TCGA-CC-A8HT-01","TCGA-CC-A5UC-01","TCGA-2Y-A9GV-01","TCGA-BC-A10Z-01","TCGA-FV-A4ZP-01","TCGA-DD-AACK-01","TCGA-YA-A8S7-01","TCGA-CC-A7II-01","TCGA-DD-AACS-01","TCGA-DD-AADY-01","TCGA-G3-A5SM-01","TCGA-CC-A7IE-01","TCGA-DD-A4NP-01","TCGA-DD-AACH-01","TCGA-2Y-A9H8-01","TCGA-FV-A495-01","TCGA-RC-A7SH-01","TCGA-K7-A5RF-01","TCGA-3K-AAZ8-01","TCGA-DD-AAE3-01","TCGA-DD-AAVY-01","TCGA-DD-AADC-01","TCGA-BC-A217-01","TCGA-ZP-A9D2-01","TCGA-DD-AAEH-01","TCGA-DD-AACA-01","TCGA-DD-AADJ-01","TCGA-ED-A459-01","TCGA-DD-AAVV-01","TCGA-DD-AAVU-01","TCGA-G3-A3CH-11","TCGA-FV-A3R2-11","TCGA-DD-A3A2-11","TCGA-BC-A10T-11","TCGA-DD-A3A6-11","TCGA-FV-A2QR-11","TCGA-DD-A1EG-11","TCGA-DD-A39X-11","TCGA-DD-A119-11","TCGA-EP-A3RK-11","TCGA-DD-A11B-11","TCGA-BC-A10Y-11","TCGA-FV-A3I1-11","TCGA-DD-A11A-11","TCGA-DD-A116-11","TCGA-EP-A12J-11","TCGA-BD-A2L6-11","TCGA-DD-A114-11","TCGA-DD-A39Z-11","TCGA-BC-A10X-11","TCGA-DD-A11D-11","TCGA-DD-A118-11","TCGA-DD-A1EE-11","TCGA-DD-A1EB-11","TCGA-BC-A10W-11","TCGA-BC-A10R-11","TCGA-DD-A1EI-11","TCGA-DD-A113-11","TCGA-DD-A1EJ-11","TCGA-DD-A11C-11","TCGA-BC-A10Q-11","TCGA-DD-A39W-11","TCGA-BD-A3EP-11","TCGA-ES-A2HT-11","TCGA-BC-A216-11","TCGA-DD-A3A4-11","TCGA-DD-A3A5-11","TCGA-DD-A1EH-11","TCGA-DD-A1EC-11","TCGA-EP-A26S-11","TCGA-DD-A3A3-11","TCGA-BC-A10U-11","TCGA-BC-A110-11","TCGA-DD-A39V-11","TCGA-DD-A3A8-11","TCGA-DD-A1EL-11","TCGA-DD-A3A1-11","TCGA-FV-A23B-11","TCGA-BC-A10Z-11","TCGA-FV-A3I0-11"
"XIST",1.7832,0.7573,0.6399,1.0458,1.0135,13.493,0.72,0.9447,0,14.051,12.0133,8.7729,0,12.0224,0,1.506,0,0,0,0,0.7083,4.0486,9.7965,2.6924,0,0,3.6788,10.642,8.9313,0.91,0,3.8253,0,14.0066,14.43,2.0623,0.7688,10.3716,0,0.6156,0,13.29,0,3.6173,12.8823,0.8447,14.6397,0,0,0,0,0,11.3227,11.1274,1.0391,0,1.7073,6.8054,13.4187,13.4331,2.303,0,0.4923,11.2432,12.2421,0,9.8147,13.4909,3.1076,7.8006,7.9472,2.2436,13.3879,13.0813,2.8446,0.3372,2.5185,1.2389,2.025,13.4695,11.235,0,0,0.1791,8.0519,6.3914,1.1857,1.6323,0,0,0,2.1044,11.6437,0,0,0,8.0386,0,0,0,3.3114,1.5376,11.1543,5.9959,7.4507,0,0,11.3519,0,3.6741,0,5.1426,13.0507,0,0.8568,0,2.5113,0,13.0271,12.6378,11.9949,12.6691,0,11.949,6.1217,12.8298,0,12.0853,12.1781,0,12.8825,10.7112,11.3696,0,12.1088,0,11.1542,2.1836,12.8411,0,0,6.1553,11.9145,0,2.6633,0.6383,5.156,12.8669,11.267,10.5787
"RPS4Y1",13.9409,11.0681,12.5429,12.2118,12.6427,2.23,11.7207,11.7389,12.9127,0,1.1382,0,12.44,1.6129,12.6475,13.2369,9.4813,12.0509,11.6315,13.2772,11.5785,12.2355,0,9.4239,9.148,13.8697,12.406,0,2.5096,12.5118,7.1347,13.2968,13.2809,1.112,0,11.9359,11.9853,9.312,8.2321,7.0551,9.935,0,7.4242,9.1041,0,12.313,1.3712,12.3601,12.2508,13.1549,8.7253,11.3283,1.5138,1.7173,13.405,12.1512,12.0502,8.8856,0,0,13.4682,12.0454,12.1578,1.2022,1.7344,12.4597,1.5297,3.4342,13.0766,0,7.8958,9.8544,0,1.1979,12.948,12.3439,12.3888,14.6727,10.815,0.9438,9.2458,9.1598,11.7407,11.2537,0,0.8379,7.5329,11.2402,12.5719,13.0387,11.8299,11.9994,0,8.3453,12.4042,13.0223,1.0562,7.4063,11.4112,14.2219,11.5601,11.3745,0,11.7921,0,12.1927,12.0048,2.2372,10.8723,11.6386,11.5203,12.0116,1.5119,11.1591,11.794,11.3914,11.8839,11.5427,0,0,0,0,11.5364,0,12.0953,1.2505,11.7441,0,0,11.7406,5.1872,0,2.2028,11.931,0.9527,12.2361,0,12.1078,0,12.0173,12.3225,11.8719,0,11.8203,11.8886,11.9188,13.1011,1.1966,0,1.4864
"CYP1A2",7.6411,2.7053,0.5588,4.2667,1.3382,3.0674,13.4102,12.6072,8.8123,2.8687,0,0.8891,9.5776,9.0146,0,8.0403,7.7799,10.5461,0,0,2.8755,2.0886,5.5794,1.1439,10.6534,2.0308,4.3335,15.2846,6.7885,9.4688,8.9907,4.2688,4.062,0.6606,0,9.7734,3.8453,11.2761,4.8148,6.6283,0.9133,2.4606,14.5324,6.387,6.2887,5.4618,0,5.4408,15.17,5.9231,0,15.641,4.378,1.7173,5.2042,5.4428,13.3082,2.4396,1.0573,0,15.5088,14.3272,10.0476,5.3346,9.3385,9.257,5.503,12.9269,9.9402,8.5683,6.3192,10.9178,3.7751,9.6374,1.8953,7.8882,8.5924,1.0562,2.025,2.7097,5.3524,2.3182,9.1556,5.3969,0,11.6595,1.1857,12.821,11.7001,9.8295,12.5984,7.6187,11.9171,4.877,14.8552,7.9941,2.6775,2.7436,5.1405,2.7868,14.9747,12.5863,14.4006,14.6509,15.3493,10.9162,14.3238,15.5015,15.0932,15.4418,13.1216,15.4636,14.7454,13.601,14.3989,13.2293,12.161,12.2462,14.9993,15.3398,15.188,14.7899,12.0039,14.7993,14.7971,13.9113,14.3424,16.2304,12.5804,15.1608,14.483,15.4768,14.2085,12.2741,12.7826,13.13,14.7798,14.8258,14.2402,14.5747,13.2601,12.6402,13.4756,12.3589,13.6819,14.1407,14.8511,14.6486,13.1909,14.9012
"GSTT1",12.7023,9.9921,12.1721,11.4397,5.5021,0,3.0214,11.5629,11.5344,9.9948,11.034,0,1.0969,11.0024,0,11.7569,0,11.3278,13.1319,0,10.9317,0.3461,0,9.9874,0,0,11.3776,12.6818,10.4261,11.6988,11.4771,9.7871,11.5795,11.2843,0.6558,12.0847,11.6759,10.1679,4.2823,0,11.4364,10.914,11.9204,10.3479,12.2054,0,11.328,0,11.1193,11.2517,11.1773,10.1653,1.1616,0,2.0582,9.8054,0,1.3074,11.2062,9.4666,10.8741,0,11.6059,10.7338,0,11.2006,0,10.6526,0.9574,11.2893,11.1558,9.8804,10.8972,11.3649,11.9474,10.802,9.7302,8.9239,0,11.1869,12.0892,0.8459,11.2716,0,11.2832,12.4331,1.5421,12.4665,0,12.3718,11.6022,0,0.5843,9.7733,11.401,12.2531,1.6594,0,10.248,12.9808,11.3847,11.4508,12.7835,0,13.0524,11.2772,11.603,0.8015,0,1.063,11.2222,11.1203,12.3275,0,11.6748,11.213,0,11.2093,11.7953,0,11.4492,11.3582,11.1041,0,11.4071,11.0602,12.2159,11.3304,12.0501,11.2621,11.371,1.6932,11.8959,12.2384,11.2961,12.2283,11.7557,12.6155,10.7743,11.8048,2.6456,12.0868,11.2715,2.3394,12.989,0,13.2944,2.2857,11.3211,12.5624
"GSTM1",11.6599,10.2395,10.0009,1.4981,9.0212,6.7751,2.2879,12.268,12.7339,2.7887,9.2324,12.2301,13.2027,1.8373,2.048,1.506,2.3155,13.5352,3.662,1.5558,11.8956,1.7824,6.8989,8.5592,2.6935,2.493,3.2035,14.1397,0.8339,13.6772,2.821,9.763,8.9455,5.1636,12.037,1.7606,0.7688,2.2829,2.0899,2.3944,5.9324,13.0862,13.8056,9.2805,12.2222,11.6857,12.9068,0,14.1866,10.0333,5.6523,0.8427,3.0742,10.2317,9.6468,0,3.6239,4.5313,5.1753,7.7231,1.6018,1.9991,0.4923,1.2022,2.8875,3.6196,1.5297,2.206,2.2532,9.2054,2.7007,1.8173,1.823,2.007,0,9.4399,1.5962,0.6226,1.3419,1.5096,2.7428,7.7192,2.8799,10.5395,2.5117,11.634,3.7811,13.0652,0,11.6474,3.4858,9.2269,1.9985,11.4324,11.9872,2.165,1.6594,11.0989,1.5927,3.0663,13.0699,2.3361,13.3808,12.8356,13.6472,1.6124,14.405,2.4483,12.9023,14.3312,13.2146,4.6233,1.9175,12.6606,3.053,13.4797,10.9949,12.4294,13.7695,14.1611,13.6398,13.6721,3.197,1.5756,4.1844,13.5414,1.2196,1.0154,1.4292,2.9618,13.9879,1.3157,3.4476,12.551,13.3824,11.7169,1.5726,13.607,12.4948,13.9445,11.7271,5.3231,13.7587,2.3394,1.0445,12.9242,0,12.3197,2.6378,0.9267
"INS-IGF2",6.4428,1.9111,2.4491,0,0,6.5379,3.149,2.9273,0,0.8383,0,0,0,0,6.8893,0,7.387,0,1.4451,8.5785,3.9697,0,4.9261,0.4887,4.8476,0,3.0952,7.6855,2.0488,11.8989,1.263,6.5731,4.5234,2.3189,3.3027,0,4.5994,8.689,0,0.6156,5.7863,0,12.9569,0.9761,0,0,1.7571,0,8.3691,1.8309,7.3375,2.5272,0,1.1004,0.9786,0,0,0,3.9332,3.9517,0,10.7015,9.302,5.9264,0,0,0,10.4824,0,1.2842,0.6881,4.4847,11.5878,0,0,0.676,5.4511,4.1813,0,0,6.1937,3.8235,9.8439,3.2235,4.3243,0,5.0461,11.0591,3.6781,0,10.6176,0.868,0,5.6554,4.3416,6.4325,6.0348,0,1.8266,0,11.2191,8.093,11.2042,12.2682,10.0146,11.3452,11.3262,11.7167,13.2875,12.5641,12.8575,12.8242,10.7821,12.7551,12.4512,12.8058,11.0755,11.3882,11.9166,12.9915,11.6054,12.1464,12.2792,13.1039,11.7303,12.333,12.4319,12.7554,12.0163,13.5076,13.1045,12.0653,12.171,8.8041,11.0619,10.4075,10.3661,11.5614,12.861,12.8683,10.3866,12.2679,9.612,7.2617,11.1701,11.8091,7.7648,11.6081,9.9334,11.8834
"REG3A",0,4.9064,0,0,15.6004,12.3122,0,0.8349,0,0.4792,0,1.435,17.2012,5.6556,0.6064,0,6.6584,6.8305,0,0,0,3.3908,4.4467,0,12.7888,0,0,9.0309,0,15.7116,2.2428,10.4731,0,0,0,2.8014,6.2405,0.5688,5.817,1.6456,0,1.0882,2.4695,12.7545,0,0,0.8427,13.1628,8.5212,1.8309,0.4895,9.4819,0.6947,10.9837,14.2164,0,14.9504,8.4228,0,1.3294,3.2956,18.1718,0.8586,8.688,16.991,13.0201,3.5084,13.575,10.8994,0,10.6356,1.4237,0,0,0,2.9227,2.599,12.0898,6.869,0,6.5963,0,19.5473,8.9586,0,6.877,0,0,0,0,9.7242,4.6866,0.999,0,2.7323,12.3616,0,6.8448,9.3131,0.7971,0,0,0,0,6.2067,0,1.5224,0,1.4076,6.3887,0,0,0,0,0,0,0,0,1.0146,0,0,0,2.1704,0,2.1494,1.2505,0,0,4.0705,0,0,0,2.4606,1.1484,0,1.7539,0,0,0,0,0,0,0,0,0,1.4165,4.7544,4.7806,0,0
"CYP3A4",8.5072,10.1729,1.7507,13.0928,1.603,12.5277,14.6784,9.8763,10.6367,6.0787,5.0887,10.1266,12.7691,12.49,2.5117,10.0785,13.4632,17.032,2.2887,5.5716,10.0293,4.1324,8.9172,6.7421,17.7503,1.3466,14.3739,19.0562,12.641,15.7162,12.866,8.2273,8.2003,11.2506,15.2085,12.3906,14.9601,12.104,8.5064,8.3612,4.4726,9.719,18.0253,8.1783,16.9389,16.1893,5.3737,3.7877,18.0567,8.568,2.0814,16.4435,11.0491,0,10.1063,7.5918,16.7352,8.8675,6.8664,3.0108,7.1019,18.6958,12.1144,7.3599,12.5244,14.7973,10.5484,16.3499,10.9304,12.9569,6.6704,12.9328,10.462,12.7298,4.5084,10.635,11.3172,0,10.7045,7.6341,12.0075,5.3246,17.8012,14.2449,8.787,14.0289,5.867,16.3013,10.141,18.1601,16.8782,9.9457,11.1424,11.8356,16.4351,13.2571,9.3722,10.4116,11.1488,6.3072,16.7222,17.4673,17.5884,16.603,17.8288,16.099,15.5469,17.1178,15.541,16.2063,15.5731,17.3489,17.8364,14.0842,17.1841,14.7009,14.6495,15.4607,15.9343,17.3959,16.1228,17.3871,16.4261,17.2429,16.5709,17.8674,15.7021,17.3485,17.0915,15.7433,17.6992,17.8662,15.8556,18.1454,15.6834,17.1443,17.4638,16.6073,16.6554,17.0596,16.7066,16.7257,17.614,15.3312,16.6064,15.7184,15.4688,16.3547,16.4309,17.3546
"HAMP",4.8765,8.6684,7.6619,2.8243,3.4839,8.4881,2.7709,3.9901,8.631,7.3962,5.4475,5.8387,4.2214,13.8718,5.7767,9.1162,11.4835,0,0,5.1271,9.4902,5.6459,8.8456,4.8889,8.2198,8.3918,9.8637,0,8.1941,3.1556,2.6166,1.3599,8.7707,5.6871,3.6449,5.1791,4.7942,12.3337,9.6577,1.6456,7.4441,10.2272,0.6483,2.4201,1.5651,5.6484,1.7571,16.1194,1.2148,6.4161,3.4191,1.577,0.6947,7.3529,5.4676,7.3159,0,3.3001,7.3597,1.5932,1.8929,1.7647,11.0007,2.9078,1.7344,6.7549,6.2924,11.3009,14.8095,9.5917,4.77,11.7135,12.2838,5.7096,5.2197,2.382,8.4701,6.5014,5.182,0.9438,12.3518,6.9238,11.1964,7.3549,10.7314,12.4923,4.6565,13.4446,5.0004,10.6157,3.0254,8.4513,3.0857,8.2961,10.2493,3.1441,6.4841,10.673,10.1927,3.5016,15.3793,12.6206,13.0923,15.5813,9.4737,11.9281,13.8633,14.2709,13.872,12.2006,13.5036,14.8617,14.194,14.5793,13.8906,13.1627,13.982,12.7825,14.5788,13.5454,12.0008,13.769,14.4453,12.0963,12.6178,13.6625,14.1295,12.858,11.2554,13.1551,13.0054,14.3489,9.3908,12.7149,13.5643,12.2359,14.8875,14.2334,14.0319,13.0697,16.3384,14.6497,15.8587,16.4293,13.8442,10.3741,16.0175,13.8534,13.5242,15.2175
"CPLX2",0,6.5679,7.6381,13.2652,10.3872,3.0674,0,0,10.3164,0,3.1386,3.594,12.7974,11.9213,0,4.5852,8.7804,12.2539,0,0,9.4851,6.678,1.8483,4.289,6.2196,9.8611,0,10.5816,5.6746,14.1688,0,6.3657,6.7934,0,3.8314,5.4394,9.5814,0,9.8051,12.8573,4.2892,2.1304,7.796,11.5676,0,0.9533,3.0251,3.2939,9.824,11.0125,0.4895,12.9755,5.3429,16.2493,9.7334,0.7531,11.4995,10.8468,1.0573,2.0092,13.6129,10.2253,2.6523,3.1907,9.146,14.6083,5.3445,8.1881,15.0867,0.901,11.7768,3.5775,0,0,7.4292,10.3116,1.5962,2.5503,0.8217,2.7097,8.9062,7.2827,5.2719,5.7616,0.7415,3.5878,2.2703,0,7.4529,3.1496,14.5867,12.5306,0.999,4.6449,7.91,12.7236,3.56,6.8871,8.7874,13.4117,0,0.8559,0.847,1.0917,0,0,3.0859,2.9423,1.4076,2.0936,0,0,0,0,0,0,0,2.8514,1.0146,0,0,0,4.9703,0,1.4427,0,0,0,0,0,0.9886,0,3.8593,3.0531,0,1.4749,0,0,0,0,1.6337,0,0,2.6031,0,4.7333,1.162,3.3282,0,2.6793
"TSIX",0.9981,0,0.4729,2.0681,0,11.6214,0,0.716,0,8.6921,11.9314,11.9023,1.9439,9.4868,0,0,0,0,0,0,0,3.4864,11.59,0.2406,2.2159,0,0.0768,10.8232,12.9601,0,0.5525,4.8619,0,5.1439,8.0068,0.4916,0.7688,0,0,0,0,8.7466,0,2.2384,7.5242,1.5912,6.4384,0,0,0,0,0,11.8371,11.7592,0,1.2454,0,6.1612,8.7253,6.0191,1.9446,0,0,8.4723,10.3319,0,8.3032,9.7517,2.2273,11.4453,5.4087,3.3053,9.4525,7.3478,3.2208,0,2.2839,1.5252,0,6.2957,9.4522,0,0,1.4351,7.6788,11.9626,0,2.331,0,0,0,0,12.9657,0,0,0,11.0316,0,0,0,3.2933,1.6536,10.8102,1.9238,10.5589,0,0.9533,9.7718,0,2.479,0,0,10.1289,0,0,0,1.0559,0,9.5927,9.775,10.9076,7.9404,0,8.5885,2.9941,7.7771,0,10.2249,10.2646,0,9.2577,8.7746,8.6081,0,10.9362,0,10.1617,0,8.7047,0.8155,0,1.9676,11.5916,0,1.0296,0,0,9.7654,12.3429,9.3956
"C9",9.7582,12.358,1.2745,14.6315,6.6991,5.8905,10.2532,11.6819,12.7178,7.089,2.6791,7.8142,13.2461,13.6336,3.305,13.0504,12.2344,13.8515,1.1987,7.1947,12.4515,5.243,8.5224,0,9.3496,11.7678,13.4085,7.6943,8.3266,15.0957,11.3506,6.6914,11.1037,6.5622,9.8228,13.4435,5.8929,13.0633,9.8901,9.8957,13.2177,14.7555,2.6102,1.7731,8.8212,11.4955,12.5863,17.291,0.9113,14.2902,6.477,12.9962,0.6947,13.8692,14.5926,8.3512,8.2508,9.0472,7.4156,2.3318,14.2423,4.3774,13.9296,8.5102,0,6.1478,13.4447,12.2599,13.9094,10.4431,10.782,11.4414,15.1293,8.9244,6.9992,12.4321,10.5152,4.427,6.6439,0.9438,15.5331,9.7888,15.5233,6.9374,3.1799,13.1167,6.8625,14.8895,8.8021,9.8804,4.7284,10.0266,10.5792,8.09,10.0375,4.8948,6.5184,15.3641,14.6558,12.6348,14.6833,14.7854,15.6486,15.5317,15.3006,14.7551,14.9593,16.0147,16.6758,15.4038,14.9229,15.4361,15.6488,16.3843,15.232,14.3421,15.2483,15.0945,16.0788,15.378,15.0534,15.4612,16.0547,14.4808,15.6165,15.4077,14.9062,16.3401,15.9535,15.637,15.6634,15.1998,15.1034,14.5105,16.6713,15.0501,16.0794,15.3798,16.5702,15.3422,15.4368,15.1607,15.6574,16.2487,13.8937,14.8058,15.2714,15.1218,14.9067,15.4442
"DDX3Y",8.9674,9.1313,10.0194,10.6467,6.2262,1.3084,9.9569,10.1653,8.6967,0,0,0,9.6021,0,11.4777,9.3148,8.1612,9.1886,10.0177,10.7936,10.3692,10.087,0,7.3778,6.9441,8.7009,9.7673,0,1.743,10.1128,5.6704,11.6052,9.5846,0.6606,0,9.6088,9.9274,7.8967,4.8694,9.6721,6.0136,0,9.5417,7.2282,0,9.8953,0.8427,9.6612,9.8918,10.2056,10.0814,9.6686,0.6947,1.7173,9.1349,10.2547,8.4786,7.4994,0,0,9.4168,10.6822,10.9375,0.7229,0,9.9542,0,2.0348,9.28,0,6.4957,7.22,0,0.5174,7.9935,10.0448,9.667,11.4883,10.0717,0,9.054,7.9035,10.0905,9.7556,0,0,5.0663,10.2174,9.6211,9.7507,9.3236,10.5422,0,7.3156,9.7507,9.7956,0,9.8658,9.3507,8.9668,10.1267,9.9884,0,10.6885,0,10.3382,10.0058,0,10.0083,10.2933,9.9088,10.643,0.9455,11.0993,10.4002,9.7386,10.459,10.2133,0,0,0,0,10.0699,0,10.6044,0,10.1428,0,0,10.3136,2.98,0,0,9.7287,0.9527,9.9293,0,10.1357,0,10.3805,10.54,10.6618,0,10.3313,9.5954,10.5063,9.3623,0,0,0.9267
"PLA2G2A",7.8598,9.6933,16.6005,13.934,10.924,15.331,1.8436,5.9572,12.5371,9.0341,14.806,13.6567,6.4428,16.6024,7.1075,13.0173,7.5845,2.1549,0.7205,4.4174,8.867,12.7606,7.2588,2.4424,2.0137,4.0384,12.2195,1.0619,10.0301,16.181,8.0955,6.817,12.3773,9.9806,2.7559,15.2516,3.9801,4.5678,12.1638,1.6456,9.9962,0,8.4554,9.7134,10.3097,4.8855,3.1593,17.5687,0.9113,6.7941,7.104,14.5135,5.988,19.5937,16.4612,6.3554,2.4676,7.2496,5.319,0.5891,12.2092,9.0942,5.9447,7.1677,0.6616,9.7323,5.4417,7.2795,8.8504,8.2131,10.0003,4.8035,13.5272,1.6585,12.798,7.8607,11.3922,6.9038,0,1.5096,14.5674,9.2228,14.6721,15.5205,12.5885,12.4702,2.4493,10.7813,15.2884,1.7003,0,6.8745,8.3817,9.0698,10.2252,6.7276,6.9167,12.7777,14.8174,5.5689,9.4412,11.1295,5.6588,11.6495,13.5983,7.8925,6.8945,7.753,15.5981,7.4081,13.2276,6.6571,5.8908,14.0285,10.6471,12.3394,13.2817,12.5614,14.5721,12.7194,11.6304,12.5841,15.9123,12.9854,11.7932,12.4665,8.3395,11.5615,12.8127,11.1053,11.975,11.4004,11.8069,11.2687,17.4414,8.6447,12.1795,11.638,14.6246,10.2003,12.5882,10.1134,14.6652,14.6518,10.5583,6.8254,13.9552,11.6067,13.1027,12.6471
"SLCO1B3",1.4434,5.232,0.9606,7.126,6.1661,8.9467,11.668,4.1891,4.2828,11.0399,0.6785,0,2.318,8.2264,8.8032,0,6.2154,10.0005,0,9.6249,2.9951,1.664,6.4615,9.5174,12.3758,2.0308,9.2321,11.1512,6.174,11.849,1.7369,10.7491,5.0182,7.6865,1.7233,9.1057,0,10.1173,2.9097,1.0457,7.4587,0,13.5133,0.9761,8.2076,8.2228,0,11.5949,12.4552,1.4356,1.7758,11.0923,9.7095,10.1785,7.5604,7.2328,12.9167,1.6837,10.5387,6.7401,0,13.2508,8.7887,8.2687,11.956,9.3598,0,11.8273,2.2532,7.9502,4.2733,12.0218,0,0,0,12.4262,6.7102,0,3.7042,3.8928,4.2567,11.3749,13.3886,5.3969,2.8169,6.6125,2.2703,10.8161,11.4886,12.0218,11.9944,8.3381,1.3207,7.1737,11.4744,9.427,10.8842,1.7132,7.0812,0,13.2984,11.3312,11.8706,11.1707,12.1181,10.0849,11.5767,12.9737,12.6183,11.8406,11.1612,10.932,12.3389,11.7067,13.2488,11.8753,8.951,11.9742,11.1186,12.6748,12.4367,12.2549,9.4183,12.7326,12.6346,12.4255,12.9864,12.6632,11.9351,12.1471,12.903,12.9301,11.8618,10.5519,10.7956,12.5357,12.4802,12.8712,11.6149,11.6934,9.5722,12.0281,11.852,11.8724,11.0657,12.9322,10.9119,12.4638,9.3029,12.7348
"CLEC4M",0.8951,0.7573,6.2786,1.4981,1.0135,0,4.0474,1.3603,2.8389,0,1.1382,0,0,0,0,4.9282,3.9795,1.1051,1.1987,4.3504,2.264,0,0,0.8532,2.2159,2.0308,0,0,0.8339,0,0,0,0,0.6606,0,0,0,6.3004,1.6652,0,0.9133,0.6444,0.6483,0.5691,0,0.554,0,0,0.5265,1.8309,0,0,1.7966,1.1004,0,1.6117,1.0927,0,0.6234,0,0,0.6776,6.4262,0,0,1.0534,0,8.7552,0.9574,3.3372,0.6881,0,0,0,0,0,3.4076,0,1.3419,0,2.2089,0,7.6191,0.4513,0,0.8379,0,10.4706,0,1.7003,0,2.7603,1.3207,2.7703,2.5456,0.904,0,0,0,1.982,10.0371,10.593,10.6425,10.9377,5.0814,8.3278,10.4139,9.6632,9.9613,9.8133,8.2619,11.0607,10.4824,10.9537,9.91,9.3749,10.3325,9.856,7.4884,9.9274,10.8456,9.6693,8.6445,10.0425,10.1098,10.4982,8.507,9.5502,9.749,9.8867,9.317,9.8776,10.0832,9.4981,10.466,10.7641,8.7693,9.6373,11.2372,10.1929,11.9965,9.4652,10.8648,10.4771,9.3799,8.9073,10.2469,8.4018,10.3862,8.9478
"CYP2A7",12.6583,4.8728,1.5321,9.3376,1.0135,8.1783,9.8159,11.5822,6.3939,5.1883,0,13.4211,4.3478,5.2886,2.2196,13.9193,10.5774,0,0,1.5558,10.2054,0,2.2931,0,11.114,0,11.0936,6.3095,7.4293,2.1751,13.4494,0,8.6677,8.3211,13.4202,4.9192,10.3018,14.4228,1.0606,6.6048,0.9133,11.9781,3.412,1.553,9.0281,9.5616,9.2212,2.8886,3.5322,14.5661,2.3335,0.482,5.8401,0,0,5.803,5.6022,0.797,3.1872,0.5891,2.5233,6.6685,7.0615,1.8487,4.7333,6.361,11.2733,7.9469,3.2444,3.8083,2.0201,6.4949,10.0351,14.8822,5.3854,5.573,2.9215,0,8.1152,6.4413,11.1949,3.4018,4.1237,2.6186,10.8311,9.2887,2.8823,12.0381,0,12.9635,8.7971,1.7971,10.0383,3.5749,8.5233,1.8534,3.8025,6.8159,4.73,8.6467,10.7355,11.2081,11.9586,12.6842,12.4266,9.6013,14.6854,8.344,8.0206,12.6075,10.1913,8.8098,11.9558,3.5191,12.1668,12.3231,10.3686,11.3802,10.826,11.007,12.6669,8.9412,13.1549,10.9964,9.0005,13.7733,9.3564,13.9436,9.931,10.0914,12.5574,12.3262,11.0957,13.9436,8.4662,7.9904,10.7595,11.7734,8.5772,11.6096,12.5953,10.8947,11.2467,11.9067,11.5875,10.3429,10.5265,8.8605,11.961,11.1098
"MT1H",0,7.0535,3.1766,1.7795,5.293,0.7977,0.72,4.9439,3.6485,3.4911,3.0367,0.8891,6.0301,1.6129,2.2196,0,3.5603,2.1549,0,4.046,2.9951,3.2744,6.7324,0.4887,3.7824,5.7817,8.5476,4.4731,2.0461,1.4636,6.4406,5.4362,2.6402,1.9648,11.4867,0.6755,4.9,7.2778,5.4378,3.6677,1.4682,4.1151,1.094,10.6091,6.0192,2.2465,3.5,7.703,0.5265,6.1127,0.4895,0.482,2.5725,2.9754,2.3839,3.3089,1.0927,5.6344,2.6793,1.8161,2.1349,1.1368,5.4087,3.5919,0.6616,3.8523,0,5.2544,3.2444,7.8426,5.3262,6.3536,9.5106,1.6585,5.4163,8.6948,6.8559,12.545,0.8217,0,9.5164,5.1082,6.3216,5.5058,1.8826,7.5024,0,11.6206,0,2.1292,0,6.5708,3.6986,2.9165,2.3312,6.1786,5.8632,5.708,9.3699,2.9333,11.9054,12.8884,11.414,13.3211,13.838,9.5051,11.2687,12.9318,13.3671,10.5569,10.9911,7.7808,10.5912,12.108,10.2138,7.0074,11.8726,7.4671,11.9491,13.4734,11.1562,13.0067,13.099,11.2474,13.1057,11.8578,10.0937,12.5547,11.9522,10.0248,8.7909,12.8988,12.2337,3.1552,13.9974,11.1199,12.3648,12.0323,12.6951,6.9196,10.9778,11.4508,13.4972,12.8962,12.1575,6.8809,14.1202,7.1611,10.7391,12.7931
"PZP",1.4434,5.2841,4.8535,2.3945,0.594,3.1892,1.5567,3.3791,0,10.6341,2.3795,0.8891,1.0969,6.7624,1.8531,2.2267,1.0952,0,1.5573,1.5558,2.264,1.7824,6.073,1.1439,2.0137,0,5.3303,2.4198,4.6586,1.6769,5.1126,0.6062,4.8319,2.8852,4.1909,1.1337,1.9318,3.2042,1.6652,1.8722,4.9963,1.7015,1.7089,0.5691,3.2659,8.5256,2.0613,11.326,1.2148,1.4356,1.7758,1.7571,0,1.1004,2.3839,2.6967,1.7073,3.7588,3.0989,1.3294,0,1.1368,6.9895,0.7229,1.457,1.883,1.5297,9.1792,0,7.9827,0.6881,2.7845,3.1067,2.9012,0.931,4.8665,5.3202,1.0562,2.025,2.231,2.6267,0.8459,12.3108,1.9775,1.5924,2.5171,0.7114,2.8342,1.7027,1.0874,0,2.9261,1.5837,2.096,1.7737,1.8534,1.6594,0.6505,4.5759,0,5.4738,10.4145,11.2846,10.9657,12.3182,10.7324,6.7514,13.0766,8.8651,9.5827,12.0365,5.7654,13.5542,11.7224,8.3023,2.9484,9.0592,7.0531,13.2401,12.9676,6.1577,12.4482,8.6529,13.1989,5.8069,14.3948,10.5053,11.7792,12.8672,9.5825,12.7721,12.9466,12.5034,3.3399,12.1428,5.3485,13.2139,2.4406,12.6487,10.4613,7.2013,11.5616,12.6662,10.5434,6.5786,3.3868,9.3542,12.0717,11.339,11.5447
"MT1G",4.3769,9.8972,6.4983,6.6634,7.9752,0.7977,6.6443,11.384,6.9007,5.0916,5.7667,4.2397,8.0418,4.8983,4.2301,11.9665,7.7836,4.5155,2.2887,8.0542,5.98,6.3539,9.6216,7.3244,7.9735,9.2649,13.0653,12.3395,7.164,7.9695,11.9128,11.4194,8.1809,4.4145,13.6624,1.7606,7.0964,11.2402,6.8859,9.2548,5.3798,6.4267,5.6377,14,11.1764,5.265,5.4802,14.5705,5.7625,11.0691,0.8545,6.3976,8.5105,9.1968,8.1642,5.7116,6.5529,7.8244,3.963,3.8694,5.1538,8.1404,9.3281,6.3572,4.2059,9.9851,4.8733,10.2828,6.4381,11.2492,8.0535,9.9847,13.6335,7.5057,6.8709,12.3807,10.2499,14.2587,3.5539,2.7097,11.5644,7.1833,10.8109,8.1051,3.5546,11.4276,3.1124,14.7194,1.4283,13.8405,4.7828,10.923,8.0369,7.7722,5.9609,9.4105,8.0227,9.7702,12.3867,4.9654,15.4496,15.3833,14.7809,16.3924,16.8279,13.1986,15.3668,15.9793,16.3642,14.0978,14.0912,12.7691,14.1053,14.8107,14.5312,11.091,15.177,11.9553,15.5719,16.651,14.7278,15.7684,15.8628,14.3419,16.5099,15.3331,14.1016,15.8774,14.552,13.8747,13.6864,15.8855,15.1206,6.2676,16.6773,14.6265,15.7071,15.5625,15.2615,12.6435,14.8626,15.2783,16.2573,15.9554,15.5301,12.3196,16.6452,12.3281,13.9723,15.846
"CLEC4G",4.2522,2.7053,2.9303,2.5524,5.5341,1.983,6.3785,2.5115,4.6352,0,1.1382,0.8891,6.6203,1.6129,0.6064,7.51,6.2695,0,6.025,3.6598,4.4952,2.0886,2.9073,2.8173,2.823,1.3466,3.5788,1.6669,2.2964,1.4636,0.9511,1.627,1.207,1.112,0,0.6755,0.7688,7.7522,0,1.3766,1.868,0,1.7089,0,1.3601,0.554,1.7571,2.0713,2.1773,3.2517,1.7758,1.7571,0.6947,0,2.6495,2.354,2.137,0,0.6234,1.8161,1.8929,1.9991,7.1048,1.5614,0,1.6557,0,9.5259,3.3811,6.1723,2.0201,5.5885,4.5233,1.4465,2.877,1.6352,5.3384,2.0836,1.3419,1.5096,2.362,2.5322,8.1091,2.928,1.2288,7.521,0,11.0066,1.4283,2.954,2.0218,4.2594,4.0425,3.7014,6.1366,2.7361,1.0562,0.6505,2.512,2.229,10.8714,11.502,11.6275,11.5243,6.2067,9.9975,11.3172,11.0813,11.5336,10.908,9.8888,11.2641,11.1172,11.1954,10.6688,10.392,10.7661,10.6399,9.2115,10.5027,11.215,11.4173,10.5232,10.5867,11.325,10.9544,10.0355,10.0122,10.9963,11.0428,10.7909,11.2833,11.1256,10.4338,11.0849,12.4104,9.4429,11.0587,11.5638,11.1857,13.0034,10.6377,11.633,11.3936,10.8699,10.8018,12.6412,10.0469,10.8086,10.4185
"CYP2A6",17.9173,11.4759,8.4201,14.2188,5.1347,14.5295,10.3551,16.0673,11.2644,13.147,3.7016,16.6077,8.667,11.2309,6.4379,15.7722,15.8554,8.407,1.8443,6.945,16.5312,2.9594,7.3421,0,15.0619,3.3589,14.851,14.9207,11.8029,7.5731,16.0537,0.6062,13.8682,13.9249,16.7856,13.3652,13.7334,15.596,6.6093,12.0705,5.7784,16.4753,10.9979,6.5372,13.4679,14.6418,14.0918,7.3605,9.838,15.7632,9.5517,7.0172,10.2565,1.1004,5.4328,10.1154,11.2627,5.5461,7.8193,5.6268,8.5861,12.6223,12.563,7.8493,10.1813,12.2824,16.0794,13.4328,8.3061,9.9433,6.2514,10.3767,16.0774,16.7094,12.0137,10.4503,8.9461,1.0562,13.8031,12.3048,15.2251,7.8645,9.134,5.3586,14.593,15.1242,7.5428,16.0984,7.2054,17.1732,14.7003,8.5112,13.8062,8.9465,14.5304,7.2493,9.4721,11.3928,10.0592,13.6433,16.0869,16.5662,17.0733,16.6208,17.8164,14.9407,16.5516,15.1848,13.0555,14.7778,15.6148,14.5874,17.1418,11.0993,15.4934,15.8852,15.9748,16.0996,15.6528,16.4259,15.9709,15.5294,16.0493,16.2825,13.4456,17.3219,14.8887,16.9286,15.6724,15.4227,16.3227,16.0309,16.5005,15.8635,15.7172,14.0138,16.1474,16.8701,14.604,16.6844,16.1354,16.3558,16.5368,15.3808,16.8417,15.1962,15.6182,14.4778,17.033,16.6288
"HSD17B13",10.1121,11.1988,1.5321,9.5759,2.3435,6.3742,9.359,11.9676,11.3867,8.1372,3.2338,10.5096,8.245,7.5768,4.4181,11.2691,13.1985,3.1792,2.9024,3.7665,13.9327,3.7518,7.7607,2.3312,13.3894,2.8425,14.3408,3.0126,9.6423,6.9803,13.0297,2.6374,7.9636,13.904,15.534,8.5174,13.2129,14.2457,2.4177,7.2341,0,10.8237,2.7383,2.9579,13.0429,14.1204,11.5129,8.5929,3.873,12.3818,9.5556,1.3712,5.3647,4.1829,3.5296,7.3587,10.2472,6.587,11.397,2.0092,5.8061,2.925,12.3757,8.3768,4.6688,4.4218,13.236,11.5084,2.9247,8.6974,8.3468,9.7469,13.4176,13.9213,5.0326,10.6498,7.4966,3.1853,10.5528,12.1067,12.408,3.9406,12.3274,8.3358,3.7108,12.6435,7.9031,13.309,8.5303,13.6513,10.2805,6.3695,12.4569,7.7109,12.5926,5.0355,12.5684,4.222,7.1373,9.4395,14.0323,14.0846,14.7035,14.6575,14.3841,13.448,14.0758,14.6926,13.0963,14.9358,14.2996,14.0813,14.6477,12.6347,14.1118,13.8758,13.7729,13.5046,14.4473,14.8825,14.0644,13.9088,14.2113,14.3765,13.9919,14.1292,13.8416,13.9687,14.5689,14.0114,14.2865,14.9134,13.4379,12.7264,13.4492,13.4149,14.1959,14.7847,14.5265,14.8132,13.951,14.4274,14.1352,14.4877,14.6347,14.0213,13.1048,13.2178,14.0601,13.7521
"SPINK1",2.8112,13.6479,5.0517,9.2071,10.1962,8.4702,7.8942,11.225,14.3185,12.4453,13.2394,8.2931,14.0679,15.3175,10.6551,3.0637,11.6661,4.441,0,10.5707,0,13.3093,12.819,2.0792,0,12.6858,6.2445,5.6734,12.3059,8.9176,11.4519,10.9376,14.5475,12.2327,0.6558,15.5279,5.9597,1.7726,15.5544,10.2448,15.9259,12.002,2.3136,10.4437,7.5109,9.9986,4.7646,16.8346,0.5265,12.4916,6.8191,10.8496,6.1093,13.6898,17.0845,10.5065,8.9804,8.8212,0,10.7197,10.036,5.5778,14.5017,10.4212,9.0855,13.1677,12.179,10.5814,15.4056,8.6359,13.7575,13.251,11.9725,4.411,13.6163,13.6461,10.2421,14.7578,9.518,12.9243,12.7265,7.4825,12.5151,13.8545,11.6692,12.8046,9.2964,7.5547,10.0357,6.3964,1.0146,14.947,10.2898,9.916,6.1031,3.343,15.2459,9.6154,14.7461,5.6346,4.5879,8.7435,11.2739,5.459,10.3752,1.2459,7.1911,5.2535,6.1548,5.4781,5.4391,3.7229,7.0191,12.4071,0.8568,0,5.8778,3.0807,11.4385,9.7187,2.3484,1.7502,7.3815,7.459,11.8147,8.1519,1.2196,11.7619,7.8603,8.5423,11.5293,8.2268,5.9603,8.1888,9.754,13.408,8.3346,1.4707,12.1634,6.5617,4.8247,7.7903,3.577,8.5015,3.4011,9.7184,13.9923,7.231,7.7191,5.7828
"EIF1AY",9.41,7.9387,10.2307,10.0138,6.8081,0,9.2846,9.4513,8.2846,0,0,0,9.6314,0,9.9176,9.8815,5.8105,9.1216,9.1123,9.2275,8.9926,8.9208,0,6.5065,3.502,9.0674,9.3777,0,0.8339,9.4972,3.4939,9.968,9.6448,0,0,9.0467,9.1469,6.1217,2.0899,8.2746,5.9937,0,8.7742,6.9064,0,9.2294,0,9.5546,9.3169,9.9499,8.7965,9.0547,0.6947,0,3.5296,8.8267,8.3592,6.9899,0,0,8.8925,9.0799,9.7555,0,0,9.4928,0,0,10.158,0,2.9493,6.6956,0,0,9.09,9.0711,9.3556,10.3706,9.2698,0,8.9952,6.619,9.3834,8.8999,0,0,2.4493,9.2111,9.6138,9.8992,8.5367,9.5415,0,5.7289,9.2157,9.0914,0,9.4653,9.2332,9.6699,9.3811,9.2585,0,9.404,0,9.1257,8.9927,0,8.4331,9.237,8.9281,8.932,0,9.3839,9.5808,9.0608,9.1727,9.2752,0,0,0,0,8.9808,0,9.5593,0,9.3911,0,0,8.8595,0.9886,0,0,9.3713,0,9.2249,0,9.4941,0,9.0903,9.4255,9.5428,0,9.5434,8.7983,9.3624,9.62,0,0,0.9267
"MYH4",0,0,2.9303,3.2503,0,13.8434,0,6.2375,5.1547,5.3642,10.294,13.8784,0,14.9583,8.1023,0,10.0354,0,0,8.916,5.6383,0,5.5396,0,2.0137,1.3466,1.902,0,6.5199,0,5.4724,0,3.3448,1.112,0,13.8958,10.6274,0,0,0,10.3291,0,0,1.2932,1.1212,0.554,1.3712,0,0,0,8.0065,1.131,2.845,9.4584,8.9717,8.5777,0,2.933,10.8547,5.078,2.9606,1.4847,0,1.2022,0,1.0534,1.5297,0,2.2532,1.8488,5.3262,7.6285,0.8844,11.6767,2.687,0,0,0,0,13.2795,11.2739,7.8744,0,4.5026,9.8634,11.7657,10.5984,4.7983,0,0,0,1.4061,10.0815,0,0,0.5217,13.6374,1.9443,12.6801,3.8356,0.9157,3.7168,0,0,0,0,2.7264,0,0,1.063,4.3832,0,0,1.2066,3.053,6.5708,0,12.8457,3.7274,0.6949,3.1993,0,9.0555,0,0,0,0,0,0,0,0,0,0,13.8289,2.7252,1.1286,0,0,0.8647,0,0,0,6.5209,4.1905,0,0,0,0,0,0.9267
"XAGE1D",0.8951,0,0.5588,0.6855,12.4529,0,0,11.5692,11.6257,11.629,0,11.9107,7.3106,0,0,1.9109,0,0,2.0835,2.2868,0,13.7071,0,1.3857,11.969,0,0,0.6265,0.8339,0,11.2107,0,0,1.112,0.6558,5.4194,0,5.5814,0,7.3795,0,10.5419,0,12.1758,5.6202,0,9.0803,8.6772,3.5322,9.5065,0,1.9172,0,0,0,0,12.9965,13.291,0,2.0092,0,0,0,12.8836,0.6616,6.7405,13.0156,1.3498,6.6009,0,13.3452,0,0,11.8297,0,10.978,1.0085,6.593,0.8217,0,4.776,0,0,10.3196,1.5924,11.7559,1.1857,0,6.7028,4.6219,0,0,13.5989,0,0,3.1441,1.0562,0,0,0,0,0,0,2.9611,0,1.9044,0.9533,0,0,0,0,0,0,0,0,0,0,0,0,0.6949,0,0,0,0,2.1494,1.6176,0,0,0,0,2.5659,0,0,0,3.497,0,0,0,0,0,0,2.5556,0,2.0164,0,0.6383,1.162,4.2546,0,0
"MARCO",4.1856,8.3492,8.3486,0.6855,7.5146,2.23,6.7948,1.7446,2.6748,1.91,1.7664,2.9664,5.0144,0.599,1.6277,9.1138,7.9815,0,8.0047,0.9781,4.1277,5.8631,3.1379,2.5456,2.823,7.3761,2.4756,0,1.3589,8.2862,1.5193,9.524,2.3003,0.6606,1.7233,2.9199,2.8747,7.5059,1.0606,1.3766,4.5289,0,1.434,3.7103,1.1212,1.5224,0,0,3.2939,3.8719,0.4895,2.9531,1.1616,1.1004,2.3839,1.6117,1.0927,3.4042,0.6234,0.5891,4.3698,1.4847,7.2659,3.7744,2.4994,0.6208,0.9587,8.8274,4.8706,7.0104,4.5239,7.5465,2.9576,2.1541,6.5604,1.0379,9.6535,5.3555,0,1.5096,7.288,3.5068,5.9533,2.1061,5.3917,9.5833,1.1857,10.7845,1.4283,6.3964,1.6044,6.2018,4.9523,6.0153,6.3513,4.3338,2.0835,1.0972,5.2465,0.7971,11.0352,11.6136,11.6542,10.4792,6.0905,11.6518,12.013,11.5955,12.8388,9.8546,8.7035,10.5968,11.5019,12.9924,10.8835,10.8894,12.9643,11.8517,8.277,10.8012,11.2805,11.4784,12.4063,11.6676,11.1429,12.7395,10.9375,10.5707,11.7736,11.6429,9.2533,10.8938,11.1742,9.5376,11.3901,12.3742,9.1786,10.8626,12.1683,10.4768,12.1904,10.8585,11.5765,10.9421,11.4236,11.3892,13.0101,11.3406,9.6683,9.7535
"HGFAC",11.4792,7.9787,8.0262,11.9723,1.603,14.5441,0.72,2.8619,12.5172,3.3309,11.4129,9.5668,4.3478,9.9274,9.1992,10.9859,12.218,1.7235,0.7205,12.8804,11.5467,1.0597,6.9754,6.414,4.1215,9.3595,8.1066,12.5306,9.8872,7.4838,2.093,6.7059,11.5801,4.06,1.447,12.9857,11.6166,11.4883,2.6846,2.0681,11.574,2.1304,12.2988,7.0968,1.1212,0.9533,11.503,0.8486,10.3873,1.8309,10.3047,11.6618,1.7966,7.709,12.8242,4.6031,0,6.9037,11.9238,9.2873,13.7998,6.634,9.1022,10.9734,8.8273,4.5922,8.1927,11.9387,4.2399,8.2871,8.0402,9.4534,11.9143,4.3205,5.8832,11.2528,7.8717,1.0562,0.8217,0.9438,8.2881,8.6993,10.5994,4.1907,12.4779,9.8002,5.9585,12.7834,12.8748,0,12.6634,7.3608,2.4578,3.387,12.4168,7.8131,10.94,6.3254,5.1945,1.3075,12.5486,13.6083,13.1743,13.1651,13.7825,12.5299,13.4596,12.9427,12.1957,13.3146,13.587,12.5385,13.7505,12.1497,12.8131,11.1405,12.0661,10.3119,13.0562,12.5007,11.4962,12.903,12.8315,12.9072,12.0678,11.9269,12.8822,12.1293,12.8386,13.055,13.0356,12.8802,13.2871,8.7841,12.5283,11.913,13.2277,12.4839,11.4221,13.363,13.0995,12.5235,12.6858,13.3791,13.9153,13.1814,13.1791,12.0452,12.9868,13.0983
"REG1A",0.8951,3.9538,0,0,15.9956,5.1873,0,0,0,3.3863,2.2026,0,14.7524,6.6779,0,0,0,1.7235,0,0,0,12.004,0,0,2.2159,0,0,3.1067,1.3589,8.002,0,2.0473,0,0.6606,0,2.8014,2.1761,0,3.1044,2.5335,0.9133,1.0882,0,4.5388,0,1.7402,0,17.157,8.7241,6.9613,2.7348,6.2625,0,17.4017,16.2379,0,11.5641,5.4998,0,0,7.0288,6.8519,1.7824,7.1839,2.4994,2.6729,4.8733,8.3222,9.3772,3.6176,8.9222,0,0,0,6.5039,0.3372,11.6107,11.6802,0,0,2.5004,0,17.8663,8.5573,0,2.053,0,0,0,1.7003,5.552,5.6104,3.9523,0.4477,0,0,0,14.2563,7.3543,0.7971,0,0,0,0,3.2587,0,0.9533,0,1.4076,3.4335,0,0,0,1.2066,0,0,0,0,1.0146,0,0,0,0,0,0.8946,0,0,0,1.4292,0,0,0,3.7669,0,5.0764,1.1286,0,0,0.8647,0,2.3802,0.8585,0,1.0109,0,0,4.5408,0,0,0
"KDM5D",6.6668,8.9132,9.6489,10.1924,8.138,0,9.4499,9.1428,7.6346,0,1.1382,0,9.2056,0,11.1487,8.5278,7.7421,8.7686,10.4959,10.71,10.0792,8.7314,0,7.4856,6.0314,6.7479,9.696,0,1.3589,9.4454,5.5024,9.523,8.0156,0,0,9.59,9.9725,7.4591,4.1995,8.7192,5.4397,0,9.7055,6.7531,0,10.4025,0,7.7786,9.7741,9.0533,9.6673,9.1373,0,1.7173,5.1192,9.9633,9.7304,7.9545,0,0,9.7784,9.8286,9.3152,0.4062,0,9.6907,0,1.8405,7.7084,0,7.7104,6.7188,0,0,6.5604,9.4005,9.837,9.7487,8.9587,0,8.5275,8.0924,9.2313,10.1823,0.7415,0,5.1464,9.2148,9.284,8.5913,9.0177,9.9299,0,6.9668,9.0652,9.318,0,8.6757,8.3077,8.9963,9.3223,9.4087,0,8.5654,0,9.0096,8.791,0,8.3875,9.597,9.3116,9.3395,0.9455,9.2861,9.6611,8.8067,9.6656,9.4787,0,0,0,0,9.4515,0,8.9537,0,9.4402,0,0,9.4627,2.3036,0.8029,0.9267,9.0687,0,8.814,0,9.1176,0,9.037,8.588,9.0531,0,9.1992,9.1537,9.2899,7.4349,0,0,0
"CYP2E1",17.5748,12.8158,7.5041,16.1425,5.9577,14.3084,9.9635,11.1526,15.411,13.0845,13.6576,12.7581,17.6919,12.446,12.2,11.6663,11.4381,15.4191,5.9463,17.989,7.7428,5.2027,10.8796,6.432,17.4931,7.576,13.529,17.2004,9.9898,17.8851,9.2281,16.59,10.1087,8.0977,1.9551,16.9517,10.3722,15.6941,16.3081,15.1728,17.9833,9.7248,17.7275,15.1956,11.316,2.0967,5.1011,17.478,18.5629,7.725,15.455,16.8383,14.8403,18.2763,18.6628,9.4557,17.16,14.9127,18.1613,15.6273,15.0337,18.3692,14.1021,15.8033,18.4611,17.6398,4.4436,17.5242,17.5457,13.9183,12.2548,14.1034,9.0652,4.0469,8.0831,16.654,12.824,2.2565,8.6661,7.7314,15.3899,15.2145,18.6045,13.2255,14.6136,16.0221,9.2121,17.1902,17.7252,18.1053,13.1413,14.7035,9.6173,10.3508,17.3933,16.7977,18.2882,10.9818,15.3767,11.4733,18.4332,16.7943,18.106,16.9268,18.2831,15.646,17.693,18.9252,19.2492,17.4549,17.445,16.9038,18.3666,18.2357,18.2063,16.5196,14.7266,16.7517,17.8431,17.914,17.5154,18.3289,17.1693,17.9322,18.2525,17.9815,18.5943,17.6262,17.0672,17.9045,18.2684,18.5295,17.4656,15.778,17.7197,18.2128,18.4731,17.8227,17.7193,17.4353,15.2883,17.4808,17.5126,17.9992,17.5432,17.8838,17.9954,18.0563,14.6963,18.0178
"HEPN1",0,0.8036,0,7.4082,0,3.6424,2.0828,0,0,0,0.3382,5.1503,9.4275,4.2356,0.6064,0,7.5489,10.4911,0,0,1.5368,1.0597,0,1.8755,11.4551,0,10.6155,9.9606,1.702,11.1425,3.9575,10.2713,0,0,0,4.3072,2.1351,5.5276,0,0,0,0.6444,10.5269,9.8697,0.6235,0.9533,0.8427,0,11.0183,0,0,8.1958,1.5138,0,5.927,1.2454,11.1768,9.6298,0,1.1991,4.3886,11.3186,5.06,7.0121,11.0943,11.96,0,9.073,0,2.886,0,4.5983,2.1323,0,0,7.9241,3.3102,0,1.7235,0,3.8538,2.7185,10.8584,0.7945,0,0,0,9.5533,0,8.3504,9.0837,5.5707,0,0.7426,0.175,12.7599,0,0.6505,0,0,9.3089,9.4724,7.9364,9.4928,0,6.658,9.4874,8.2005,7.159,9.2411,8.6652,7.875,7.4525,7.6364,9.2745,9.1627,7.7753,7.1321,8.1673,9.4394,7.544,8.2297,7.8486,9.8672,7.3968,7.2593,9.9119,8.4858,6.8273,9.5157,9.9072,2.2977,9.8589,7.1435,7.3264,5.9587,8.6259,7.4873,5.4767,9.8278,5.6798,9.2881,7.8961,6.4377,9.0152,8.3659,0,8.0439,9.0335,9.0958
"SFRP5",0.8951,6.0718,1.2745,1.1483,4.6108,5.2163,0,0,1.726,0.4792,3.0367,0,0,2.7358,10.3707,1.9109,6.745,0,0.7205,0.9781,1.8219,6.6036,12.5324,6.8966,0,0,0.9354,1.3959,10.0611,0,0.5525,1.0317,5.3773,2.9943,0,0,5.3862,5.2561,0,0,1.4682,0.6444,7.4525,1.2932,0.477,0,0.8427,0,7.2231,0,10.8639,0,0.6947,0,0,9.3596,0,0,2.2582,10.6638,0,5.1608,8.1987,1.2022,3.3658,0.6208,0,9.9598,0,6.3819,0.6881,8.0091,0,0,5.5893,0,1.332,9.9791,2.025,5.7204,5.4917,5.7015,0.6136,4.3289,4.6546,10.0638,4.7619,10.0667,0,0,0,6.1013,0,12.2446,0,0.5217,6.552,0.6505,4.5759,0,9.4703,10.3281,9.0405,9.2544,10.8663,8.4057,9.7254,7.3151,9.875,8.8947,9.6094,8.6102,7.4518,7.6753,8.9861,10.1617,9.8516,9.0018,9.2015,9.5621,8.7911,8.6286,9.897,9.033,9.8351,8.6865,9.6893,9.3298,8.4915,8.1087,8.6425,9.1936,9.2377,8.8748,8.5658,8.8644,8.3608,9.6,9.0603,8.787,8.958,10.4101,8.748,9.1407,9.6819,9.5604,10.2846,8.8805,10.5962,9.3152
"FCN2",4.1158,2.8505,0,1.4981,3.1113,1.6847,6.8281,2.2982,3.3551,0.4792,3.0367,7.3995,2.143,0,2.048,7.3401,5.6886,2.1549,0,3.7665,4.8838,0,3.3367,0.4887,6.4476,0,0.9354,0,2.8599,3.9131,2.2428,0,1.8548,2.1649,5.6743,2.3729,0,7.5549,0,0,1.4682,0,3.9243,2.1325,2.298,3.4372,0.8427,2.7235,4.6815,1.8309,2.6444,5.4673,2.4141,5.5474,1.0391,2.1463,2.7364,0,0,0,1.8929,3.5597,6.6704,2.4733,0,3.3421,3.7298,9.4973,2.5133,5.8747,0,4.2226,6.9504,1.4465,0.931,3.1536,6.2646,1.3891,2.2742,1.5096,2.0376,5.9072,8.6348,3.5871,0.7415,6.4915,0.7114,10.1391,0,4.8072,4.7828,3.4464,4.9981,4.5131,4.4573,1.2059,2.6775,3.0715,2.6727,0,10.3636,11.0435,10.7094,10.9956,6.0599,9.4651,11.1725,10.6517,11.386,10.3653,9.5107,11.2168,11.1979,11.0238,10.1544,9.4438,10.1914,10.6534,8.1005,10.6791,11.4245,11.0493,10.7465,10.6901,10.586,10.5856,9.9431,9.7101,11.3457,10.4494,10.9152,10.9724,10.5698,10.3058,11.1582,11.5936,9.3521,11.0381,10.5406,10.9577,11.8004,9.9873,11.4063,10.9429,10.1631,10.9947,11.8825,9.9839,10.4062,9.6554
"CLEC1B",2.4058,0.7573,0,0,0,0,4.564,1.3603,2.0277,0.4792,0,0,0,0,0,7.1754,5.1564,0,0,0,2.6019,0,1.2019,0,0.6849,0,3.3397,0,1.3589,0,0,0,0,1.4553,0,0,1.2677,6.5515,0,0,0,0,0,0,0,0,0,0,0,0,0,0,0,0,0,0.7531,0,0,0.6234,0,0,0,5.3087,0.4062,0,0,0,7.0902,0,5.1922,0,4.7593,0,0,0,0,4.7711,0,0,0,1.0252,0,5.5419,0.7945,0,5.9998,0,8.9612,1.7027,0,0,2.1044,0,3.5302,6.4742,0,1.6594,0,0,0,9.3618,7.7195,9.6563,9.1999,4.063,7.7014,9.9645,9.7417,10.1867,8.0298,9.0339,8.7108,9.4166,9.6895,9.1577,8.5637,7.5339,9.0175,5.701,9.2539,9.0647,10.2813,9.2367,8.8345,9.1714,9.5742,9.3996,8.4442,9.2842,9.4204,9.7618,9.145,8.6377,8.6572,8.9291,10.3575,7.6888,8.8393,9.2589,8.8406,9.0265,8.1162,9.8366,9.5609,9.5139,9.7606,9.9937,8.2168,6.9558,7.9268
"PGC",0,10.3672,0,5.3194,8.7834,1.983,5.6861,3.673,0,2.9445,1.1382,6.2474,13.6246,1.021,7.091,0,4.9858,14.8575,0.7205,1.5558,1.5368,2.8,10.1082,2.2107,0,3.1237,0,2.8037,5.3816,1.2132,0,3.2258,1.207,0,0,0,8.0068,0,5.3637,1.3766,10.5449,0,4.6005,15.149,0,5.3168,0,8.9995,0,0,8.1509,0,1.7966,0,0,6.2937,17.1619,12.1674,9.0752,5.4715,3.1924,16.2767,0,1.3929,0.6616,3.1804,0,0,4.561,4.3887,10.5715,7.553,0,6.6344,7.2082,1.2119,0,4.565,0.8217,0,8.1292,10.9561,1.8681,3.1231,5.5859,6.504,2.6085,0,0,0,1.0146,6.5708,1.806,4.2627,0,9.172,12.1396,13.3413,11.8798,1.982,0,0,0,1.0917,0,0.7535,0,0,1.7988,2.0936,0,0,0,0,0,0,0,0,1.0146,0,0,0,0,0,1.4427,0,0,0,0,4.98,0,0,0,0.6856,0,0.6719,0,0.9151,0,0,0,0,0,0,0,2.8321,2.2366,0,0,0
"SAA2",15.0147,13.8513,7.5092,12.2703,15.2498,8.64,14.2743,12.0697,13.6601,10.9369,6.3159,13.4832,14.785,14.1829,4.7616,13.8441,11.4227,13.182,0,8.9218,8.9227,12.6039,9.3354,0.4887,5.5786,8.6463,14.7799,8.7845,8.5806,13.6249,9.7585,11.0623,7.886,13.9572,10.0729,10.6222,8.7256,9.7625,12.3793,0,7.171,11.2089,8.9417,11.0094,11.4787,11.6596,11.2146,19.9508,3.5322,11.9763,5.0585,10.1707,3.9285,14.5558,15.1734,5.7852,13.1471,9.8114,0.6234,3.4706,8.2232,8.7907,8.0181,8.5879,8.0506,6.4435,12.8067,9.1,14.9172,12.86,11.7433,10.8198,18.0753,5.5855,10.0911,14.4134,14.2637,3.9101,5.9985,0,16.0436,5.8879,18.3973,6.2534,9.4781,10.1067,6.0306,12.3219,8.3918,7.2346,10.2852,7.3895,9.1767,6.8579,9.881,5.625,7.1318,16.7276,9.2634,12.4223,10.2631,11.2719,11.2247,14.0236,13.6502,11.492,11.9766,13.514,19.5388,10.0862,12.687,9.621,10.157,19.0105,10.4403,10.513,12.479,11.8138,15.709,12.4266,11.6816,13.3733,16.8678,12.4175,11.5114,13.6242,8.4669,17.6373,14.3021,14.3997,12.7286,12.9622,12.2245,12.1481,19.9825,15.9347,16.4917,12.104,18.505,11.2817,12.66,13.2622,14.797,18.8931,9.6819,10.7777,18.9663,11.9922,13.7526,13.4651
"APOA4",9.7682,10.4872,11.9018,3.155,12.8428,6.4613,2.6271,5.3286,4.9898,8.6669,18.6632,6.3564,9.5172,16.7544,3.2266,9.0401,7.5189,4.7801,0,2.5484,4.612,1.9936,10.1501,0,1.1475,6.1065,12.0311,8.8792,8.1668,8.2513,2.093,3.3784,11.5382,10.9197,1.9551,11.9043,9.4698,5.2003,15.8346,1.6456,8.7552,3.8593,1.9398,6.092,11.3876,11.1149,2.7123,9.361,0,4.3651,1.3875,6.8975,0.6947,11.5229,6.6308,2.9734,8.7905,7.6015,4.1936,2.1795,6.1746,2.5351,5.4496,13.724,6.6921,6.9305,7.2744,8.3034,3.7273,8.9191,7.0221,10.9864,11.0644,8.4758,12.4093,14.2696,7.9116,1.0562,2.9831,0,5.6338,7.9647,10.9262,14.4397,13.9576,7.4834,1.1857,7.1808,0,0,5.8099,5.1222,10.0895,3.8544,3.1802,2.0176,6.601,19.5415,13.751,4.4848,10.7914,7.3196,10.7936,7.0219,11.1885,10.1499,10.0319,10.7743,11.453,8.9812,10.4577,6.1839,10.6178,8.7038,8.0825,7.2914,8.9378,7.4873,10.8072,11.0606,7.8207,11.1115,5.9471,10.8363,11.3361,13.2709,9.7372,12.9356,12.0253,10.4564,10.031,12.3257,10.2429,9.7162,12.2969,10.3299,12.6398,7.5263,12.2081,8.343,5.5628,12.0171,11.5354,11.672,9.4906,7.761,12.1763,10.1726,11.308,10.6689
"CXCL14",3.5006,6.3533,4.4155,2.0149,3.9794,8.9766,5.3392,3.673,4.543,0,3.6334,0.8891,3.8745,2.2025,1.0322,5.6896,8.0635,0,2.9024,0,5.5037,8.3974,6.3737,12.5948,2.2159,1.3466,3.3397,1.0619,6.418,2.3091,0,5.038,4.1708,1.7324,0,2.5303,6.2405,7.3734,1.0606,4.8147,6.423,2.1304,0,3.2048,0,0,2.0613,0,0,1.8309,4.3501,0.482,0.6947,5.0951,1.0391,7.3034,1.7073,2.7865,3.4235,11.5171,0.7471,1.1368,7.8247,0,0,2.4065,0.9587,10.1812,8.7243,7.7699,1.7845,7.507,0,0,3.3314,0,6.2646,3.8026,0,0,5.4411,4.6394,7.3364,2.2242,0.7415,8.4537,4.0265,10.7204,3.3249,0,2.0218,5.9934,1.5837,6.2746,3.4165,2.5339,1.0562,4.0834,5.1678,0,10.4346,9.9261,11.109,10.6403,10.6966,10.4486,10.5097,10.7943,9.6839,10.0963,9.9576,10.9024,11.0073,10.3178,10.8169,9.5381,9.5331,10.2956,8.0458,10.6168,10.8666,10.2183,9.1474,10.7681,9.6623,10.117,10.4787,10.8627,9.8362,10.9542,11.2792,9.7449,9.5185,10.0949,10.618,11.2556,10.8198,10.0211,9.8944,9.467,9.9319,9.764,9.4088,9.8906,10.4725,10.2635,10.5823,10.5794,9.4269,9.0976
"ALDH3A1",2.8112,7.5813,0,10.8825,13.6282,2.6248,3.3308,5.5132,8.6056,0,3.829,1.435,14.3556,9.8989,6.3847,7.2295,5.5379,15.3066,3.3316,0.9781,6.5862,6.5833,1.8483,5.7173,11.6518,2.0308,2.885,14.9092,7.9603,15.8415,0.5525,7.7937,6.8103,6.6813,1.9551,1.9948,5.3862,1.9635,13.3748,9.9181,5.3172,0,11.371,10.3371,3.6278,3.7698,4.7646,11.1743,12.8645,6.3723,4.1011,17.0493,6.6699,11.2173,12.776,0.7531,12.9423,6.7638,6.5121,2.5952,16.6455,15.429,4.1763,4.7902,10.2886,10.9294,8.796,10.9912,15.3026,4.6847,7.2764,6.383,3.1067,1.6585,12.4925,13.1835,10.286,0.6226,4.441,1.5096,10.1065,5.8284,14.8791,13.2368,1.2288,6.3731,4.6565,5.5304,9.8249,11.5891,13.039,11.0012,4.1274,4.2069,11.2653,11.1026,1.0562,8.7055,8.4252,9.7622,7.1035,2.5507,2.5341,4.5622,7.8428,3.3098,5.2997,5.6871,5.2551,4.7626,5.0922,6.6128,6.0403,5.4861,6.3876,4.9651,3.0117,7.3064,5.0727,4.7209,6.4689,5.5934,9.904,6.5859,8.4923,3.3168,4.2931,10.3593,4.3752,4.1682,5.4371,4.1195,7.0304,6.1976,3.497,5.9565,4.9362,2.848,4.9334,2.2629,1.0367,4.3587,3.4715,7.7428,4.0824,5.3203,9.7604,8.4638,2.2422,3.4476
"CRP",16.9794,15.4627,15.8421,17.5267,17.9084,16.8585,11.2629,7.4315,15.4481,12.15,14.765,11.4563,16.0186,9.6527,9.1024,14.12,15.0243,9.8628,0.7205,8.6634,13.0178,13.9957,11.4827,1.1439,7.4939,6.6405,18.3004,6.8751,13.8555,12.6116,12.1654,8.4112,13.0218,13.8573,9.2846,13.9864,10.9525,15.4593,19.6916,6.0075,17.8671,11.8567,4.5314,9.357,12.4952,15.2289,16.4331,19.4849,5.0508,11.7432,8.9482,15.8172,6.4425,18.724,6.0983,11.5809,12.2617,11.5987,5.5362,11.4913,9.0595,7.7564,15.4071,8.8874,7.8063,9.001,15.6379,11,9.2535,15.3774,14.5739,12.8448,17.7943,13.4858,13.271,16.6615,11.9959,8.2546,13.1069,1.9149,18.4915,9.7237,12.9582,10.6908,13.2223,14.213,9.2579,12.0647,12.4747,5.0222,6.8361,9.9053,11.4884,11.5848,15.8251,3.9828,12.6557,18.3994,16.6327,14.0857,11.7921,13.9953,12.7034,16.7768,16.3187,13.9226,14.3418,15.3864,19.5956,11.6262,15.4318,14.5619,15.1424,19.8423,12.3029,9.0395,16.548,12.5484,17.4025,13.1617,13.8406,14.8567,18.2921,15.034,15.7341,16.757,12.3376,18.1875,16.1701,15.7051,15.5821,15.029,14.6652,13.2636,19.2475,15.1453,17.9679,13.4863,18.3649,12.8831,15.4833,16.9522,18.1493,19.2102,13.7904,12.6871,18.6951,14.4745,17.0876,16.1998
"HEPACAM",6.8819,2.9722,0,7.4071,0,3.7156,1.1982,0,7.6841,0,3.1927,6.0104,9.154,3.5829,0,8.7781,8.3113,11.4267,0,1.9671,0,0,2.9073,1.4679,11.8503,7.4544,10.2662,9.8179,5.8826,10.9577,4.6815,9.9469,1.8548,0,0,5.4693,2.8994,5.8177,3.5678,0,0,0,11.1736,9.68,1.0189,0,0,0,10.948,0,0,8.7954,0,0,4.7334,0,11.2114,9.3045,0,2.0849,3.1489,11.57,5.1263,7.2691,11.4237,11.6123,0.9587,9.964,9.4333,3.6805,0,3.8874,0.8844,0,3.6765,7.9361,2.6429,0.6226,1.3419,0.9438,1.0252,0.8459,11.5007,0,0,4.8359,0.7114,9.3667,0,9.452,9.3195,4.2968,0.5843,0.8338,2.0345,13.3392,2.0835,0,2.3312,0,9.1568,9.3794,7.2135,9.1462,9.7379,6.4859,9.6254,7.8875,7.172,9.155,9.0744,7.9033,7.5399,7.5055,9.1793,9.5832,7.7363,7.1944,8.175,9.1799,7.3435,8.6064,7.8972,9.8065,8.8794,6.9852,10.0187,8.4013,6.9776,9.3525,10.1082,2.3989,9.9494,7.0237,7.9458,5.3867,9.0816,8.2372,6.6127,9.7028,5.8578,9.778,7.4237,5.6536,9.0066,8.5092,9.9867,7.4548,8.6744,8.7886
"STAB2",2.8112,4.4401,0.5588,1.1483,0.594,3.0674,5.3621,4.4699,2.9863,0.4792,1.1382,0,1.4374,2.0314,2.048,6.4812,6.745,0,4.8825,1.5558,2.9951,0,0,1.1439,2.3933,0,6.1733,0.6265,2.2964,0,1.263,0,0,0.6606,0,0,3.0069,7.1946,2.0899,1.3766,0.9133,0,0,1.964,0.477,0.9533,3.0251,0,0.5265,1.4356,3.1172,1.3712,0,0,0,4.6823,0,1.6837,2.2582,0,2.829,0.6776,6.2828,0.9824,0,0,0.9587,9.2384,0,4.6098,1.5027,4.3471,0.8844,0.5174,1.4922,1.3673,5.2832,1.6595,2.025,1.5096,2.8502,2.8835,6.9353,2.7816,1.5924,7.301,3.7126,9.0639,0,0,0,3.6498,1.3207,5.3328,5.3114,1.8534,1.6594,2.1435,2.9487,0.7971,9.5095,10.1513,10.1293,9.7532,3.6356,8.0907,9.8506,9.0437,11.2378,9.3424,9.4019,11.0807,10.7203,10.4451,9.5884,8.8247,9.7128,9.5233,7.5988,9.8799,10.5839,9.6756,9.8059,9.9502,9.7513,9.7087,9.9076,8.3205,9.64,10.2962,9.4118,9.6465,9.3355,8.6594,10.442,10.0004,7.4327,9.2473,11.0437,10.5949,11.5324,9.1157,9.9853,9.5453,9.26,9.9389,10.5229,9.1354,9.5612,7.9638
"XPNPEP2",13.7792,8.4998,0.9606,13.633,2.8305,9.9136,15.3686,9.1002,2.6748,3.0165,4.0012,2.9664,12.6682,11.3326,7.9551,10.9688,12.7934,8.7951,1.1987,12.9201,4.6489,4.2806,6.5642,0.8532,6.908,3.3589,7.9017,9.8405,8.9252,2.5446,8.6166,11.5852,11.5477,11.4374,2.33,2.1962,11.3165,8.8981,3.1044,6.7757,12.2151,2.8467,13.4481,3.5995,14.3389,9.1484,10.401,10.3439,1.8648,13.3766,12.1008,4.3532,13.8997,2.1481,6.416,7.996,14.778,10.0478,11.4193,11.1538,12.4388,10.419,10.7614,10.2021,4.9926,12.131,2.927,6.9284,11.9951,7.2512,11.5194,9.0204,11.226,10.6992,4.1143,12.9832,9.095,0.6226,3.1168,1.9149,4.803,9.699,11.3125,4.0378,8.866,8.0868,2.6085,10.0801,0.6451,3.4756,10.0924,12.4311,1.3207,5.2797,7.8954,3.4037,11.3105,13.1698,9.7457,12.4406,12.1006,9.4759,8.816,10.773,10.5014,9.4901,12.1867,0,10.2458,10.8072,2.3143,8.6074,12.0853,9.6383,2.5524,11.0924,8.641,8.7481,11.1687,11.3712,6.9892,9.2181,0,1.2143,11.2004,12.0359,12.9307,11.0439,11.2172,2.1361,12.6741,11.1672,1.4864,11.0373,6.0949,8.6532,11.8533,9.6533,6.5511,11.2879,2.8697,11.4292,10.9929,9.2792,13.0974,12.6632,11.2667,9.7089,9.5484,11.6625
"GDF2",1.4434,0,0,0,0,0,4.3517,2.8619,0.8233,0,0,0,0,1.021,0,3.59,6.6421,0,4.2581,0,3.6334,0,1.2019,0,0,0,0,0,0,0,0,0,0,2.7671,1.9551,0.6755,2.5673,7.1754,1.0606,0,0,0,1.094,0,0,0,0,0,0,0.8895,0,0,0,0,0,2.6967,0,0,0,0,0,0,6.3776,0,0,0,0,8.8486,0,5.5402,0,5.6381,0,0,0,0,4.9232,0.6226,0,0.9438,0.6018,0,4.9394,0.7945,0,5.4436,0,9.2443,2.3064,2.1292,0,0.868,0.5843,4.9636,2.5456,2.0176,0,0,2.512,0,8.835,8.2928,8.9571,8.6812,6.485,9.4942,8.1533,9.2654,9.5327,8.723,8.9241,9.0045,9.7625,9.313,8.9392,8.3327,8.4971,8.8546,7.0733,9.2422,8.6483,8.0732,8.8112,9.1749,7.7419,9.0627,9.3666,8.4185,9.9015,9.5004,8.9342,9.3482,9.444,8.5013,8.8317,10.1442,7.7296,8.083,10.0478,8.7845,9.4189,8.5478,8.3948,8.5453,8.8917,9.6827,6.5708,9.2253,8.1937,8.2465
"CNDP1",5.8301,1.9111,7.7083,0,1.8266,2.9344,1.8436,11.0977,7.8472,5.7174,6.3482,10.11,2.6148,8.0968,6.3389,9.4689,2.7404,0,1.8443,1.9671,0.7083,1.9936,2.9073,0.8532,9.1572,0,10.6631,8.0456,2.0461,6.6166,0,1.0317,5.2342,7.2312,7.1613,8.8609,0.7688,10.202,3.9179,0,0.9133,2.1304,2.7383,0.5691,6.9221,5.8609,5.5551,3.171,0.5265,1.8309,4.6345,6.7774,5.7764,7.8869,0,4.8286,2.137,0,3.6266,3.333,0,5.5411,4.7991,0.7229,5.2347,7.8459,8.596,5.9158,1.5279,4.4757,1.1522,4.8035,10.6347,9.6489,1.8953,5.1494,4.7976,1.3891,5.4074,0,5.8304,0.8459,6.954,0,9.0046,7.4052,2.2703,7.2332,0.6451,0,6.7969,3.5517,6.0855,4.0254,7.5241,1.4554,6.131,7.3469,2.8173,1.3075,10.7696,9.2943,11.1832,11.0209,11.9754,7.6481,11.9289,10.237,11.5854,10.7335,10.628,9.7544,10.6514,9.9952,11.2171,9.3279,9.369,7.2368,8.9569,11.6784,7.7123,11.4778,6.0267,11.7484,10.2126,12.1548,11.0289,11.2321,10.4424,11.3999,11.7038,12.6607,10.3324,7.476,11.8685,8.1252,11.9701,11.3058,10.866,10.2389,9.1357,11.2095,11.3154,11.5419,11.5161,9.5678,9.2259,10.4863,9.5964,11.9775
"IGF2",19.0264,9.2158,16.1427,9.5597,3.3462,17.0423,16.6178,10.4739,8.868,8.5519,12.1973,8.5573,7.768,10.8954,19.3832,9.9327,14.8615,7.1084,9.5225,18.1415,14.8908,7.7237,19.4556,7.2537,9.6209,8.9598,12.1715,11.0571,12.6387,14.0164,7.7773,18.0184,15.4664,7.8878,7.9044,8.6711,16.9984,11.4864,8.8154,5.6732,18.4176,7.263,13.7,7.635,5.9107,7.553,7.8273,6.6011,11.0452,10.3643,18.6978,9.54,13.7733,9.6055,13.4263,16.2783,8.5414,6.6729,17.13,16.7815,7.116,12.1649,18.448,17.8763,3.3658,8.3992,9.7366,13.5811,10.6088,14.0202,7.6458,17.8611,13.6236,5.3916,6.9577,8.1308,9.7345,19.4745,14.1747,8.7249,9.2229,18.5372,15.1195,7.8903,19.3029,12.1062,19.213,15.0242,9.0678,9.631,12.5034,10.4119,6.0749,9.6728,10.404,8.6532,19.2709,6.6539,9.5578,7.2569,15.5087,15.0024,15.3885,15.491,16.4605,14.7897,15.4048,15.6716,15.4581,15.6672,15.3875,15.0493,15.518,15.0022,15.2803,14.8907,14.6834,15.0758,17.0449,15.7576,15.7949,15.0285,15.707,15.5521,15.5703,14.8794,15.6051,15.7059,15.6442,15.8767,15.5432,15.6223,15.174,12.3001,15.1673,14.9989,16.0182,16.1838,15.6072,15.3524,14.9087,15.1795,15.5179,15.4168,14.7695,14.7633,15.1512,14.5705,14.8337,15.5666
"MAGEA1",0.8951,0.7573,0,5.5239,8.6508,0.7977,1.1982,9.3987,5.3846,10.7983,0,8.3694,8.1898,8.7455,0,0,9.7741,10.2405,0,9.6035,0,8.8412,0,0.4887,5.1796,6.5719,0,0,0,1.2132,9.9428,0.6062,0,1.112,9.7485,6.4126,9.2389,9.391,7.3078,10.0963,0,9.8249,0,10.183,3.1433,3.0041,4.7646,9.9684,4.2522,10.0508,0,6.7079,8.1512,0,0,0,4.2574,9.4889,0,7.2411,9.9876,0,0,10.1465,1.1134,6.8984,10.9163,1.3498,9.9165,0.901,6.297,0,3.1067,10.1034,0,7.7486,3.6594,0,0,0,6.5729,1.3757,0,10.7727,0,8.6616,0.7114,5.2688,10.2651,8.324,0,4.0598,10.2892,0,0,2.5339,9.6513,1.7132,2.1244,9.4995,0,0,0,0,0,1.9044,0,0.8015,0,0,0,0,0.9455,0.726,0,0,0,0.6975,1.0146,0,0,0,0,0,0.8946,0.7567,0,0,0,0,0,0,0,0,1.5215,0,0.9907,0,0,0,0,0,0,2.0164,0,0,0,1.5548,0,0.9267
"DCAF4L2",0,0,0,0,11.528,0,0,9.7844,9.2769,10.2597,0,9.4765,10.6924,0,0.6064,9.0172,0,1.1051,0,4.4174,0,10.4946,0,2.0792,10.5313,0,0.9354,0,0,3.4154,11.0678,0,0,0,8.8923,4.5294,0,2.8646,0,0,0,6.3491,0,10.657,0.477,0,2.3124,9.2014,10.6475,8.3592,0,3.5498,0,0,0,0,9.8819,9.7546,0,1.0062,0,5.6656,0,9.7349,0,11.3646,9.929,10.275,8.157,0.5197,11.0541,0,0,10.7365,0,9.8325,1.0085,10.2889,0,0,6.0715,0,0,2.1061,1.2288,8.6893,0,1.3408,0,7.9828,0,0,9.8622,9.0921,0,5.4053,0,0,0,0,0,0,0,0,0,0.7535,2.2465,0,0,1.063,0,0,0,0,0,0,0,0,0,0,0,0,0,0,0,0,0,0,0,1.4318,0,0,0,0,1.9284,0,0,0,0,0,0,0,0,0,0,1.6897,2.2366,1.1966,0,0
"DLK1",4.3769,0.7573,0.9606,0,0.594,8.5519,3.9897,2.6973,0.8233,0,17.8066,1.435,0,1.8373,6.2023,3.2144,1.7106,0,3.9306,0,2.4428,0.3461,8.0283,1.3857,3.7173,0,0,0.6265,2.5096,0,0,15.4755,1.8548,1.7324,4.402,1.1337,10.2343,4.3796,0,0,13.7732,0,0,13.1911,0,0,0,0,0.5265,0.8895,15.0257,0.482,3.6727,2.1481,6.5024,8.0969,0,7.8976,13.2487,14.9304,1.8929,1.4847,0.8586,7.0593,0,0.6208,0,2.6235,7.2717,4.2962,0,14.1175,0,0,1.4922,0,2.1831,17.5034,0,2.9002,2.2089,14.6046,5.8242,4.9765,0,5.2482,9.7017,1.3408,2.1318,2.7278,0,2.1044,1.5837,3.228,1.7737,0,4.4975,0.6505,1.5927,2.4398,0.9157,3.6251,5.3269,6.1977,0,6.7364,3.4982,2.6324,3.6519,8.3374,1.2169,3.3439,2.2338,1.2066,1.7795,1.0839,4.3411,1.5186,7.2089,1.162,1.7889,2.1846,2.503,1.8642,0,2.1531,1.2196,0,5.0017,3.8661,0.9886,5.3907,2.6793,0,5.9276,7.9037,2.7914,2.6586,3.8213,7.2209,6.9048,1.7822,4.2856,3.605,1.644,1.9193,3.0748,1.5548,4.3507,4.7129
"UROC1",13.4228,9.2988,4.3163,5.001,2.4815,10.8662,5.3392,7.9397,6.471,2.704,2.2026,5.5015,4.1767,7.4338,7.8014,10.2562,11.3422,2.4866,0,11.266,11.5743,1.0597,5.0665,1.1439,10.1598,10.6915,4.4585,2.2651,7.8811,5.211,9.5152,7.3149,9.8242,1.7324,11.6198,6.7372,9.4612,12.529,4.1995,8.8859,9.0113,11.6096,2.4695,3.4796,11.1237,2.0967,7.8019,2.0713,0.5265,12.634,10.3043,0,12.8895,2.4794,3.6557,6.6195,1.7073,9.3244,10.2836,8.139,11.594,5.7322,8.5513,11.8975,12.4062,5.9486,10.4709,7.9071,5.086,4.8673,5.2119,10.2399,9.56,12.0068,0.931,10.2075,5.703,0,9.8461,12.7658,12.7181,10.3211,5.851,3.0609,11.1151,9.8254,10.7704,12.6846,5.8424,10.1397,4.1974,4.4348,4.0425,5.4455,10.7646,5.3754,10.5228,5.2706,3.47,9.3991,12.8969,11.7406,12.5063,11.7614,12.8454,11.7191,13.0529,11.9648,13.058,12.7482,13.0162,9.9858,12.4527,11.3978,13.5908,13.541,11.0317,13.0874,11.813,12.8713,12.4189,12.4643,12.6985,12.7399,11.8967,12.266,12.4144,11.7913,11.5593,12.5741,12.8759,13.3304,11.6152,11.7924,12.5276,9.7159,12.7239,12.4477,11.6445,13.0301,12.1213,12.1893,12.3073,12.5368,13.6163,12.913,11.2426,11.4605,11.3764,13.234
"SAA1",15.6367,15.5686,8.2218,14.7859,15.7399,11.4032,15.3457,12.374,16.0736,12.1792,7.5295,14.6143,15.8148,13.4714,4.3458,14.2989,13.9463,14.1664,0,11.3119,9.8723,14.3453,10.0876,1.1439,7.819,9.9893,15.1951,8.4292,8.4152,14.2707,11.7441,11.9179,10.4017,14.1547,11.3014,11.8254,8.9434,11.7981,14.2086,3.0791,10.4524,11.9101,11.4139,11.0541,11.6046,12.9988,11.7596,19.5744,6.7668,13.3636,4.7032,11.6252,5.8244,15.4796,16.2672,6.4029,14.5847,10.633,2.6793,1.0062,9.0429,10.9687,9.9436,9.4855,9.3044,8.6952,14.6496,8.9915,16.6688,13.1483,13.4401,11.1008,17.3929,8.7048,13.3605,14.3818,15.6639,4.1483,6.8011,1.9149,16.861,6.9796,17.9937,7.15,8.9488,11.1896,7.8642,12.4021,10.6834,9.8331,10.2805,8.8499,9.856,6.745,11.1155,6.5712,9.3816,16.7921,12.2785,13.7347,11.4733,12.6369,12.4733,15.8175,14.8899,13.3881,14.026,13.6865,20.0353,11.3948,13.8843,12.5997,11.9952,19.744,10.5966,11.1304,12.9899,11.351,16.3542,13.4809,12.0788,14.4345,17.6156,12.6289,13.1546,15.3326,10.872,18.3492,15.2282,14.8644,14.5035,13.0558,12.411,13.3433,19.6263,16.059,17.213,13.9969,18.8852,12.0341,13.8284,15.6748,15.6098,18.9237,11.1511,10.913,19.7791,12.9998,15.2063,14.8271
"CYP1A1",5.6688,2.5439,1.7507,5.1319,2.1909,5.429,13.7127,8.5917,9.9121,2.1846,2.9271,3.594,12.6361,7.2114,2.373,6.8696,4.6362,11.8728,1.1987,0.9781,5.4834,6.2953,1.2019,4.3184,11.4939,3.8962,2.2171,15.5829,3.5795,11.9817,7.4166,5.6312,3.6755,1.7324,1.1049,10.4451,3.3434,9.873,9.0522,9.7886,1.868,8.2662,12.3392,10.3055,6.5821,5.1556,3.282,5.6159,15.7879,8.2381,0,16.0274,4.9397,2.7486,3.5296,1.9037,7.4267,4.6631,1.0573,1.3294,15.1685,7.8606,5.9542,6.4406,12.1569,11.6262,6.0672,11.6243,10.7274,2.6332,7.7146,7.5786,3.6831,9.3927,0,11.9459,4.1452,0,2.8359,2.231,7.1102,3.4018,13.0417,11.1598,2.9483,9.9897,0,8.4084,13.6563,9.4479,9.1164,6.7693,10.8552,1.0647,13.8136,11.7445,2.4108,2.9702,7.653,5.3253,11.2293,8.7049,10.9368,10.2625,10.4285,6.835,11.1333,11.7572,11.1912,11.0827,7.2728,11.7617,10.0028,8.0439,11.0483,10.4241,8.6387,9.2055,10.7174,10.9553,11.5145,10.4542,9.5912,11.156,10.5787,8.7293,9.4222,12.9037,7.0981,10.2406,8.5046,11.5383,9.6162,10.8588,8.069,8.5656,10.6207,10.6308,9.9019,10.5597,11.0447,6.4327,8.6304,7.9406,7.8621,9.4851,10.1242,10.6361,11.464,10.7803
"MME",0,8.6999,2.1081,7.529,9.3111,4.1684,11.8801,9.678,7.2313,3.8866,9.0219,6.3107,12.7253,8.5395,4.7616,7.2383,6.4678,14.1767,4.1036,4.4815,0.7083,4.4513,2.2931,11.3997,13.0601,0,10.3476,8.6908,8.0943,13.2499,9.5676,8.8307,0,10.0343,7.1496,6.7128,2.3849,11.3581,7.1291,0.6156,3.833,0,13.9866,14.4258,11.1074,10.7463,3.5978,4.2791,10.8692,5.5816,2.213,10.7676,0,2.1481,2.0582,3.4958,14.5846,6.398,2.6793,4.9188,3.0811,14.3208,6.6761,4.9043,13.4741,13.49,0,6.8723,12.2651,4.0159,3.5098,4.8879,9.3041,9.6896,3.1953,9.8107,11.9219,3.003,3.4564,0,2.362,1.3757,13.5683,8.5893,4.965,3.4901,2.4493,9.8248,1.0892,9.6872,8.719,6.5832,1.806,9.1141,10.4033,12.8785,2.0835,9.049,6.0631,0,11.6453,9.1392,10.7114,10.6676,10.6175,6.8945,10.6441,10.1528,10.49,11.1948,10.7192,9.3378,10.7778,9.2337,10.2411,10.2426,8.36,10.1318,9.0375,11.7566,10.3757,11.2732,9.9058,11.4981,10.3763,10.6643,11.261,11.1854,8.2615,11.2041,11.3336,11.5672,10.3028,8.0266,9.9317,6.859,11.0387,10.9171,9.1232,11.0097,8.3623,10.8792,10.8451,10.3914,10.9007,10.8517,8.9615,9.867,8.1715,11.0873
"ASPG",10.5824,9.3516,9.959,7.6076,9.4996,10.3406,8.3106,6.8894,9.8593,0.8383,10.8086,9.7564,1.0969,12.1558,10.5209,11.2036,9.9756,0,5.1689,3.4194,10.024,0.625,5.4987,0,0,4.3965,6.2093,0.6265,8.2208,0.91,4.1537,2.5109,11.5427,4.5987,9.0557,9.9326,9.107,9.4054,6.5437,7.8277,4.8271,10.4762,0,1.2932,7.1462,5.727,7.4026,11.234,0,6.6049,6.347,0,2.4141,12.2159,9.2815,5.3244,0,7.5739,10.1095,3.6552,5.5165,0.6776,8.4014,8.2173,0,6.6661,0,8.7343,2.2532,6.7389,2.8304,8.8573,10.8582,5.0026,7.5528,0,5.758,0,7.9279,9.1617,11.4047,10.2379,0,9.2697,8.1693,9.5182,9.2291,11.2167,9.297,9.6062,6.8868,3.9865,4.7794,4.119,10.7832,3.7221,7.0042,9.0888,10.6557,10.1062,11.6056,12.1939,12.258,11.4787,12.0985,9.7104,11.4635,11.2719,12.063,11.536,11.8483,11.273,11.7349,11.29,12.024,11.113,10.6417,10.1673,11.43,10.5033,11.0052,10.4603,11.604,11.7821,10.6234,10.5687,11.4592,11.0994,10.6226,11.988,10.9651,12.2716,10.7329,8.2564,11.9223,9.9117,12.4978,11.8985,10.7234,11.956,12.6354,11.7567,12.2043,12.4869,11.9308,10.905,12.3413,10.0869,11.5669,12.6514
"AKR1B10",13.4634,14.3951,10.2398,16.4748,15.1548,5.2725,6.4336,12.8943,17.3327,7.8074,10.5888,10.574,13.8549,14.7873,6.8639,13.3325,14.599,15.192,0,11.5744,13.0535,13.8787,5.6181,11.7745,5.5601,14.701,8.3759,13.44,15.2681,15.0664,13.4333,6.6319,16.466,10.8904,6.1885,12.9122,14.9532,11.2909,16.214,16.0829,10.2444,14.6898,9.5645,14.7321,0.477,7.2411,13.3047,10.11,10.2317,15.4107,8.4532,17.1942,11.2245,9.3513,13.1749,13.2592,14.3227,11.1368,6.0765,9.0081,16.7435,10.1381,15.0764,13.4975,7.8286,9.6195,15.4391,12.6979,14.447,11.4165,16.4949,12.7759,10.0467,12.2586,16.3215,16.9343,13.916,2.4109,14.4866,9.2254,15.6087,11.2137,4.9642,15.9283,4.8009,13.6619,11.7912,9.416,14.368,10.072,15.8059,10.286,9.6401,12.781,15.0287,8.573,15.58,12.7368,15.866,15.0124,6.4863,8.4005,5.7037,5.4214,9.2449,10.1003,8.8711,8.3798,5.2551,5.2901,10.907,10.1352,7.6774,8.0041,6.9761,10.7943,8.3257,14.7192,10.1903,6.3695,7.035,4.3988,10.8909,10.2063,9.2811,4.4388,5.8449,12.4964,7.6656,5.9959,7.3171,3.514,10.2589,13.986,5.9276,7.925,6.267,5.3526,4.7694,5.1983,3.8748,9.0553,4.405,8.1407,7.0983,10.3447,11.6339,12.1617,12.5032,8.4045
"C14orf68",14.5926,12.1557,3.2502,9.1966,3.4839,9.2085,11.67,8.7835,10.6205,2.4152,10.3927,4.1033,10.3468,9.7628,6.4027,12.4422,12.6164,5.285,1.1987,11.5414,12.1894,0,7.6806,0.4887,13.6984,12.9593,11.0465,7.9441,9.3557,8.4088,9.3853,5.4187,10.3213,10.767,13.7344,3.4791,12.3364,13.761,5.1597,8.1009,8.7959,8.0746,5.7786,6.3532,11.7327,8.8725,8.6211,10.6935,5.2476,10.6947,8.5528,9.2412,7.1872,5.4374,7.1318,4.6432,13.0219,8.8469,12.668,7.94,12.9303,5.9296,11.2229,13.5681,8.4564,5.168,13.6212,12.6742,7.6953,10.6069,4.227,11.6378,13.8396,13.025,5.6162,13.5564,8.8274,1.0562,2.4867,4.2834,12.6889,12.1614,14.0147,4.3289,11.5082,11.7543,4.0265,14.0861,4.6252,10.5206,11.1052,7.6126,4.8807,7.5038,7.7731,7.3452,12.1611,12.2993,6.2013,9.5083,14.2686,14.544,14.3664,13.4538,15.098,14.5751,14.6925,14.0534,13.3894,14.4468,14.4672,13.1295,15.0388,13.1928,13.6515,13.5466,13.0164,13.0124,15.0667,13.7333,13.6347,14.3945,13.7136,13.7708,14.3517,13.9774,13.9276,14.3601,14.7592,14.4015,14.1488,14.6406,14.7477,13.5391,13.0494,13.9559,14.8044,14.2789,13.9234,13.91,14.3349,13.6975,14.37,14.4825,14.8532,13.6148,14.8711,13.2917,14.8696,14.6528
"EEF1A2",2.1504,11.7245,2.6331,7.9504,5.255,11.2366,8.1224,3.0096,7.0836,8.8773,6.0673,9.9048,12.6759,13.428,2.2196,2.4857,12.7337,11.1241,2.6279,2.7697,6.9758,0.625,4.6092,6.769,7.3984,2.0308,9.5701,12.675,11.5931,0.91,1.9259,4.1884,0,11.7738,3.0842,11.7778,9.7275,13.7125,11.2811,2.777,3.833,1.9318,12.7201,0,1.5651,7.8003,7.2901,14.296,4.0368,3.5949,7.2942,8.3019,2.4141,8.8485,14.0039,10.5891,12.1043,3.3001,9.3519,5.3871,10.3171,10.7516,11.1674,5.2993,1.1134,6.4256,12.2138,9.3487,2.5133,14.7901,4.0783,7.8551,11.7784,7.8102,13.2393,10.8758,5.8746,4.9894,11.5066,7.6408,12.185,7.3192,10.5534,4.9251,7.9865,9.5058,12.7929,7.6066,10.5568,7.1572,11.2638,9.6373,12.1427,5.0294,3.1802,0,2.4108,5.5058,11.586,2.4398,3.0165,3.422,0.847,3.8654,3.4594,6.9192,5.7397,1.9898,2.9282,4.3651,6.8609,5.8819,1.9175,4.6553,3.1875,9.1142,4.2947,8.6034,1.0146,3.6015,5.6233,1.1257,4.0156,5.2961,7.9213,1.9101,2.6589,5.4894,2.6038,5.5497,4.932,0.8029,5.0238,11.5234,2.5052,8.2057,2.307,1.8707,1.4016,3.1041,2.3802,5.2935,3.577,6.8545,10.2001,10.1222,5.3435,8.2199,7.557,6.0014
"HAO2",12.45,9.013,6.8749,10.46,0.594,8.9787,12.1017,12.6995,10.3992,11.1578,6.0543,12.3625,8.0573,10.9342,9.8142,12.1306,10.4055,3.9968,0,9.278,11.2293,5.3136,5.1743,0,8.7563,0,10.192,4.7014,6.7471,7.0393,12.2653,5.6005,11.5955,10.058,10.7447,10.4835,7.1258,12.4111,2.9097,4.1291,5.8464,11.3765,11.5539,2.2835,12.249,11.2035,9.4013,9.9856,7.414,10.772,2.0814,3.0938,6.8037,1.1004,2.0582,8.1879,7.1559,5.0639,2.5521,2.8179,2.6842,8.3431,9.7777,5.5402,6.1341,7.8626,9.1087,9.2248,6.2001,7.6994,9.5829,7.834,12.1602,8.5137,0.931,9.1936,6.5636,0.6226,10.7392,0,10.4782,2.0669,7.6726,6.4173,11.6867,10.0796,0,12.7608,6.2688,11.3047,5.2762,4.819,5.9638,6.4227,10.3929,6.0984,9.4786,12.156,11.8642,4.4848,13.3752,11.9844,13.2551,12.5801,13.1498,11.1014,13.0211,12.5506,12.542,12.9671,12.9824,11.432,12.9234,11.1168,12.5539,12.7024,12.0262,11.3843,13.431,13.2983,12.7966,12.8548,12.4644,13.1711,12.6797,12.8366,13.2126,12.7324,12.2838,13.2127,13.1178,13.2035,12.5296,10.7221,12.9064,11.33,13.5137,12.9871,12.8392,12.9307,12.6014,12.661,12.9179,12.9405,13.6495,12.5743,12.3399,12.0468,11.1889,13.0306
"CDHR2",6.2278,8.7926,6.2961,4.4783,11.3164,10.5218,1.1982,3.2661,2.9863,0.4792,11.5035,0.8891,10.5991,4.7681,8.3831,11.0412,10.7572,1.1051,0,11.1439,8.8373,8.2777,7.1833,2.0792,0.6849,12.662,6.597,7.1204,7.4423,5.8283,2.3784,7.666,6.2401,8.9245,0,7.0805,11.6327,7.7999,3.1044,10.1581,10.6173,9.2031,3.412,8.9894,11.381,5.3667,8.3145,11.2765,0,9.525,10.1096,2.3124,3.2719,13.93,11.6035,8.1536,1.7073,11.1915,8.6533,9.3873,12.1179,5.2544,9.1001,9.7161,3.5201,8.6243,1.9377,8.3081,7.6213,5.7981,4.2733,8.8651,10.9901,1.1979,10.2424,7.9152,9.2141,3.6247,0,0,4.3694,7.23,10.3662,2.8566,10.1798,8.6811,2.4493,11.8854,1.0892,4.3307,0,5.6104,6.598,5.5942,0,4.4818,8.5321,11.5472,3.2834,7.3182,13.0648,9.3091,9.7596,11.2331,7.9299,10.841,12.2491,9.9532,12.8095,11.6445,13.0409,11.074,11.0189,12.2117,12.2718,12.5483,10.8408,12.3114,10.642,10.4443,10.325,10.8429,12.3068,10.4999,11.8123,10.1568,12.5748,10.788,10.4936,12.6655,11.1987,9.8603,10.781,11.707,10.9495,8.069,11.0258,11.0936,11.1984,10.1501,11.0353,11.8735,11.9299,12.5293,12.0682,12.2806,11.8901,12.0797,8.8218,12.0175
"IGF2BP1",8.1138,6.5361,9.1645,1.1483,6.8659,8.243,7.5698,0,6.8244,7.0206,7.4915,2.395,8.2205,8.5981,9.8861,0,4.4611,9.3191,0,11.4463,8.5773,9.2075,11.1756,9.374,6.058,9.5791,0,8.0095,7.5903,1.4636,8.1534,8.1631,8.4635,7.7462,0,3.9383,9.0828,3.4789,1.0606,3.2502,11.2438,1.9318,0,9.8655,8.3633,2.5063,3.6894,5.9507,0.5265,4.0308,9.0128,5.2287,10.0122,2.9754,7.7277,7.7517,10.2472,11.9993,10.2202,9.4291,5.0093,0,9.9501,10.1403,0.6616,9.1075,4.5636,0.6006,5.7977,2.0128,10.0709,10.3822,0,9.6193,9.0707,3.4601,2.4732,12.2229,6.9156,5.8415,6.126,11.4516,6.5096,4.1614,10.5014,6.4915,4.5027,1.3408,0,1.0874,5.3859,10.0892,0.5843,7.9568,0,2.0176,10.4389,7.6912,5.894,1.3075,0,4.6609,0,1.7059,1.2801,1.6124,2.5063,0.8015,0,0,0,2.4794,1.9175,0.726,1.3907,2.1242,1.8355,2.7214,2.0219,0,1.3989,0,3.9075,1.2143,1.4427,0,1.5818,0,0,0,0,1.9922,0,0,0.9527,3.8126,0,1.8707,0,0,1.0367,2.9079,0,1.0109,1.644,3.6005,2.8456,0,0.8043,1.8886
"THRSP",10.9218,12.5263,2.5186,9.6564,2.9303,7.1041,7.1242,10.0947,10.5769,5.1407,1.1382,9.8893,8.4978,5.2105,0.6064,6.4662,9.8156,4.7184,5.0888,2.2868,9.5291,0.3461,5.0665,0,12.4314,4.3965,11.4224,10.4776,10.016,4.0723,11.328,3.055,8.7793,12.8758,12.1386,10.1784,6.5093,13.2915,3.2759,4.2551,9.2767,1.0882,8.7189,2.8652,12.4573,11.8258,8.5798,8.2652,9.0944,11.1406,7.2528,9.512,6.2092,1.7173,3.2386,3.6613,4.1693,3.678,3.1872,0,12.8666,4.535,8.8749,2.969,3.8462,8.4015,11.8168,8.5359,2.2532,6.4902,10.2032,7.9416,12.9876,14.0161,3.7753,12.913,6.0934,0.6226,10.3361,3.595,11.3251,4.544,9.0542,2.4349,3.283,11.3166,7.8078,11.502,7.6801,6.6437,6.5044,5.6104,9.2483,3.387,6.0689,7.5602,7.6566,9.9287,5.3212,1.6838,11.5018,9.8331,12.3188,10.9673,12.1957,10.4952,11.1291,13.1876,10.6844,13.4245,12.5217,10.7919,12.2512,9.3867,11.6691,12.9884,9.8304,12.025,12.4827,13.9007,11.9864,12.0965,11.1691,13.2001,11.2286,11.8578,12.436,12.6915,11.8494,13.1809,12.7804,13.1258,12.3835,10.0908,10.6343,10.7217,12.0912,13.1393,10.6944,12.447,10.4829,10.404,11.0683,12.2536,13.2178,12.6638,11.3614,12.263,10.4932,11.7148
"KRT19",0.8951,8.3644,4.3501,2.0149,13.3178,6.0275,0,4.6154,0.8233,6.7036,5.2106,0,3.8745,4.9711,7.0799,3.6962,6.3819,0,4.2581,0,1.5368,9.0753,14.6041,3.9927,0.6849,0,6.3928,4.3244,5.6297,0.91,1.7369,6.281,4.062,3.0958,3.5057,5.2712,7.799,5.552,0,4.0846,6.3777,3.151,0,0.5691,0,1.2657,0,0,0,3.1165,9.5337,0,0,4.9951,4.3952,10.3265,1.0927,6.6413,11.2855,8.4819,3.4824,0,6.6989,0.7229,0,1.6557,2.2553,12.1258,4.3101,14.9055,7.2361,9.9458,0,0,5.6686,0,4.1033,7.9987,1.7235,0,6.7076,10.7036,2.8799,5.5404,7.1021,10.0901,7.082,10.6608,0,0,0,6.8123,1.3207,10.9111,0.8532,0,4.4269,0.6505,6.7972,7.4335,7.8876,10.1748,7.2399,10.2465,8.8575,11.0118,10.83,6.8507,7.8758,8.2105,8.9281,9.4172,6.534,7.5946,7.1673,7.717,7.9294,7.9459,6.9478,9.8704,8.9524,7.122,7.8586,7.1659,11.0176,8.9863,8.4478,9.5364,8.7056,6.2743,11.1514,7.1086,10.5448,9.4487,9.1589,6.6618,8.5961,7.5673,6.9936,6.5025,7.7932,12.0658,8.0909,7.4974,8.8052,8.8087,9.4364,7.5017,11.9731,9.9672
"SLC22A1",14.5958,10.4,9.0208,12.8917,2.3435,13.3249,11.8038,12.1786,14.1949,3.0851,11.1789,12.977,8.2982,7.181,6.2526,14.6395,14.1982,4.7184,3.8025,8.8015,14.8116,1.8918,6.8013,4.064,12.5389,5.1896,13.8018,11.49,11.0251,11.35,13.4614,6.2115,12.2944,13.2047,14.5052,13.4676,10.1837,14.5238,9.4063,7.9754,10.3271,9.3891,13.1682,4.9075,12.5403,13.4912,11.7596,7.3249,11.4231,12.179,7.4524,9.0298,6.8814,5.1886,5.857,8.1913,5.0321,4.4846,5.9435,4.1409,5.4284,12.4333,10.9785,6.8061,9.3372,10.7861,13.3938,11.5921,6.797,8.6853,9.2508,9.1691,14.7828,14.2638,1.4922,11.6178,8.5637,2.4109,13.3426,7.4483,11.599,3.1658,10.4625,5.3457,8.536,14.3526,7.4564,15.1945,13.9404,9.6852,12.268,6.62,8.5177,8.0745,13.6559,7.2411,11.2663,11.4803,10.8531,9.5796,14.919,14.4359,15.0943,14.6349,15.1631,12.2485,14.8501,14.4254,14.3988,15.2032,15.0786,13.5353,15.1598,12.3891,15.0969,15.5196,13.3578,14.5255,14.339,15.1204,15.217,14.8237,14.8644,14.795,15.1206,14.9979,15.1807,14.769,14.1192,15.1302,15.3821,15.6861,15.0161,13.762,14.0681,14.2986,15.3152,14.9187,14.077,15.5384,13.5892,14.9972,15.1932,14.9187,15.658,14.6149,14.1829,13.4207,14.189,15.2829
"SSX1",0,0,0,0,11.0153,0,0,10.5449,1.3441,4.3716,0,10.5071,7.2686,0,0,9.3085,0,0,0,6.1464,0,11.3646,0,1.7737,9.285,0,0,0,0,1.4636,9.1473,0,0,0,6.0575,3.0295,0,6.8584,0,7.8073,0,9.785,0,10.5889,0,0.9533,10.8324,5.2717,1.2148,7.3025,0,5.7905,2.033,0,0,0,9.488,2.2288,0,0,0,3.3209,0,10.4348,10.3165,10.9601,10.9723,4.9989,6.797,0,9.4005,0,0,10.3981,1.4922,7.8898,8.5905,0,1.7235,0,7.4203,0,0,11.2748,0.7415,9.8601,0.7114,1.3408,0,2.954,0,0,11.6374,0,0,6.3112,3.097,7.051,4.4485,0,0,1.778,0,0,0,0.7535,0,0,0,0,0,0,0,0,0,0,0.7157,0,0,0,0,0,0,0,0,0,0,0,0,1.4318,0,0,0,0,1.5215,0,0,0,0,0,0,0,0,0,0,0,0,2.8992,0,1.4864
"MAGEA6",0,0,0,0,9.3734,0,0,11.3824,4.2828,10.6515,0,10.3764,7.6826,0,0,0,0,0,1.1987,0,0,11.385,1.2019,1.3857,11.3942,0,0,0.6265,2.0461,0,10.8926,1.627,0,0,1.1049,3.6259,8.2056,6.7459,1.0606,5.0645,0,10.6781,0,11.358,1.7444,1.2657,3.6894,3.869,0,8.0606,0,0,0,0,0,0,9.2776,5.777,0,2.0092,0,0,0,10.4473,0,4.4924,10.2816,2.0348,10.0235,0,11.39,0,0.8844,11.3888,0.931,8.4266,2.599,11.3937,0,0,6.6788,0,0,11.2325,0.7415,7.2792,0,1.3408,0,7.4997,0,10.7685,11.3654,0,0.8532,4.715,8.0814,1.0972,0.7416,1.3075,0,0,0,0,0,2.1471,0,1.3138,0,0,0,1.3366,1.9175,0,2.5524,0,0,0,0,0,0,0,0,0.7314,1.4427,0,0,1.0154,1.4292,0,0.9886,0.8029,0,0,3.997,0,0,0,0,0,0,2.0884,0,2.8261,0,0.6383,0,3.9271,0,2.4606
"MT1M",4.3159,6.7547,3.9252,3.7838,5.1759,3.7603,5.1418,7.3782,4.6792,2.1846,4.3797,1.8302,5.5585,3.9459,1.0322,9.9781,5.484,1.7235,4.3526,4.046,5.1125,6.3776,5.1214,6.217,2.823,5.4663,8.415,6.0736,3.5795,4.4368,6.9939,8.3455,7.9861,2.4972,10.9684,3.1313,5.0608,6.9458,3.9179,5.1535,3.162,3.3232,3.9243,11.2621,5.5496,4.5814,3.8567,9.2963,3.0083,8.619,1.7758,3.0252,2.9642,7.5241,5.323,3.4958,2.4676,4.822,0.6436,2.1795,2.3422,5.1364,6.3127,2.4733,0,4.829,2.7359,7.3033,5.8692,9.5219,4.4451,7.1787,7.9495,5.8239,5.7191,8.6118,7.9297,10.4106,0.8217,2.231,8.6882,3.9406,7.5837,5.7616,0.7415,8.8258,1.1857,11.1301,2.1318,9.9833,1.0146,6.4803,6.4979,5.7388,4.4034,7.3218,4.9139,8.897,7.4067,2.229,11.6477,12.2932,10.7568,12.3346,12.6006,10.8302,12.2095,12.5104,13.3846,10.2819,9.6094,8.9785,9.5686,12.2623,10.2792,7.8836,11.5705,8.8272,11.577,12.8147,11.5157,12.7185,12.5531,10.172,12.691,13.1799,9.9586,11.8355,10.4063,10.1203,12.7116,11.5932,10.7847,6.356,13.6724,11.506,12.0237,11.9058,12.1961,8.7895,13.2963,13.4846,14.7826,12.1757,10.0649,9.6719,13.902,8.0118,10.1696,13.6424
"CRHBP",7.1673,5.5621,3.3202,2.9432,3.7253,5.7192,8.6706,6.5098,4.543,1.7502,1.7664,5.1671,3.9824,5.2501,1.3604,8.8632,7.9219,2.9831,6.6358,6.2419,6.1442,3.2744,4.0535,5.2516,4.729,1.3466,8.9287,1.895,4.6586,2.4316,2.3784,2.7536,4.062,4.1094,6.8663,3.0295,6.801,9.2674,0,2.0681,1.4682,1.9318,5.3673,2.9579,5.9569,3.3067,3.8567,3.171,4.3797,4.5339,2.4448,3.222,1.1616,1.7173,2.8736,3.6613,2.7364,1.9818,3.0049,5.2408,2.6842,5.3423,8.5791,1.5614,1.1134,2.6729,1.5297,9.8845,3.9191,7.1134,1.7845,7.3145,5.4916,2.7241,0,2.5856,7.3522,1.3891,4.0311,4.7475,5.2774,0.8459,9.1107,4.0697,6.8978,8.2964,1.5421,10.8295,4.5577,8.5002,6.5833,4.5408,3.5831,6.7692,8.7988,4.2701,3.8025,1.9443,5.3689,3.188,11.3828,9.7115,11.4992,11.561,6.0287,10.3182,11.7789,11.3768,12.486,10.7536,10.8018,11.3314,11.6418,11.4327,11.2092,10.825,10.2946,11.6737,8.148,11.5181,11.3222,11.7149,11.4177,11.6493,11.5359,11.6479,11.7933,10.1339,11.4358,11.4542,11.6424,11.0641,10.9736,10.0046,11.3047,11.852,8.7888,11.083,11.2639,11.5994,10.952,11.036,11.876,11.534,11.2298,12.1945,11.4387,10.9042,9.5016,10.0157
"TTC36",10.6907,5.4527,1.7507,1.7795,3.7253,6.9229,7.3755,10.9,7.3585,7.0973,0.6785,10.6066,2.318,7.5213,1.3604,10.9695,5.0614,7.577,1.5573,2.9615,5.239,0.3461,4.95,0,10.4434,8.2158,9.6945,7.9505,5.8216,8.209,8.4456,3.055,7.1793,6.3931,8.932,8.2913,2.3849,10.273,7.184,2.9852,0,8.6487,8.6895,0.9761,6.2145,7.9195,1.3712,6.7154,8.8833,8.294,0.8545,6.2625,4.0944,7.4025,5.9086,2.9734,7.3183,2.933,1.0573,0,7.1578,8.7985,7.4246,2.777,6.8891,8.0174,9.6562,8.3926,4.6174,6.3048,0.6881,7.1013,9.2124,10.1692,0.931,6.9007,5.5864,0,1.7235,1.5096,6.9564,1.7623,10.0112,2.2242,4.1535,10.0542,0,10.8056,6.4749,9.8941,8.9685,5.7933,6.5526,3.387,9.6222,6.2298,5.5001,0.6505,2.3312,3.188,11.1954,11.8857,11.9098,11.3333,13.0208,10.4091,11.6926,11.575,11.1281,11.1928,11.2864,10.8628,11.2053,10.216,11.4686,10.4543,9.9644,9.3527,11.6914,11.1847,10.5723,11.2985,10.7928,10.6168,11.9348,10.4241,11.3434,11.4051,10.8693,10.9052,11.2351,11.9859,10.7714,9.0784,11.383,10.9951,11.7586,11.7038,11.0091,11.6764,11.8244,11.6022,10.6914,10.6977,11.623,10.6862,12.4534,10.2412,10.6995,11.482
"GLYAT",13.7581,10.4036,3.6268,11.304,0.594,9.701,12.6049,11.8755,11.3884,1.91,4.61,12.2732,10.5313,9.9628,3.7592,12.8141,11.2381,12.0031,1.5573,8.5708,11.8811,4.415,5.9868,1.3857,12.9239,4.4986,12.6287,13.0452,8.6011,11.7228,11.6678,7.3196,12.3242,12.2483,12.7469,9.7141,9.9336,12.2,8.5819,9.6027,5.8901,11.4399,12.3596,6.2285,11.5264,11.306,10.916,9.0913,12.52,13.2688,0,9.8643,5.3862,1.7173,7.3527,5.1954,11.2949,5.325,0,4.2596,11.1226,12.4392,9.5193,5.7111,11.5405,11.9254,10.9289,11.0306,12.3438,7.577,9.8111,8.4133,11.1328,10.4797,0.931,9.0809,7.0111,0.6226,9.8022,1.9149,10.6987,2.3182,12.9128,3.7136,1.8826,11.7061,0.7114,13.2863,10.8499,12.1516,11.5822,10.3236,8.873,6.4104,12.2448,11.2857,10.2739,6.1513,6.6697,12.43,13.1668,12.7651,13.7399,12.8729,13.7335,11.3506,13.5937,12.978,12.3305,13.641,12.7129,12.5865,13.369,11.0698,13.3623,13.1475,11.9946,12.6853,12.9251,13.3537,13.3839,13.3087,12.5773,12.9037,12.5112,12.8973,13.0737,13.4127,12.4821,13.086,13.0833,13.7498,12.8303,11.8828,13.2132,12.0066,13.31,13.5925,12.5211,13.4262,12.2922,12.6235,12.3063,12.6722,13.3309,12.7796,12.9993,12.7102,11.9442,13.0539
"FXYD2",3.6062,6.6693,2.1081,1.4981,5.8209,11.8393,5.774,3.673,5.7156,5.8998,11.1934,0.8891,2.474,0.599,9.5703,4.5288,5.0114,0,5.1689,9.7008,2.9951,3.5327,15.0618,4.1968,2.2159,12.6356,14.3685,1.6669,10.9631,0.91,3.6087,9.7403,7.153,3.7841,2.9829,0.6755,11.1813,4.8108,3.4292,3.6677,12.5101,0.6444,0,4.4775,9.7112,0.9533,5.7591,2.8886,0.9113,1.8309,9.9672,3.2821,12.2541,13.9816,12.4877,10.0757,1.0927,9.2284,10.403,11.4019,11.0432,0.6776,6.3986,8.5243,1.457,7.259,0.9587,10.3726,4.3101,15.0881,9.7062,8.3773,1.4287,0,12.5241,3.3894,2.1831,7.1095,0.8217,0,4.9309,11.5354,2.2359,2.7024,7.4233,10.8309,7.3922,9.2111,0,2.7278,1.0146,6.0303,3.6986,11.2832,2.0792,1.2059,12.9358,1.7132,4.5346,0.7971,8.5236,9.3146,8.6013,8.27,9.3048,8.6069,9.1953,6.8873,6.9462,7.8643,9.4709,7.0129,6.1758,5.8058,8.1906,8.8353,8.4099,8.1364,7.5759,8.0101,7.2127,7.6236,8.336,7.7954,8.475,7.2546,7.4131,8.2054,7.5179,6.4244,7.6777,7.4347,7.3179,8.4113,7.3881,8.0942,6.8144,8.0203,6.9368,7.9451,7.4899,9.1157,8.2064,8.9933,11.0236,8.739,10.3707,8.2661,10.6414,7.5084
"KRT23",9.8658,9.4488,0.5588,10.6631,0,3.5028,7.545,6.811,9.491,1.7502,10.5787,0,7.3106,5.5165,2.373,8.3398,9.3071,2.7561,1.5573,10.0288,0.7083,9.8456,11.8926,0.4887,0,7.7412,2.4756,9.4929,9.84,3.1556,4.191,2.2189,4.4553,4.5637,0,10.6785,7.635,6.3863,9.4086,4.2551,10.5678,8.6014,1.434,11.1606,0.8347,1.2657,8.5403,4.4474,3.418,3.3754,8.1198,12.3966,2.033,4.3541,10.9396,12.0076,2.137,7.4208,8.8754,10.3246,13.4874,6.7591,10.5889,11.452,6.0731,8.5722,1.9377,9.0348,5.9149,6.9661,8.2803,9.4654,0,0.5174,10.6185,12.0605,8.2456,6.593,2.025,0.9438,5.9439,11.0851,0.6136,4.4307,2.5117,9.4172,11.165,9.8358,7.7834,3.6145,0,6.2495,0,12.0507,0.8532,2.5339,11.3475,0.6505,9.2682,4.4365,3.3023,6.3286,0,2.7347,0,11.5456,6.015,1.691,3.0769,0,8.982,2.8283,0.9455,7.5994,5.5366,8.9927,6.5761,10.6235,2.0219,4.1959,6.8832,3.3863,8.3771,2.9263,8.468,5.3574,5.0969,3.8358,4.5932,0,3.4386,3.2002,4.441,12.8363,5.9053,3.0212,0.9907,2.848,2.3519,3.7989,2.0547,6.5992,4.0857,3.4793,4.7849,8.914,5.5482,8.4951,9.011,5.7828
"MUC13",3.3866,10.4356,14.138,11.8375,12.2235,12.9678,11.2321,12.1784,12.1046,7.7211,14.6216,8.1832,4.9361,15.3939,3.3793,8.8169,8.004,5.8139,2.0835,0.9781,8.5434,8.294,10.541,2.3312,1.1475,3.1237,8.6914,3.5701,9.8848,8.1297,5.902,1.3599,11.3037,13.3649,10.2096,12.6446,12.3812,6.8584,11.5781,4.0846,7.8553,7.5713,4.0776,3.9548,11.3609,10.7137,8.3145,9.603,2.434,3.2517,9.3654,12.1569,10.1893,15.6716,12.7098,9.981,9.7796,8.4686,4.429,5.2214,11.6367,4.3352,7.0527,6.6183,2.6407,2.8977,7.0666,9.0061,2.7336,10.8264,11.1719,4.2226,2.3868,13.6309,11.729,7.0428,10.1968,5.1515,12.5733,7.7251,13.4805,6.6986,4.4021,15.1021,6.1472,9.6696,9.9525,8.3246,9.4653,5.9998,3.1958,2.3577,11.4613,8.3011,8.222,1.2059,7.4584,13.7971,15.0464,5.7966,5.2568,6.1092,3.0336,2.7347,2.4021,7.3657,7.5709,2.4483,7.0578,3.9223,6.8443,3.109,4.8469,4.6173,6.2406,7.7845,4.6301,9.5462,2.3453,4.7544,4.185,4.0327,6.3901,1.8642,7.8692,3.8867,5.2559,7.7029,5.214,2.6072,3.8855,2.6351,5.4074,10.2586,9.8002,3.3911,3.3052,2.1836,2.7543,2.0142,5.1579,7.6278,3.3578,3.4793,2.8829,6.8673,5.156,6.0213,6.8384,3.4476
"PEG10",5.9148,9.4644,2.1081,10.8018,2.3435,3.8368,4.0474,4.364,6.2261,5.5696,11.4237,9.3784,2.474,8.6322,15.8333,2.7051,4.8784,4.5155,6.9549,15.9298,8.2388,11.1491,8.963,11.0681,5.0266,14.0965,10.2655,3.2782,7.6364,2.3091,13.4643,14.1227,10.5676,11.6442,1.9551,6.2524,4.9665,8.2866,4.3606,12.8633,12.1071,8.8938,3.333,8.3782,11.458,12.5158,4.3809,2.537,9.1614,8.3629,15.4591,1.577,13.9022,2.4794,1.6368,13.0783,1.0927,14.5895,16.0795,13.4241,8.6089,8.3617,13.6081,15.2945,11.786,4.829,8.1454,10.8675,3.0933,9.6372,14.9099,15.3544,1.823,12.3206,7.3672,12.812,2.1831,10.7419,8.6634,11.2074,3.5692,12.1706,2.5287,7.2647,12.9163,6.5533,14.3281,8.4374,9.7617,7.7539,5.8614,14.9569,10.565,13.8787,8.6358,2.6385,14.7689,7.9722,8.1148,9.7647,8.0983,6.6527,6.4864,6.9837,7.292,4.008,4.3021,5.5565,7.3115,9.4742,5.4825,5.9898,7.1935,6.0813,6.8499,8.9735,4.9022,10.8696,5.1983,7.8948,11.1619,7.3377,5.3464,7.9575,6.6777,6.4116,7.1003,8.2593,6.0422,7.183,9.6101,8.023,8.1121,4.7307,6.1718,6.2203,6.3035,7.4109,7.3391,5.9315,3.7675,7.8727,7.6821,6.694,5.9932,7.8332,3.7416,7.7119,5.5399,7.4723
"FREM2",0,3.1031,0.5588,0.6855,6.9575,0.7977,1.1982,5.4106,0,4.7339,0,0,2.8608,7.689,2.2196,4.2782,4.4611,0,0,0,2.0598,4.1324,7.09,7.4824,1.7784,0,10.1999,0.6265,7.0494,0.91,6.826,5.8945,5.0753,8.7833,3.7719,0,1.6377,9.1422,1.0606,0,0,0.6444,1.094,0.9761,5.5853,10.0925,0,0,7.7305,0,0.4895,0,0,0,0,7.3034,0,0,0,6.5744,0,0,6.1236,6.7153,0,2.5458,0,7.5498,0,4.8015,2.4002,4.1561,6.6558,6.3966,3.4559,1.8612,3.9226,10.89,8.881,0,1.6184,0.8459,0,9.1684,0,3.7654,7.6102,8.081,0,0,0,1.4061,6.9522,4.0884,0,0,0,0,4.3087,0,9.3422,8.1603,7.0267,9.3625,6.7944,8.7215,9.2384,8.0074,7.4407,10.4919,9.4628,8.9654,8.7534,9.4105,9.8027,7.7698,7.3245,9.0517,8.1112,8.7966,9.0016,6.9941,9.0775,8.0681,7.6461,9.1581,8.2447,7.325,7.0741,8.2602,9.5046,7.8569,9.5326,7.3896,8.7049,3.5457,6.7095,8.5769,5.8286,9.5873,8.1329,9.1094,8.2145,9.6602,8.1749,6.2608,7.4349,9.3774,7.308,6.5092
"PRSS8",7.1145,10.2656,8.0547,2.0149,1.603,2.23,9.7982,9.6374,9.142,8.3577,9.3867,3.3746,6.7858,7.6854,7.8182,10.9196,11.0911,0,0,0,10.1372,7.9206,12.0974,1.9346,4.3101,2.8425,8.018,4.7312,10.1875,0.5256,9.9366,1.8524,8.8988,10.354,9.8908,7.0742,10.9607,10.6739,8.3375,0.6156,3.5361,1.7015,2.856,3.8619,9.8694,10.8019,9.6819,1.3792,0.5265,9.7126,0.4895,0,0.6947,7.6851,11.007,10.9172,0,3.678,2.2582,8.6435,2.5233,1.1368,8.5791,4.2143,0,7.0524,10.0888,9.6311,1.5279,13.5923,5.5685,7.6649,9.8688,9.753,8.0038,0.8399,4.9471,5.7807,10.1644,1.5096,3.5049,7.6579,2.6555,9.6632,9.4142,9.804,13.3165,9.6706,0,1.7003,5.4546,4.9786,9.4979,6.6748,0.8532,4.6664,0,8.182,4.0984,0,10.1256,9.8241,8.2504,9.3197,9.3747,9.803,9.9038,9.4283,8.9829,11.0288,9.9653,9.3034,8.7316,8.2717,9.7803,10.8347,8.8401,9.0158,8.83,10.1945,10.186,8.4979,9.0555,9.7257,9.8214,9.2161,9.4361,8.8823,10.0617,9.9891,10.3358,9.6002,10.5552,10.7294,8.7681,11.2331,9.7413,10.4082,7.9501,10.3748,10.1168,10.6545,9.8888,10.3278,11.1903,10.0223,9.805,9.0359,10.4329,9.9814
"C19orf77",1.4434,2.7053,7.8362,1.4981,6.5658,11.4047,8.7201,3.0096,2.0277,1.91,10.1709,2.7999,1.9439,6.6035,11.8885,10.8204,8.0231,0,2.0835,3.2824,11.6728,3.1029,9.3979,2.642,0,7.096,3.5788,0.6265,4.7026,1.6769,3.6629,8.2719,5.3312,2.6384,1.9551,6.7372,11.574,2.6591,1.6652,5.6881,4.0016,1.4272,1.434,6.3187,11.3687,3.0859,8.5342,2.0713,0.5265,5.5557,11.6988,0.8427,10.7086,2.7486,11.7792,9.0576,1.0927,7.4021,6.2505,8.2602,7.1782,0.6776,7.6719,7.2746,0,5.5119,7.8939,6.4803,1.5279,12.0351,6.9311,7.038,7.5215,4.7015,9.7566,1.0379,1.332,3.6247,1.3419,0,1.0252,6.0701,6.9478,3.3479,5.2963,5.8305,2.7519,7.1105,0.6451,1.0874,2.3452,7.4036,2.4578,1.2961,12.3738,6.1699,1.6594,0,4.766,4.9654,11.9345,12.3478,9.5845,6.9445,11.0505,10.3034,12.6404,3.7687,10.2884,5.4781,8.8474,9.944,5.446,4.6553,12.3013,12.3565,10.8276,8.7502,11.5712,10.2981,6.5467,10.2509,10.6131,6.6251,12.0333,2.5428,10.8204,9.9949,4.6591,9.6235,5.8844,1.3157,5.9392,8.04,11.1356,5.3059,6.4245,4.0052,10.6143,6.1166,4.593,7.1547,10.4264,8.7083,6.2158,9.2937,5.8563,7.46,8.0345,10.3161
"GLS2",12.0993,5.624,11.0532,10.9391,3.7253,12.4588,11.438,13.9506,12.3253,8.912,9.45,13.4124,3.8174,10.914,8.7464,13.584,9.285,2.9831,1.1987,9.7984,12.8148,3.2334,3.3367,3.361,3.1537,6.4499,11.5135,2.2651,8.2471,3.0058,11.2725,3.055,12.8642,7.8874,13.272,12.2621,10.1519,11.5685,10.8052,4.8417,3.833,10.3813,2.7383,4.8603,12.9009,10.0688,11.1465,6.748,5.8086,12.8224,8.7128,2.6223,13.3843,10.2908,4.2428,7.0284,1.0927,4.1669,8.282,7.451,7.3972,2.5351,8.6155,3.3372,3.193,10.6756,11.6968,9.3624,4.0884,4.9707,7.1945,8.2515,8.4069,12.6068,6.0894,9.5423,5.2062,4.0577,9.5743,11.1708,11.6054,5.5623,2.2359,8.0158,12.4325,11.4586,7.4669,12.8317,9.824,11.5453,5.4878,6.8017,10.6026,4.9636,13.2591,6.2547,11.1931,3.2549,7.9792,8.8191,12.5994,13.5681,13.9653,12.4684,12.6479,11.264,13.6228,12.0293,13.011,13.2678,12.806,12.5806,12.971,11.3268,14.1117,13.5298,12.0758,13.0359,12.5758,12.3726,13.0369,13.0524,13.2724,12.8975,12.4025,12.7324,13.0343,12.2504,11.2607,11.7363,12.0612,13.3154,12.4947,10.9776,13.5221,10.4547,12.5503,12.8833,12.1709,13.9607,13.7106,12.4543,12.5104,12.1989,12.8797,12.7306,11.8985,11.7618,12.6546,13.2511
"ADH4",16.0148,9.3004,8.6447,14.2524,6.9336,14.9468,14.0405,15.5144,12.2379,15.709,9.8385,8.2534,13.877,12.3947,6.085,14.6096,11.3666,15.3585,1.8443,13.6768,9.48,2.4162,9.3726,4.0984,16.0023,3.8962,15.0146,11.5642,9.7112,16.1744,10.7708,14.111,6.9694,12.1239,15.0795,14.9518,12.0163,15.4637,9.9499,10.104,11.8635,11.8755,15.5231,14.781,14.648,13.3273,8.2101,14.8536,14.7624,11.5696,9.3592,9.2507,9.6463,14.2947,13.8778,9.9731,14.799,13.8942,9.9245,9.1116,14.2349,16.318,13.3775,9.7338,14.2264,16.9972,15.0564,14.6183,14.152,11.3334,7.7437,13.1508,14.1369,12.1287,4.0367,15.5321,10.3935,0.6226,11.6326,5.5881,12.9589,10.6552,16.331,7.15,8.5974,14.7149,8.4628,16.1798,14.2962,15.9779,13.9222,10.262,13.5832,9.3512,16.3254,12.3613,15.0646,4.7958,10.07,11.9292,17.129,15.2456,16.5921,16.2306,17.5671,13.8907,16.5608,17.0815,16.5715,16.2796,16.3156,16.4382,16.593,14.7868,17.2904,15.7861,15.0819,16.079,16.1665,17.4793,16.0191,16.3339,15.2653,17.0292,16.9334,16.3423,17.135,16.9695,15.4614,16.4514,16.673,17.3836,15.7792,15.0524,15.9848,15.1043,16.8861,17.1986,15.8511,16.3975,15.2309,15.8235,16.2872,16.7366,16.5224,16.7003,16.1705,16.1791,14.3733,16.5428
"C5orf27",2.978,4.4853,1.7507,11.1775,11.9351,4.3359,10.9055,11.7386,6.8725,10.7738,3.4865,6.2952,10.9661,7.6599,1.0322,13.101,5.9229,10.9811,2.0835,2.2868,5.3774,2.2617,2.6326,1.7737,13.2987,10.2583,7.8341,3.195,6.0937,3.9131,11.3998,2.2189,9.3873,9.7382,6.6268,14.6098,3.3434,9.7152,7.1947,1.6456,0.9133,3.8593,2.7383,2.1325,6.0105,7.3692,6.8878,11.6386,5.2138,11.9637,1.7758,4.381,4.1457,9.0012,3.6557,1.9037,10.5881,2.2288,2.4126,0.5891,3.8648,10.1126,9.9666,1.3929,2.9967,10.6323,6.9169,4.2532,3.8264,7.738,3.0592,5.7551,12.2569,3.3909,7.6075,10.7531,7.12,1.6595,5.6908,4.0619,5.8172,1.3757,5.2519,4.5711,2.8169,6.1513,3.1124,8.6283,6.8082,10.5609,11.614,4.7762,6.5449,2.8452,4.0288,11.6809,4.6292,11.6077,9.6739,3.7591,9.5269,11.217,9.0857,12.5718,10.7985,8.3881,10.4976,12.1042,10.5706,10.5766,7.4362,10.9709,10.0936,10.3601,9.3493,4.0598,10.5588,3.6077,6.2576,10.9638,5.0046,11.6474,6.4683,10.7237,11.9269,10.7848,11.1983,10.756,11.2778,12.6827,11.364,10.5874,10.0132,3.579,11.4145,11.3065,12.5526,10.9678,10.0722,8.4154,7.7516,11.8543,12.5222,9.6638,10.3742,8.8786,10.4237,7.5221,9.595,12.1398
"UTY",7.4415,7.1756,4.5672,8.4112,5.4013,0,7.8902,8.7498,7.6346,0.4792,0,0,7.2632,0,8.94,7.581,5.5728,7.9966,7.72,8.0329,8.5749,7.6022,0,4.655,3.249,7.2502,8.4265,0,0.8339,8.2218,3.8612,8.9482,9.0841,0,0,8.508,8.7843,5.9176,2.9097,6.1111,4.3529,0.6444,8.6715,5.4764,0,8.6948,0,7.6174,8.2624,7.6535,8.4111,7.9711,0,1.1004,7.6914,9.1871,6.7327,5.1563,0,0.5891,7.7955,8.0056,7.9838,0,0,7.915,0,1.0233,7.0741,0,3.6569,5.3112,0,0,6.9682,7.9355,8.2789,8.3195,8.384,0,6.8824,4.931,7.6838,7.6522,0,0,3.4851,8.1213,8.3918,7.3184,8.3599,7.8836,0,5.4694,7.7994,7.8544,0,7.5448,7.1579,7.6503,7.7812,8.3796,0,7.6608,0,8.4317,7.5494,0,7.2735,8.3129,7.5729,8.8839,0,7.8973,8.5472,7.8064,8.54,8.4732,0,0,0,0,8.336,0,7.6646,0,8.0523,0,0,8.0545,0,1.3157,0,7.8362,0,8.2401,0,8.0253,0,8.1711,8.2521,7.8576,0,7.5531,7.0757,8.5071,7.7238,0.719,0,0
"EPCAM",3.2628,6.7455,1.7507,4.3973,0.594,9.6003,11.6631,3.4839,2.0277,1.1257,2.2026,1.435,1.4374,7.4677,9.7056,1.506,10.712,2.4866,5.8417,12.0288,2.9951,8.6626,13.4525,3.47,1.1475,3.3589,5.5709,1.3959,7.4996,2.1751,0.5525,4.1884,6.0819,2.9943,3.9436,3.694,13.7218,5.6935,1.6652,12.09,12.1713,3.3232,0,2.9579,9.5546,6.8425,2.5261,2.0713,0.9113,5.2019,12.8083,2.9531,6.2092,10.0722,12.8539,12.2775,2.137,6.1359,11.4119,12.4005,2.1349,1.9991,6.6704,6.5747,0.6616,2.0794,0.9587,9.8639,0.9574,14.2984,2.9493,9.3173,0,3.9696,0.931,2.6475,3.1849,10.2758,6.5989,10.5772,5.2384,13.2095,2.2359,5.1356,10.9578,8.7407,12.0581,9.6597,0.6451,1.0874,1.6044,11.5469,2.9052,7.1554,1.7737,1.2059,2.6775,2.4745,5.5659,2.229,7.9037,8.3936,6.8779,8.143,7.2384,9.8901,8.6965,5.3617,7.0398,6.4439,8.7218,7.3663,5.9568,7.006,8.6263,10.2225,7.989,10.7822,6.3142,8.3618,7.9789,6.1201,8.7263,6.5958,8.3665,7.274,7.7831,7.8184,6.6646,5.0556,8.1521,6.797,7.9053,12.1059,10.3602,6.6702,5.6256,7.3651,6.8976,5.9493,5.9782,9.5142,6.7636,7.3704,7.1094,8.4184,7.7654,8.6632,10.1489,7.7266
"CHST4",0,6.4925,0,3.155,2.3435,1.3084,0,2.8619,1.726,0.4792,0.6785,0,0.6503,0.599,0,1.506,5.309,0,0,0,0,5.008,5.6925,3.9177,0.6849,0,2.4756,3.2782,7.4808,0.91,0,0,3.1459,1.7324,0,0.6755,2.7292,4.7078,1.6652,0,1.4682,0.6444,0,0,0,0.554,0.8427,0,0,0,2.5481,7.5595,0.6947,2.4794,0,6.3554,1.7073,0,0,4.2596,2.3422,0,7.2312,0.4062,0,0,0,9.6936,0,11.2272,2.5583,6.5215,0.8844,6.6593,0,2.3073,3.9226,3.4925,0,1.5096,4.803,2.8835,0,7.5227,0,7.3917,2.8823,9.0049,0,0,0,4.8606,3.8561,9.8741,0,0,0,0,4.4922,0,8.4597,8.6622,7.4653,8.01,8.3519,8.8035,8.5164,6.8225,8.9422,8.0945,8.5437,7.8105,6.7102,7.4292,8.2495,8.3916,8.5938,8.7122,7.7294,8.9669,7.342,7.4296,8.7461,8.5469,8.0201,7.8189,8.6209,8.717,7.4865,7.3273,7.6425,7.6901,7.9793,8.76,7.7559,7.7088,7.2669,8.7442,8.1087,7.8907,7.9731,9.9745,7.424,8.5136,8.6649,9.0027,7.6722,7.8065,9.0562,8.2162
"CFTR",0.8951,7.8335,0.5588,0,2.4815,1.3084,0,7.4446,1.726,2.4152,4.0543,0.8891,0,4.5635,1.3604,4.7423,6.9775,1.1051,0.7205,0,0,7.0615,7.2341,0,9.572,0,0,1.895,5.3816,0,1.263,1.3599,0,4.7925,0,0.6755,3.5308,9.2753,0,0,0,0,1.094,0,4.5682,6.3325,4.9611,1.3792,0,0,2.5481,0,0.6947,1.1004,0,8.1708,4.4934,0,0.6234,0.5891,0,0,8.9168,0,0,0,0.9587,10.8168,0,11.1977,5.4116,8.6822,6.3614,0,5.5893,2.8188,3.539,5.5173,2.9831,0,6.9382,5.9819,0,3.5871,1.2288,8.5867,5.2222,9.4241,1.0892,1.0874,0,6.1524,0.5843,6.5737,0,0,0,6.4528,6.1747,0,7.7339,10.1191,6.1393,7.6608,6.8668,10.0244,8.11,5.3354,8.3145,6.8638,9.6833,7.9726,6.7102,8.5025,7.5758,8.7849,9.1614,8.1773,5.6724,8.6173,7.897,8.3279,9.2506,7.2371,8.8741,5.8638,9.8712,8.8475,7.9973,6.2423,8.2393,6.9953,9.3575,7.8778,9.1231,6.2766,5.8643,8.083,8.5235,6.3361,6.2212,8.6331,6.1111,7.6437,6.6567,9.164,8.3454,8.6928,11.182,5.8742
"GPC3",14.6273,14.8713,15.1699,13.2257,10.5834,12.1987,16.0898,9.6725,13.2154,14.3376,14.3897,5.7501,7.4105,14.7293,14.0602,8.0801,12.3481,11.8187,5.0328,16.0509,6.9685,9.6201,14.3742,10.0248,8.9045,7.9537,13.7711,11.4081,14.2198,13.5195,13.0019,14.6509,13.6135,10.5354,4.5511,13.2827,13.2172,7.8278,13.8301,14.2998,15.1634,12.6906,5.6045,8.0207,15.3118,12.2727,14.3426,12.2224,9.5761,11.1787,15.7133,13.6407,15.2223,3.9886,14.4887,14.2611,11.5522,16.1266,16.6194,14.8352,15.0916,12.7629,13.6528,15.9377,14.0568,14.5365,10.824,12.0553,11.3612,6.6545,14.9363,15.3678,7.7821,14.6382,13.0495,12.2451,5.3563,10.6016,15.5171,12.5068,8.67,9.899,3.7784,11.9811,15.7028,13.886,13.409,8.8767,11.4519,9.2274,10.842,14.3938,12.9026,13.7409,11.6053,14.2207,15.646,7.5882,15.563,7.5629,6.114,6.6757,5.3832,6.1525,6.0287,8.123,6.9719,5.8995,6.8252,6.9679,9.228,6.1533,6.1573,5.7888,6.9854,8.6345,7.1265,11.2767,7.0176,7.6232,8.5821,5.6956,8.6941,6.302,6.8595,7.7832,9.9518,5.3874,5.786,5.1275,6.6212,6.0878,7.1359,9.0272,6.6326,7.2048,5.0263,5.0394,5.2459,7.1299,6.3935,6.4596,5.0426,8.2409,10.1266,8.9338,7.2478,8.8645,6.6794,6.3903
"UGT3A1",6.5525,10.5113,5.4764,12.5738,8.7134,9.6488,6.8444,7.6943,11.1798,11.6372,9.711,7.984,12.1565,11.0114,8.9042,11.1614,8.7578,9.2334,0,11.0599,11.8021,11.4216,5.2254,3.3032,0,7.3215,9.7778,8.5409,9.9085,9.253,11.3609,9.9422,9.1751,11.6281,11.2271,7.7466,9.7873,12.4564,11.3666,2.9852,0,0.6444,11.5878,12.5978,4.638,13.1421,1.3712,8.9087,0,11.1909,0.4895,9.9685,0,9.5383,11.1558,7.7563,11.1841,10.3675,0,2.5952,0.7471,10.5785,13.0555,12.772,5.8728,11.3143,8.936,10.3804,7.499,6.9611,11.1716,7.3816,10.5288,12.738,9.2031,12.2329,6.2834,5.0611,11.5916,1.5096,13.4272,0.8459,11.5666,11.028,4.8009,11.9695,4.5816,11.253,0,0,7.4883,7.8785,11.9027,5.6157,2.5456,8.8015,6.6942,13.291,12.3882,3.3003,11.3326,10.2959,11.5024,10.631,11.0908,11.3411,10.9866,10.7595,11.4733,10.594,11.3338,10.3975,10.7384,10.995,10.3401,10.1433,11.2914,10.355,10.1192,11.258,11.4551,10.9056,11.0902,12.032,11.3688,12.3074,11.79,11.899,11.9247,11.8119,11.2625,11.8988,10.4825,7.1325,12.1463,10.6732,10.6467,10.6768,11.8381,10.5885,11.1459,11.3469,11.2497,10.8267,10.3225,11.8081,10.7336,11.6732,10.7733,11.4485
"MUC5B",0,4.7671,10.2782,1.1483,11.5107,4.4377,2.0828,1.7446,1.726,2.9445,12.4971,2.395,1.0969,4.1686,8.5692,1.506,2.1406,1.1051,2.9024,3.2824,1.5368,1.8918,2.9073,0.8532,2.5511,6.6844,4.9593,1.0619,11.3018,0.91,0,2.8612,1.8548,16.0493,0.6558,0.6755,1.6377,3.5402,4.018,2.0681,0,1.7015,0.6483,1.2932,0.8347,0.554,0,2.0713,0.9113,0.8895,8.478,0.8427,15.3404,10.3298,1.0391,12.6403,0,1.9818,9.2429,2.1795,4.9152,0,4.9958,1.8487,1.1134,1.883,5.8949,12.8911,2.7336,1.4513,3.3461,1.8173,2.3868,2.007,13.5873,1.5075,5.1863,2.2565,2.025,1.5096,6.1153,2.5322,0,2.6186,12.0479,3.9235,6.9469,11.3383,0.6451,0,0,1.7971,2.9983,3.283,1.7737,0.904,1.0562,4.5372,6.0039,0.7971,6.7466,7.725,5.9094,4.5622,5.1983,3.4967,10.7451,6.3959,3.335,8.9718,10.0898,6.5787,9.6289,3.0346,4.3551,5.8327,5.9987,4.2501,3.486,7.6323,3.9757,2.5181,5.5031,5.0307,5.5666,3.6693,5.0969,11.6835,8.2266,3.2463,5.65,4.8354,6.4057,11.4437,6.5629,4.852,5.4412,1.8707,6.7513,3.8756,2.3802,12.0908,5.0426,6.0215,5.1295,5.0073,7.4955,5.7713,7.8508,4.1793
"MAGEC2",0,0,0,0,8.9591,0,0,6.6738,8.8465,12.106,0,7.2859,11.379,0,0,3.59,0,7.5148,0,7.2042,0,10.8661,1.2019,1.3857,4.5157,0,0,0,0,9.8701,7.0044,0,0,0,1.9551,4.1472,1.6377,10.5681,0,0.6156,0,5.4526,0,11.6829,1.5651,0,2.0613,6.3693,3.873,8.8551,0,6.6803,2.033,0,0,0,11.3422,8.6384,0,2.7109,0,8.7946,0,8.2407,0,5.1462,7.2655,3.5658,9.7576,0,11.3581,0,0,11.3746,0,10.0054,4.3014,6.2888,0,0,7.2145,0,0,0.4513,0,8.4569,0,1.3408,0,4.1597,2.0218,0,11.8678,5.0612,3.6194,3.4037,2.0835,4.222,0,0,0,0,0,1.0917,0,0,0.9533,0,0,1.063,0,0,0.9455,0,0,0,0,0,0,0.6949,0,0,1.7374,0,0,0,0,0,0,1.4318,0,0,0,0,1.9284,0,0,0,0,0,0,0,0,0,0,0.6383,3.2725,1.1966,0,1.4864
"GCGR",12.74,3.4146,7.8303,4.0717,6.1864,9.2737,7.9817,3.1436,6.053,0.4792,6.6708,12.4316,2.318,7.5532,9.9238,12.2795,10.1589,0,0,1.5558,11.0096,0.3461,4.6092,4.8491,8.4045,0,11.4277,8.4383,8.0353,10.9081,10.2042,8.3594,11.8463,6.1195,12.2702,6.0199,5.7302,11.5884,10.9523,10.1748,4.1525,11.6284,0,2.9579,10.2699,1.7402,8.267,8.1149,10.5635,8.1757,6.0717,8.016,2.033,8.4369,7.9896,7.2394,0,6.2239,5.0397,3.4706,3.7237,5.2769,6.9987,8.8695,2.3428,2.7897,11.4433,10.58,4.3101,7.4503,4.6696,8.6733,11.2731,5.7332,5.3854,6.1289,6.4924,3.6864,5.327,0.9438,11.1811,4.6849,11.9575,3.0609,10.9612,9.7758,3.565,11.7648,6.7337,12.3156,5.3137,6.1013,11.4198,5.0454,10.7444,11.1598,4.3526,8.2211,4.0984,12.1453,11.5167,11.3523,12.1609,10.1735,11.9563,11.264,11.2758,11.9866,10.9223,11.7107,11.5821,10.3999,11.7163,10.4471,11.743,11.3475,10.5271,11.3057,11.8288,10.9611,11.3814,11.2924,11.4109,11.5255,10.7439,11.0593,11.0978,11.3755,10.8367,11.5512,11.6879,11.8502,10.5994,11.3238,10.712,9.8028,11.8261,11.2141,11.3113,11.3298,11.0476,10.5559,11.4245,11.6461,11.9573,10.8294,12.194,11.2235,10.5496,11.565
"ISX",0,2.8505,4.651,1.1483,0.594,10.3274,9.0807,4.2498,6.8145,4.3716,0,2.1401,9.9762,6.6035,5.2714,0.9413,8.69,11.6979,0,10.7349,6.3032,3.2334,7.4533,0.8532,8.7963,9.3492,0,0,9.5728,4.377,7.6887,1.627,8.4035,7.5501,0,6.7849,9.5478,1.7726,0,0.6156,5.707,0,10.9716,0.9761,2.0476,1.5224,0,0,0,8.831,1.1454,2.6223,6.3138,0,5.1192,4.7934,11.2779,7.8055,8.1646,2.1795,5.9712,10.8283,9.7322,8.2157,0,7.6893,8.6945,0.6006,7.8739,6.8187,6.1923,9.1457,0,6.5034,5.1478,9.3716,4.2639,5.8226,5.8718,1.5096,3.9535,9.0316,4.8887,8.1185,4.9016,4.9133,1.5421,3.2374,1.9332,7.6364,8.662,9.3451,0.5843,5.7486,0,5.2816,7.1756,8.9344,0.7416,0,1.4714,1.3895,0,1.0917,1.2801,0,1.5224,0,0,0,0,0,0.9455,0,0,1.6958,0.7157,2.4201,0,0,0,0,1.7374,0,0.8946,0,2.1118,0,0,2.1361,0,0.8029,0,1.1484,3.0847,0,0,1.4707,0.8647,0,0,2.0884,0.8805,1.0109,0,4.2332,1.162,0,0,1.8886
"MAGEA3",0,0,0,0,8.3689,0,0,10.7113,4.1007,9.4511,0,9.7845,5.8567,0,0.6064,0,0,0,1.1987,0,0,10.9492,1.2019,0.4887,10.6728,0,0,0.6265,1.3589,0,10.4362,0,0,0,0,0.6755,6.0544,5.9405,1.0606,3.3288,0,10.2074,0,10.8718,2.0476,1.9294,2.5261,0.8486,0,9.3285,0,0,0.6947,0,0,0,9.1396,6.3069,0,1.5932,0,0,0,9.7316,1.457,5.9611,9.0039,1.6159,10.0195,0.5197,10.8519,0,0,10.4828,0,8.4188,0.5906,10.7703,0,0.9438,5.5566,0,0,10.6744,0,6.8962,0,0.8208,0,9.4221,0,7.6664,11.1296,1.0647,0,4.3647,9.8899,1.0972,0,3.5926,0,0,0,2.7347,0,1.6124,0,0,0,0,0,2.4794,1.9175,0,3.1875,0,0,0,0,2.0335,0,0,0,0,2.8102,1.2505,0,0,1.7037,0,4.1483,0.8029,0,1.1484,4.5516,0,0.9907,0,0,0,0,3.0563,0,1.0109,0,2.2914,0,3.9871,0,1.4864
"S100P",1.4434,9.5664,11.7604,1.7795,11.9591,9.7782,0,4.7475,10.4604,9.852,12.7303,4.3642,5.7385,14.7282,4.2301,2.7051,7.2057,3.5059,1.1987,7.4156,2.6019,9.8858,7.3876,2.3312,1.1475,12.5948,4.4585,1.6669,8.7343,1.6769,1.5193,2.5109,5.3312,7.424,2.33,13.0533,6.5423,1.5525,11.8008,12.9482,8.5427,10.2149,1.7089,3.1271,2.8616,3.3067,4.6778,12.9332,1.2148,3.3754,9.4107,1.131,6.5224,10.9665,11.5654,9.7775,7.9671,7.9329,8.7416,4.6843,12.1542,0,13.1188,7.1413,0,5.2919,8.5567,4.9989,6.7847,3.456,6.0532,10.4181,3.3655,1.8433,16.4943,2.7639,6.1041,6.6867,6.4923,4.534,8.8262,8.834,3.8858,13.052,7.324,10.0218,9.4659,2.6702,0.6451,6.7379,4.935,5.2837,8.0176,4.0884,3.5215,5.0734,4.2743,11.7388,15.6959,6.6092,0.9157,3.6251,2.3201,3.8654,0,4.9939,5.1556,4.9755,4.7785,1.6684,5.1472,4.0229,3.8035,3.8156,4.1061,4.4775,3.2249,2.5786,4.0273,5.2528,4.4237,4.8169,4.1161,4.2346,3.6051,3.8867,1.2196,5.3874,4.8119,4.025,3.564,3.3125,2.8691,6.3452,6.5771,6.4627,1.5726,3.7442,3.9028,6.7052,4.928,4.6195,4.1555,5.8794,3.9889,3.8435,7.5345,7.0246,4.9119,6.1734
"SDS",14.5482,10.8754,12.9295,15.5729,11.6878,13.987,14.7715,15.6986,15.6048,7.2876,15.3491,16.0411,7.0991,15.0673,4.3458,17.6686,15.3445,12.0442,6.1221,4.8155,15.8935,9.5139,6.8831,8.8183,9.9185,8.4439,14.3933,3.8127,12.1433,11.8713,12.2994,5.1052,15.9052,13.7111,16.6811,14.8037,13.2071,12.3265,13.0139,6.144,6.299,14.6832,3.7528,7.002,15.5014,13.1196,15.2196,8.9791,6.237,13.9246,5.3288,6.7878,14.5809,16.6488,10.7696,8.1947,2.4676,7.5169,3.0049,5.3871,8.9667,5.9853,10.5605,6.8434,5.1663,11.2984,10.4152,11.8341,8.6349,8.9885,11.2403,8.9777,11.2472,13.2683,8.7718,9.1923,11.3962,8.6039,14.6112,10.2518,15.1132,7.4367,3.6007,12.2512,8.1144,13.95,11.188,14.2457,14.3423,10.9077,12.791,7.9476,12.4428,8.3582,13.4948,5.8267,14.3809,12.8273,12.7618,13.7088,14.8831,14.4518,14.3684,11.6119,14.8183,12.8326,13.9905,14.0828,15.4701,12.5381,14.25,12.1283,11.2526,13.4471,15.3088,13.4822,14.5285,15.0874,12,14.7964,14.3254,14.7337,13.955,14.5316,15.4654,14.6031,14.1648,12.5895,11.8731,13.7048,14.6509,14.7305,13.0805,12.9741,15.6959,9.6882,14.7241,14.5361,13.1539,13.522,16.757,15.5484,16.2747,15.4825,16.3759,15.1065,15.2468,11.4049,12.6446,15.7404
"LOC255167",8.0683,8.852,5.3314,11.1321,6.8405,0.7977,7.3978,12.0189,8.5114,7.2508,8.7393,11.2432,8.9321,10.7092,6.4204,7.9573,11.5531,10.2405,0.7205,1.9671,10.9067,0.3461,2.9073,2.0792,11.4517,1.3466,11.3576,10.5739,7.9282,9.6288,11.986,4.3074,6.9992,10.3045,11.5311,11.3987,10.2131,12.0863,5.7311,4.2143,0,7.247,8.9199,6.6387,11.7102,11.917,10.2276,10.5961,10.1828,7.8422,0.8545,9.2029,7.7851,4.089,8.9034,2.6967,10.6113,4.9988,0,3.0983,3.9304,10.7581,8.0909,1.3929,3.5915,11.6299,12.27,9.7448,1.9356,5.5402,8.0502,6.4949,12.2902,11.0911,0.931,7.9121,6.0827,0.6226,9.1066,11.1569,10.4003,1.7623,9.9234,3.2949,9.5406,9.7925,4.3306,10.5648,0,11.5073,10.8603,9.0674,10.4441,5.5833,10.053,8.7425,7.8647,11.5676,7.8038,8.8025,11.4836,11.4449,11.6944,11.4947,11.5471,11.1184,11.491,12.4929,11.9078,12.1804,11.8342,12.3985,12.657,10.0344,11.3076,10.7072,10.7333,9.9713,11.7438,12.2195,11.4459,11.549,11.188,11.8692,11.2893,11.6624,10.9008,11.5818,11.5412,12.1498,12.3181,12.453,11.3563,10.27,11.7887,10.8262,12.0625,12.2087,11.994,11.9681,11.4497,11.2806,11.5697,11.9522,12.4684,11.3025,9.879,10.5951,10.1743,11.7245
"C7",11.2655,11.3069,7.8303,10.861,3.4839,12.8919,9.1148,12.5729,9.436,1.5705,3.2338,3.871,9.3944,11.2031,5.8954,11.6532,12.8319,7.2569,14.3866,6.1265,12.3365,4.2806,8.4166,1.7737,8.4898,3.561,12.7003,5.5944,9.4475,6.7985,8.5318,3.3784,11.0307,9.5982,8.937,8.0847,12.3559,12.3318,5.5083,2.0681,6.331,4.656,9.2194,6.5372,8.0222,8.139,9.1137,3.5121,11.7893,6.1127,11.8604,7.4194,4.9684,6.2139,4.5973,13.4881,2.4676,5.1858,8.3695,13.9086,4.4615,8.2325,12.4874,6.478,1.1134,6.7834,7.7046,14.4456,6.8332,9.6889,5.5498,9.9421,6.0475,4.7941,5.5893,4.7157,9.8322,8.1571,8.1032,11.1546,11.4923,6.619,11.4059,9.1092,4.8009,12.7132,7.5428,14.3146,11.2045,10.0244,3.6116,7.5505,7.6383,11.8154,12.7145,8.1961,5.8362,6.3954,10.5981,3.9083,12.1357,12.9517,12.4169,13.0368,12.0346,14.2274,13.0069,10.3741,13.2383,11.8708,13.1203,13.4983,12.2518,13.6572,13.1901,14.6453,13.9216,12.99,12.7581,13.2518,13.3087,11.6276,13.6139,12.6927,12.1535,12.3031,13.4385,12.7384,12.7276,11.462,12.8155,11.6105,12.8325,13.5892,13.6333,14.6386,10.9912,13.2137,12.9263,13.2239,12.9008,13.4329,12.2154,12.6422,12.4886,13.0873,13.5876,14.7043,12.3534,12.3769
"HPGD",10.8664,11.4832,12.2195,12.9039,6.9925,7.1423,3.5054,10.3714,10.3735,11.1783,11.8243,8.3582,8.4063,12.8897,7.5829,8.2684,10.954,5.4836,11.5522,6.8871,10.2998,8.3076,4.6092,4.3473,7.9665,12.6248,11.2692,1.0619,9.7924,7.8862,9.6009,8.1788,11.5949,13.4242,9.614,13.1819,5.6313,10.0366,11.8273,6.4899,12.1957,13.1371,1.9398,3.1271,10.5589,13.3754,4.4348,13.2846,3.5322,3.6932,2.8198,5.5912,5.0244,10.5594,7.1954,11.1382,2.137,7.0553,3.1872,8.5991,3.9304,2.6771,10.8971,2.9078,1.7344,2.4065,9.351,8.743,5.7731,6.7679,9.9279,6.7072,11.4799,12.2151,9.6725,11.9491,9.0364,5.7665,12.6355,1.5096,12.5769,4.2736,8.6988,11.5799,2.3309,11.6272,11.144,11.8224,10.4352,5.2944,0,5.4289,10.3654,5.8881,11.8331,3.343,13.7519,12.0839,13.1687,3.6783,12.48,11.2752,12.0552,11.804,10.9332,11.3339,12.2939,12.5714,12.4294,13.2511,12.2319,11.7989,12.4847,12.1654,12.7072,12.3531,11.5971,12.9484,12.0348,13.5291,12.3254,12.3624,12.1291,12.8481,12.6274,11.83,10.7324,12.7234,12.8462,12.525,13.0388,12.4807,12.0617,11.3802,12.6616,11.5386,12.2446,11.8387,12.3535,10.9561,11.0353,12.7214,12.8601,13.2488,11.3592,12.7952,11.3923,12.5022,10.6846,12.2914
"PRAME",0.8951,1.2513,0,0.6855,11.9117,0,7.5894,0.8349,0,2.5181,0,0,2.6148,5.5644,10.9753,0,9.9021,0,2.9024,0.9781,1.1812,3.942,11.4663,0,0,1.3466,0,1.3959,3.2641,0.5256,0,0,0,0,0,0,10.3824,3.5989,0,12.787,9.6463,10.3462,0.6483,3.9548,0,0,0.8427,0,2.1773,0,8.8095,0,1.1616,0,1.6368,2.8417,0,8.3851,9.7553,11.1872,1.8929,0,7.0659,9.2782,0,3.6196,0.9587,4.5035,0.9574,2.4159,6.7947,7.9167,0,2.1541,0,0,0.5906,11.1071,0,0,1.0252,10.836,0,10.9533,2.9483,0.8379,8.9192,0.8208,0.6451,0,0,12.1447,5.2269,7.2272,0,0,9.9821,0,6.6697,1.3075,0.9157,1.3895,0,3.7488,0,0,1.9294,0.8015,0,0,1.2169,2.2672,0.9455,0.726,0,0,0.7157,0.6975,0,2.4146,0,0,1.1158,0.7314,3.8822,2.3611,0,0,0,0,4.8848,2.2397,0.9267,0.6856,0,0,0,0,0,0,0,3.0563,0,0,1.0445,0,1.162,3.4182,0,0.9267
"PAGE4",0,0,0,6.1238,0,0,0,9.1686,0,0,0,3.7845,11.0022,0.599,0,0,3.7551,8.3317,0,0.9781,0,4.5876,0,4.4573,12.0625,0,0,9.5958,0,6.5573,5.9572,1.627,0,0,0.6558,0,0,8.9777,1.0606,0,0,3.4022,6.4467,11.0057,2.0476,8.2497,0,0.8486,6.824,0,0,5.6494,0.6947,0,0,0,9.7628,3.8353,0,0,4.2203,14.6917,0,2.7068,9.7911,8.1185,1.5297,3.95,13.0854,0,0.6881,2.3805,6.7495,7.9222,0,0.3372,1.0085,0,0,0,3.5049,0,4.4727,0,0,1.7494,0,0.8208,0,15.172,8.9268,0,5.9522,0,0,12.4914,1.0562,0,0.7416,0,0,0,0,0,0,4.5628,0,0,0,1.063,0,0,0,0,0,2.7223,0,1.8019,0,0,1.7889,0,1.1158,0,0,0,0,0,0.6455,0,0,0,0,1.7796,0.9527,0,0,0,0,0,0,0,0,0,0,1.9193,0,2.4652,2.4535,0
"RELN",5.0736,7.445,0.5588,9.3961,9.5228,1.6847,5.4714,4.8685,8.8295,1.1257,3.6334,0.8891,11.8702,11.4017,0.6064,6.2738,8.4992,9.6186,5.5138,5.8147,5.6198,7.8461,11.9228,1.1439,7.1617,4.9222,1.4981,10.7308,9.9717,12.5663,1.9259,13.0777,5.5882,4.06,2.8738,2.8014,6.627,8.9596,7.8996,11.3314,11.55,4.4485,8.1357,14.5648,4.829,5.4618,3.282,9.7006,0,8.4949,12.2487,13.1931,0.6947,10.934,13.9496,5.5522,5.3044,14.0162,8.1007,10.7441,10.7681,11.1394,11.1101,11.5998,10.5561,6.6888,1.9377,12.2778,13.3821,7.4752,4.6345,10.7233,7.4254,4.2568,12.802,10.4633,9.6362,8.8948,3.1168,3.595,9.0694,10.9174,11.7624,4.1009,3.6348,9.6541,6.6862,9.943,8.1754,1.7003,10.6474,12.228,1.5837,8.0686,8.6475,9.4279,2.4108,11.1471,12.1766,10.9421,10.8072,10.0021,10.8589,11.2222,8.5573,11.1519,10.0826,10.7465,11.5858,11.1759,10.7428,11.8097,11.3829,12.3201,10.728,10.8774,10.5777,11.4878,9.4193,11.1805,11.1453,9.9992,10.7966,11.56,10.1375,11.1966,11.1728,10.1047,11.2557,11.7456,11.303,10.7315,11.051,10.1337,11.2569,11.495,9.8548,10.5072,12.0033,11.3697,11.1985,11.1966,10.8385,10.5735,10.1605,11.6816,10.082,11.5173,9.5325,10.2159
"CHRNA4",10.0561,3.1031,4.4155,11.5828,4.418,9.0306,6.8281,0.8349,1.726,5.0578,2.5371,2.395,2.143,9.4794,8.8708,8.7961,9.8364,5.7225,0,4.046,11.4226,0.3461,7.4955,0.4887,7.931,2.0308,3.3397,8.6504,9.0476,2.0274,0.9511,2.6374,8.001,10.2574,11.0288,8.9697,7.8261,10.2915,1.0606,4.7304,1.4682,1.0882,8.2663,0,6.9859,10.0869,10.5717,1.7664,1.2148,0.8895,0.8545,3.9337,0.6947,8.9687,6.8966,8.2477,4.2574,6.6729,4.3547,2.0092,10.8943,8.509,3.4276,2.8439,4.1597,1.3858,10.0863,9.3725,2.5133,2.0128,2.7007,3.5775,11.88,1.8433,1.8953,0.6103,5.2832,1.3891,1.3419,0,5.8039,4.4419,10.4658,1.0716,11.9056,6.9057,1.1857,3.8104,5.9647,9.9607,10.4699,5.3139,4.642,2.096,9.174,0.904,0,5.3733,3.9177,0,8.0557,10.0547,10.1283,7.1307,9.9423,5.4663,9.0268,9.999,7.1105,5.8216,9.5996,8.5989,9.2357,9.0358,8.3244,5.9679,7.8065,5.1873,10.3488,8.7642,5.111,8.6025,5.9195,8.79,9.1671,10.2398,9.171,10.5947,9.6672,8.5748,10.0606,9.8217,11.3598,5.5618,8.8552,5.8567,9.8928,9.4545,10.417,3.3389,7.7726,6.7485,10.3513,9.8798,7.8555,8.5612,9.6381,7.231,7.3215,10.0057
"MEP1A",0,4.5291,0.5588,2.0149,0.594,4.7463,2.7709,0,5.6943,3.1506,8.3077,8.0871,1.0969,9.6737,7.9182,0,2.8582,0,0,9.7076,3.1054,2.6831,3.3367,0.4887,1.1475,10.3013,0,0.6265,7.5547,0.5256,6.4789,12.3697,5.2342,10.2206,3.1789,1.4809,7.0512,4.1238,8.5613,5.1318,6.6931,11.2082,0,6.8102,11.4674,7.0857,0,2.7235,0.9113,2.8007,4.4334,1.131,12.5751,0,1.6368,5.7304,1.7073,8.8259,9.961,9.6362,1.6018,0,5.8864,9.4597,0,1.3858,5.0886,1.0233,0,0.901,10.6433,10.3877,2.3868,11.7949,6.6281,4.6865,0.5906,8.4937,5.8906,0.9438,2.5004,8.5415,0.6136,10.4936,12.686,0.8379,0,2.0235,0,1.7003,0,4.5911,2.8057,0.4477,4.0288,0,8.0047,0.6505,2.9487,0,0.9157,0,0,0,0,1.9044,1.5224,0.8015,2.3596,1.063,1.2169,0.8179,1.5119,2.6397,0,1.0839,3.6508,2.4201,0,2.2366,1.3989,0,2.1704,0.7314,2.6217,1.2505,1.871,1.0154,1.4292,0,2.3036,0.8029,0,0.6856,1.9284,1.7539,0,0,0.8647,0,2.8697,1.393,0,0,0,2.4468,1.7971,4.2049,0,0
"EPS8L3",1.4434,8.1462,7.4243,7.7284,10.2309,8.1372,4.7833,2.5115,7.8663,1.1257,10.9676,0,11.0866,9.3714,9.022,2.4857,7.0535,8.9774,0,7.869,4.7878,9.6266,10.2582,0.8532,2.5511,8.779,0,9.7154,7.4095,8.4511,2.3784,5.038,5.5484,5.9936,4.3622,2.8014,6.6372,0.5688,10.0028,11.5492,7.6923,11.3459,6.0247,8.6029,2.1782,4.9081,8.5093,5.9507,8.1303,8.6283,7.9007,8.7543,3.3615,10.5779,11.0055,8.7507,9.4157,8.4596,5.8919,8.8083,11.0621,7.8152,7.6976,8.8349,5.8728,9.4357,3.7298,8.2432,9.8385,9.3476,6.653,6.383,0.8844,0.8974,11.0675,8.5942,6.05,3.003,1.7235,7.9891,5.907,8.8085,7.5717,10.3451,4.0403,5.8104,9.3368,5.0856,0,4.9187,2.6092,10.9101,8.0397,7.6651,2.3312,6.7743,7.5526,10.101,10.7432,5.5,1.8717,3.3087,1.7639,1.0917,3.4594,3.3098,5.3667,1.691,0.869,3.1086,4.472,0.8179,2.7127,2.0943,0,2.1242,1.8355,2.2419,1.0146,1.5142,1.7889,0,2.503,2.1046,2.4048,1.2505,0,4.7844,2.4633,0,0.9886,1.3157,3.0369,7.5387,6.775,3.0212,0.9907,1.4707,0,1.3333,0,5.489,0.8805,0,0,2.587,2.8456,3.7991,2.6378,0
"AGR2",0,5.7771,0.5588,0,10.3164,3.1892,0,1.3603,2.277,8.026,14.8726,0.8891,0,5.7689,0,0,0,0,1.1987,0,0,6.3634,8.8042,0.4887,0,6.0738,0,2.0919,1.743,0,1.7369,4.7607,1.8548,6.0828,0,3.0295,0,0.5688,10.8694,1.8722,0.9133,11.4671,0,0,0.8347,0.9533,0,6.9009,0,0,0,0.482,0.6947,9.8106,3.2386,9.5952,0,0,2.4126,0.5891,6.9675,0,4.0403,0,0,0,7.5891,9.407,3.5059,0.5197,8.513,4.2862,0,0,13.2764,1.6352,5.6604,9.5386,0,0.9438,3.9535,7.8744,1.0428,12.2627,5.3685,2.3036,0.7114,8.1213,0,0,0,0,0,9.5058,0,0,0,7.6549,9.114,0,2.6597,5.3464,3.8658,1.7059,3.7926,0,7.8885,3.3097,0,4.3651,4.3832,4.7514,5.5351,0,0,3.1438,0,2.2419,1.6045,3.7416,0,0,0,0,1.4427,0,4.519,7.6154,6.1145,0,1.9829,0.8029,4.9416,8.7781,8.4197,0,4.626,0,2.9199,0,0,8.8771,1.4234,3.3416,3.6656,0,4.462,4.2049,5.2314,0
"ZFY",7.2429,7.1051,8.0131,7.6166,6.5889,0,8.1191,7.2797,6.6585,0.4792,0.6785,0,7.4904,0,8.8133,6.739,6.0145,7.7098,8.13,7.5336,8.2599,7.6062,0,4.655,4.7617,5.2493,7.8108,0,0,7.6509,3.7151,8.9992,6.449,0,0.6558,7.167,8.243,5.7464,0,3.0791,3.0121,0.6444,7.9429,5.2384,0.477,8.4522,0,7.8948,7.8565,7.6226,8.8916,7.8399,0,0,6.2459,9.1212,6.1997,4.2807,0,1.0062,5.6394,7.9507,8.1745,0.4062,0,7.5222,0,0,6.7472,0,4.3618,5.2487,0,0.5174,4.5647,8.0857,8.0721,7.4135,7.4339,0.9438,5.3154,5.5864,7.0025,7.8045,0,0,3.3108,7.7263,6.9726,6.8686,7.1163,7.2941,0,5.4089,7.3352,7.8019,0,3.6965,6.6014,6.0097,8.3775,7.5302,0,8.6409,1.2801,8.3216,7.8828,0,7.9355,8.454,8.1111,8.5291,0,8.7614,8.3991,7.9307,7.9445,8.3494,0,0,0.8627,0,8.0295,0,7.8903,0.7567,8.2883,0,0,8.6003,0.9886,0.8029,0,7.7973,0,7.7372,0,8.6487,0,8.1481,8.0322,8.3318,0,8.1816,6.7451,8.4417,6.626,0,0,0
"SLITRK3",0,1.9111,0,3.5788,0,1.6847,4.3053,1.7446,4.6352,0.4792,1.4862,5.6312,6.4142,4.4993,3.45,2.8955,1.7106,2.9831,0,0.9781,0,0,0,8.5138,0,9.5556,10.7949,0,0.8339,0,3.6629,1.8524,0,2.4972,2.6274,1.1337,0.7688,0.9758,2.9097,0,0,1.4272,0,0,1.5651,9.386,0,1.3792,0.5265,8.0925,0,0,0,0,0,0.7531,6.9858,0,0,0,0,0.6776,2.341,0,0,0.6208,2.2553,5.3849,7.7277,5.3691,3.2566,0,9.8688,2.7241,0,4.0474,0,1.3891,0,0,5.1778,0,1.3731,0.7945,0.7415,0.8379,0,5.7311,0,0,0,1.7971,1.3207,3.1709,0.8532,1.6681,2.9024,9.5412,3.7111,0,4.6402,7.3557,6.8076,9.1053,7.1541,7.2918,9.855,9.7291,6.67,8.1998,2.3143,7.9282,8.3322,7.3272,4.7524,1.0839,8.4686,0,9.7382,7.8948,2.3484,9.8428,3.6636,7.8908,4.7883,8.5284,5.3292,7.8314,8.6315,7.4996,10.1595,6.8352,7.2167,1.7796,7.0744,6.9168,8.8973,5.8279,9.2686,7.47,9.5642,9.9988,10.5841,6.4478,6.4442,6.692,5.2989,5.0574,7.602,10.2016
"CD5L",6.691,5.4298,12.8558,1.1483,2.4815,4.7061,9.5177,6.7281,5.1232,5.2038,8.3875,4.2397,9.652,4.4661,5.3288,9.8927,6.7678,1.1051,11.3576,8.6565,8.863,5.8359,4.6092,2.9736,6.9007,10.9941,7.4684,6.1964,3.3771,10.0357,1.7369,11.3288,2.3003,0.6606,7.9635,10.1192,5.4802,8.1704,3.1044,2.0681,5.218,0.6444,4.9573,10.1679,1.3601,3.1633,7.8473,7.3249,4.075,8.9251,0.4895,7.1399,3.9859,1.7173,9.0076,2.8417,6.6374,9.7172,6.1552,9.2254,3.1924,7.9818,7.6487,2.4733,6.2924,7.1702,5.4727,9.0348,12.4007,6.0264,1.7845,8.691,7.863,4.44,6.7302,0.8399,7.7583,0.6226,0.8217,7.6738,5.3885,8.1703,9.6512,4.3023,6.5398,8.2298,1.5421,11.1217,6.0032,9.8062,7.9358,6.5956,2.1684,6.3918,10.9383,7.5469,4.5649,1.4379,8.428,7.7962,12.2865,12.0874,12.0201,10.7712,6.7376,11.3184,11.4712,11.0253,12.5725,10.3665,9.2564,10.6088,11.1611,12.5337,11.3628,10.3167,12.6702,11.4299,8.8808,10.7342,10.9304,11.6216,12.2014,11.4679,11.5811,12.6288,10.4867,10.0585,11.5058,11.6041,9.601,10.5556,11.4906,9.9709,11.9441,12.3086,8.6679,10.522,12.0673,10.4291,12.8583,9.9403,10.8988,10.7582,11.2763,11.4109,12.8143,11.1067,8.9557,9.6473
"CYP8B1",14.2356,11.1933,7.7596,13.2749,5.4357,8.5717,14.7298,14.1563,9.7372,10.1782,5.6849,14.5684,12.0402,10.547,6.8639,13.0573,13.0241,14.4395,0.7205,8.0005,13.0747,2.2617,7.5466,4.064,14.7832,4.5938,15.0105,14.3816,9.7206,14.9482,13.8568,11.5195,10.8574,13.1809,14.8835,12.0559,9.5906,14.8468,8.8189,6.2787,9.6978,13.1672,14.828,8.1269,14.0996,14.1767,10.5227,14.1204,14.4193,13.9663,4.3501,12.1481,10.4564,10.9706,11.319,8.2148,13.0088,9.4741,4.752,3.8188,9.1398,15.1241,10.3505,6.5195,15.0957,14.6352,13.9128,12.204,11.8484,9.4004,11.6599,10.7161,14.5509,13.309,2.877,12.4283,9.4483,2.6775,12.2977,1.9149,12.8201,6.665,15.3676,5.8652,14.0919,12.9571,5.0386,14.5013,11.7915,13.954,14.031,9.5399,12.0965,9.094,12.6232,12.4032,9.8932,12.059,7.9442,10.2857,14.867,14.0418,13.879,13.8182,15.0461,13.8045,14.6201,14.2158,15.1341,14.9515,15.0023,14.2579,14.7306,14.8673,14.7946,15.2218,13.7577,14.5072,14.9381,15.1764,14.884,14.3476,14.7082,14.9338,14.7077,15.4345,14.4774,14.7414,14.6376,15.163,15.1177,15.1874,14.0322,14.4234,15.4008,13.9661,14.6695,15.1445,15.2979,14.7447,13.9034,14.3755,14.7066,14.3051,15.3796,14.2599,14.0195,14.0267,12.7616,15.1909
"USP9Y",3.6062,7.5761,9.1174,8.5417,6.0709,0,5.3846,7.6443,5.6727,0,0,0,7.8052,0,10.2303,4.8839,6.3621,7.977,9.1039,8.1849,8.5604,7.5405,0,6.0861,4.729,3.8962,8.0874,0,2.2964,4.4942,4.3968,6.1061,7.0712,0,0,6.2748,6.7734,5.9176,0,6.0887,3.2978,0,3.8123,5.6392,0,9.5153,0,7.1969,7.1974,8.1281,8.6762,6.3908,0,0,3.5296,7.1165,5.4234,5.3771,0,0,7.4927,7.5082,8.7194,0,0,7.6121,0,0.6006,4.1662,0,5.5308,5.5885,0,0,2.877,4.8795,8.6589,8.6079,3.3518,0,6.5412,6.0355,7.7096,7.8941,0.7415,0,4.0818,7.7827,7.7611,6.9097,3.6116,8.8212,0,5.7583,5.8842,4.3647,0,7.4398,5.9733,4.1671,7.7577,7.5046,0,7.4897,0,7.9336,7.5129,0,7.3412,7.5985,8.152,8.1341,0,8.3518,8.5409,7.9107,8.1927,8.97,0,0,0,0,8.5578,0,7.7302,0,8.3365,0,0,7.8253,0,0,0,8.1084,0,6.9309,0,7.7446,0,7.122,7.0377,7.8061,0,8.0329,6.4265,8.5312,6.3478,0,0,0
"DHRS2",11.6429,9.27,4.9226,4.123,1.3382,12.5836,15.0602,11.0595,11.6822,2.9445,4.2939,11.9802,11.287,9.5265,13.989,10.6663,11.9499,9.7593,2.2887,3.4194,9.4915,2.1778,12.4239,3.4165,12.7428,8.4879,4.3335,2.4198,3.1415,12.9732,6.2853,4.6146,8.6998,1.9648,10.0386,10.638,12.5361,10.5823,11.6985,4.9697,4.9558,9.7055,12.3177,2.8652,6.1603,5.383,9.1117,5.6623,0,13.0335,8.4942,10.3498,2.9642,2.4794,12.0374,8.0969,13.7721,8.0092,9.4786,9.7084,10.8334,11.1436,11.2195,13.979,12.5299,15.2921,7.865,8.5379,8.2358,8.3109,3.9699,8.9036,1.4287,2.5223,9.8488,10.922,2.1831,5.7807,5.182,3.3556,2.6267,13.7402,8.7793,8.4508,8.6965,6.7134,11.9317,9.9123,12.0806,14.4858,12.3265,8.8,5.7123,4.859,12.2716,12.8195,7.2593,8.1904,9.5332,13.7095,10.5005,10.3947,4.496,8.2162,10.898,5.4437,7.3895,11.1607,10.9545,5.6755,2.9303,8.4209,10.8337,9.6525,11.4284,7.9955,7.8065,5.2593,7.3953,10.5582,2.7505,5.3222,8.1938,4.7052,11.3201,6.7441,11.6548,7.1597,9.0229,8.1176,7.3609,9.7068,9.7862,6.1735,2.5052,4.3207,11.2931,9.3682,7.3824,7.1532,6.5795,10.3276,7.812,4.6059,9.8325,10.0346,11.1638,5.4686,9.2114,11.3573
"AVPR1A",0.8951,6.4814,0.9606,5.2051,0.594,1.983,9.8426,8.7044,4.3926,9.7348,0,7.5838,3.8745,7.2654,4.9684,0,2.6122,5.3269,1.1987,5.7641,3.9016,3.5661,0,1.1439,2.2159,0,10.2952,1.3959,0,3.8703,7.149,1.8524,2.3003,6.776,11.3313,3.3997,1.9318,9.351,3.1044,3.1672,0,9.5054,3.5581,2.6597,5.6317,11.5984,5.8806,7.5756,1.6789,4.1042,2.5481,1.7571,2.9642,1.7173,1.0391,4.0071,3.1586,1.3074,4.7228,4.0991,1.2369,1.4847,4.7991,2.969,0,0.6208,6.8118,6.0455,0,1.6637,3.1613,0.8808,10.7813,10.3248,0,3.4942,5.1457,1.0562,5.2707,6.4565,7.9475,2.3182,0,3.5871,4.8352,0.8379,0.7114,8.0646,1.4283,3.3218,2.6092,0.868,7.9405,8.2329,2.8976,1.8534,3.9101,6.5956,5.6261,0,6.8611,7.6041,9.9287,10.9924,6.2614,6.9832,5.9726,7.9737,11.1094,7.7375,7.5527,9.6027,10.0325,9.93,3.9633,4.3246,7.2715,6.4903,7.6437,9.5763,9.4613,9.688,10.2285,8.6689,6.7601,11.5175,7.8717,9.2832,10.1885,10.0224,10.6749,10.1179,7.6381,2.3947,10.1446,8.2429,9.1688,6.4268,10.3969,8.7493,8.5721,11.3546,9.2203,9.9803,6.0406,5.643,6.7306,6.145,7.574,10.1361
"MT1F",3.9651,7.2882,5.4454,4.6971,7.2556,4.0447,4.9129,8.8339,5.9491,4.3716,4.9272,4.6355,5.6099,5.2304,2.862,10.1736,5.7201,2.7561,5.8739,4.2801,5.1125,7.0586,7.6342,9.4788,3.5774,9.4735,9.9907,6.1195,5.486,5.211,7.8047,9.9445,9.0737,4.2915,10.8826,4.3296,5.1493,8.3838,6.9379,6.5069,7.4368,5.8547,3.412,11.2686,8.6147,3.8656,6.3702,12.6165,3.2276,8.7476,3.1172,4.0067,8.7758,8.4369,5.8831,4.9929,2.137,6.0259,4.1057,6.1102,4.589,3.4844,6.9185,5.4356,3.6595,7.4171,5.8719,8.6935,5.2733,9.4752,6.4359,8.283,9.3516,7.6082,5.1842,10.4287,8.0336,12.5135,2.4867,5.5602,8.1478,5.9636,8.3969,6.1749,5.3448,9.7363,4.7619,11.936,6.726,11.7733,1.6044,8.5339,7.3109,6.7836,5.4773,7.5025,4.1915,7.742,7.1848,5.5,12.6593,12.8235,12.3914,13.7046,14.5752,10.8453,12.2126,13.5971,14.1072,11.1582,11.231,10.1449,11.2422,12.5087,12.1157,7.9699,12.5303,10.0427,13.5252,14.0848,12.5195,13.3401,13.6978,11.3951,13.8612,12.7352,11.5319,13.4478,11.6632,11.4611,11.5479,13.4756,11.7424,6.5558,14.1007,12.3317,13.4482,13.2076,13.4195,10.1394,13.0642,13.0592,13.2019,13.2836,12.3717,10.4455,14.5172,9.8006,11.3185,13.3838
"FCN3",8.9196,7.1337,5.6764,2.2171,7.3351,6.3219,10.4891,6.6402,6.8145,4.0326,7.6247,5.8171,6.2184,5.0177,2.373,10.8595,8.506,5.1036,6.7444,5.4164,7.1469,3.8635,7.2341,5.9326,5.7183,8.2381,4.3335,4.2019,7.3623,5.2779,5.4417,2.6374,4.6928,8.0916,2.7559,5.2712,7.4901,10.121,5.4378,2.6604,3.0121,3.5482,5.5355,5.3623,6.0192,5.2295,3.7755,5.1791,5.521,6.527,4.9867,4.9794,5.4691,5.9984,3.0676,7.3587,4.2574,3.3001,2.2582,4.1816,5.5793,5.9296,8.125,5.5198,3.3658,4.856,5.5327,10.8479,4.0063,10.3188,3.5853,9.323,6.2535,6.7661,7.6075,5.0266,9.1551,3.003,4.1606,4.0619,6.7289,3.8636,10.2529,5.7906,3.3793,10.2664,2.6085,13.3745,1.0892,6.377,2.3452,6.8017,4.3904,9.062,9.7262,5.1461,5.4296,4.222,6.1612,5.0956,12.9353,11.5398,12.4181,11.4638,8.5898,11.1449,12.9114,12.476,12.9178,9.2856,11.4435,11.3025,12.416,10.974,12.1215,11.9005,11.8208,12.0592,9.3845,11.8647,12.6762,12.5547,11.7733,12.286,12.456,12.0724,11.9599,11.5493,12.2989,12.1237,12.508,12.1969,11.7302,11.9127,12.2834,13.3486,9.7144,11.724,11.384,12.486,11.1823,11.9136,12.2038,12.7423,12.8073,12.7016,12.9277,11.6037,9.7729,11.9518
"UPK3A",0.8951,10.3421,2.6331,3.3397,3.9794,8.9681,0.72,0,0.8233,1.3651,8.5604,0.8891,1.0969,4.2094,7.7393,1.506,9.0927,0,2.9024,5.4488,6.382,0.625,10.1534,1.5927,0,4.9939,6.4084,0.6265,8.6441,0.5256,9.9173,4.7607,11.1377,9.0436,0,0.6755,9.1893,1.2928,1.6652,10.314,6.7054,1.7015,0,7.8438,12.9853,4.9525,5.6942,0,0,0.8895,10.7888,0.8427,12.6197,0,3.0676,7.3707,1.0927,6.2239,7.1778,5.2214,7.0288,0.6776,1.9436,11.1605,0.6616,0,0,2.847,0,4.1629,7.6236,6.5347,2.6031,2.8154,11.3088,4.7862,0.5906,3.003,6.3904,7.5864,11.9278,5.7663,0,1.9775,9.1902,3.3853,8.2767,0.8208,0,1.0874,0,5.2528,0,8.71,3.8787,7.8733,8.9302,3.2549,5.0262,1.3075,1.4714,3.422,0.847,1.7059,0,2.3548,2.5063,0,0,0,1.2169,1.7173,1.9175,0,1.3907,0,2.2791,2.5786,1.0146,2.573,1.3989,0,0,1.8642,2.8102,1.6176,2.1118,1.6054,1.09,0,0.9886,1.3157,2.2028,3.5036,0.9527,1.4749,1.986,0.9151,0,2.4749,2.3802,2.0884,0.8805,3.0191,6.2363,0.6383,0,1.1966,0.8043,0.9267
"IGFALS",10.0362,6.1011,7.1779,3.9633,4.452,9.5698,5.92,4.9067,7.2387,7.6994,10.9732,4.9851,4.6058,7.399,11.0748,10.5058,9.0776,3.7722,3.1329,8.7794,10.1192,5.9542,8.1189,0.4887,9.4293,2.8425,6.8461,5.7914,9.2222,3.0827,9.2745,5.6463,9.915,10.4553,9.4456,5.9096,8.6004,8.7698,6.8319,6.636,5.3488,1.4272,8.3935,2.1325,9.1554,5.8016,9.1882,2.537,5.9994,5.2019,10.0288,1.577,5.5852,5.2332,5.5348,8.9697,3.4848,5.8709,3.0049,7.5707,2.9606,5.4648,8.1907,6.5448,10.2142,7.8626,10.4231,9.9288,0,11.3478,8.2746,8.1904,13.7229,4.8599,5.5619,6.4003,3.8737,3.1853,12.2174,7.4252,7.7844,5.1082,6.0018,5.2653,11.9487,11.264,8.2006,12.2383,9.8915,8.3036,5.9593,6.0662,6.981,12.3085,8.0082,6.4325,9.5614,7.6631,6.1059,2.9333,13.4466,11.502,12.7649,11.4358,14.3802,9.9573,11.4755,12.3846,12.8052,13.0367,10.9229,10.5254,11.6144,10.6667,11.9116,12.7874,9.1402,10.4529,12.63,13.368,12.2693,12.7726,12.0907,13.512,11.5863,12.8309,13.0693,12.7412,11.9643,13.4527,13.6113,14.0429,11.5939,10.4191,12.6016,11.5583,13.9151,13.5968,12.2873,12.2092,10.012,12.3127,12.516,12.1839,13.8067,12.1407,10.6248,11.1589,9.8473,14.273
"UGT1A4",10.9218,8.774,7.3209,12.9751,7.3948,12.8383,13.6451,12.7143,11.0986,6.9838,4.4073,10.4275,12.7413,5.6467,7.1025,10.6903,11.801,15.2507,0,10.2389,12.5218,7.7325,5.4385,6.318,14.2085,1.6811,10.347,15.0239,6.2516,14.758,9.3203,11.1122,5.4461,8.5476,12.8777,14.1603,12.1668,11.9816,3.1738,13.1397,0,13.2442,15.1168,12.4561,9.367,7.5,7.3331,8.4606,14.102,14.0887,9.0295,14.4928,9.9599,11.3537,10.6009,4.459,14.1536,11.4752,9.6574,7.3568,12.1355,15.2434,12.2863,12.6429,13.5795,15.866,11.0241,13.3901,9.8735,7.9518,9.3913,9.266,12.6881,11.8497,2.8859,13.7382,8.4002,0,10.3509,12.9423,13.0154,8.1116,13.6099,14.1694,9.0703,8.2811,1.7748,13.8121,12.9455,13.5345,14.9832,11.8488,5.1616,7.7604,14.0118,15.5663,11.3187,6.8985,12.8967,12.4294,13.6561,12.9472,13.5215,13.0767,12.6732,13.5518,13.058,13.9789,14.4548,12.7507,13.2231,13.6154,13.7372,14.1705,14.0867,13.7541,12.3781,13.8086,13.7924,13.7272,13.5174,13.7153,13.6158,13.8004,13.5392,13.5219,13.7685,14.4913,13.0087,13.5919,13.946,14.1903,13.8382,13.2963,13.153,13.7205,13.9696,13.6563,13.2833,13.4967,13.7574,12.9027,13.5746,13.1363,13.5433,13.75,9.942,13.7311,12.6327,13.8126
"AP1M2",0,11.3315,7.9062,11.1596,8.9338,0.7977,0.72,9.0305,7.2239,3.2732,3.5618,10.314,10.9595,0.599,0,7.8748,5.1332,11.3128,0.7205,0.9781,1.5368,9.8422,11.116,4.4034,7.4792,13.0224,0.9354,1.895,6.7885,5.2779,5.5748,3.9164,11.5559,5.6708,0.6558,0,9.7142,3.0444,11.298,6.0544,5.0741,2.6011,0,9.2372,5.8335,4.4941,1.7571,1.7664,0.5265,10.9442,0,10.3179,6.8196,3.4979,10.1268,10.1119,9.1711,7.6918,2.0852,8.2387,11.6028,3.2316,4.9203,1.8487,1.457,4.8826,2.5155,8.1519,11.5922,11.1348,11.2918,7.3888,0,10.2414,13.492,11.7692,9.1742,5.0611,6.4294,0,9.8628,8.5721,0,6.7678,5.7747,10.8114,10.8252,7.7316,0,0,3.0254,10.7915,5.9638,5.6264,0,4.0601,0,6.3151,4.0984,10.074,5.8951,6.4269,3.7845,6.082,5.5458,6.5589,6.015,3.6879,5.0181,4.5101,5.7893,4.7514,2.7127,2.6397,6.5711,7.0809,5.711,5.8159,2.8324,6.0439,3.9757,4.1333,5.9471,5.2215,6.243,4.6115,5.7591,5.758,4.3354,2.1361,5.8601,4.2381,4.6102,8.5996,7.288,4.1383,3.7901,4.9179,3.5451,3.5408,3.7675,6.9612,4.4611,3.9273,5.2553,5.9066,5.8563,5.9017,7.2736,4.3799
"CYP2C8",15.0322,12.2193,11.8873,10.6598,11.1836,13.8814,14.2961,12.1163,11.0885,2.704,13.7065,12.9914,9.2304,12.6588,9.5841,14.4242,12.8617,11.3043,2.2887,5.3493,14.6094,5.582,8.3083,3.1802,14.3571,4.3965,13.9912,15.0602,12.2819,11.6869,12.6836,10.7786,13.6561,12.6806,14.4334,14.0796,13.8903,12.4523,5.9496,10.0207,8.8549,12.9578,12.8485,5.9969,13.545,12.4118,10.8854,10.6013,13.1749,6.4447,9.5656,10.451,12.8753,5.3184,8.2163,12.5144,13.7924,5.6128,8.964,3.5963,11.137,14.9182,13.5609,9.6627,12.9222,11.0771,13.2242,12.7799,5.2377,9.4646,10.1389,10.3379,13.8029,14.8192,8.9752,12.1111,9.4113,2.7944,13.4185,14.4461,13.803,5.6102,14.0056,11.7361,12.9062,12.338,9.9394,15.74,12.5958,12.1067,11.431,11.2628,11.9669,9.5379,15.2989,9.7728,11.2908,11.8857,12.1405,6.6308,16.1916,15.2853,16.3545,16.2258,16.0577,14.0074,15.7013,15.4295,15.123,15.7211,15.2145,15.4187,16.0508,14.7972,16.0781,15.7094,15.0298,16.0688,15.8064,15.9836,16.284,15.402,15.8537,15.0691,15.6567,16.5083,15.859,16.6565,15.1627,15.8788,15.9983,15.6343,15.608,16.2147,15.2307,14.0708,15.2373,15.8555,14.8707,15.8153,15.7917,15.4038,15.1942,14.4032,15.4188,15.506,15.0025,15.4836,14.5088,15.7383
"AFP",8.4692,7.4103,14.4619,6.345,6.8146,7.9257,6.9614,7.5748,8.631,8.6599,10.3415,6.9897,7.4345,6.1807,13.5604,8.4195,3.2516,7.6449,0,15.1458,5.3774,7.5,13.5169,7.5676,6.6445,19.991,5.2634,8.7485,7.9048,6.6737,3.8141,11.5692,9.3269,7.3642,4.2791,6.9953,12.048,5.7721,9.0224,7.3563,17.7863,4.521,6.0862,14.8083,10.3501,7.5602,7.0259,6.0412,4.931,7.9703,10.9891,5.9564,4.0412,6.0982,5.776,13.658,7.5008,14.5932,12.6893,14.7002,6.2015,6.3774,11.8578,12.0935,6.7321,8.6477,6.3096,5.4881,9.5412,4.0159,11.7878,19.2989,3.1067,4.9432,17.3778,6.1612,7.3522,13.6914,8.2523,0,4.4399,17.7455,7.2486,7.8919,16.0197,13.789,11.636,5.7101,3.9688,5.4135,5.2762,4.5911,8.6274,7.2412,7.4594,6.4896,13.1791,4.7042,6.7349,7.9156,5.8514,5.6554,8.4045,4.8719,6.1785,6.9515,7.5709,6.0527,5.6128,6.251,6.9094,7.6931,8.2113,4.0615,7.3789,7.1045,6.6701,8.2018,7.2286,7.0464,7.6253,7.7947,6.4491,5.1156,7.0953,6.5666,7.2714,7.2202,7.1333,6.4244,6.9198,5.9897,6.4949,6.723,7.1139,4.2324,7.3478,7.4258,6.5885,6.2522,6.3004,6.6929,4.0857,4.108,5.478,7.6967,7.8218,5.8542,5.8131,4.9416
"ZIC2",7.9327,6.7547,8.7688,1.4981,7.9397,8.0833,1.5567,6.5824,7.3243,8.9867,3.323,9.0101,5.6595,7.5373,9.3955,8.0996,3.8146,1.7235,0.7205,8.814,2.264,3.2744,9.306,5.4241,6.9441,8.814,0,2.6867,7.2105,5.2942,8.0757,8.0049,7.2052,8.0668,5.029,8.0065,2.7292,5.1812,8.9514,7.6209,5.1833,7.8144,3.5581,6.247,8.7807,5.8492,7.0777,7.7995,3.7367,7.4575,8.5055,7.0988,9.4688,3.1714,3.2386,9.6343,2.4676,4.2249,9.5014,6.1102,9.0299,3.2316,6.7045,8.7083,7.0811,7.1265,8.5127,7.0793,2.2532,7.1269,8.9149,2.5966,0,8.0069,7.9571,8.8261,6.7378,8.8431,2.025,8.3369,6.1888,9.4877,0,9.085,8.7288,7.2571,4.4616,4.8375,7.3961,8.6771,0,7.9668,7.6562,8.6248,0,7.9051,8.2597,3.9301,5.7751,6.9818,0,2.3361,0.847,0,0,0,2.2465,0.8015,0,0,1.8675,1.3366,0,0,0.8568,0,0.7157,1.1657,0,0,0,1.1257,2.1704,0,2.4048,1.2505,0,1.6054,1.09,0,0,0.8029,0,1.7796,4.7651,0.6719,0.9907,0,0,0.8155,0,1.7822,0.8805,1.5996,0,1.4165,1.162,1.1966,0.8043,0.9267
"MUC6",0.8951,6.3411,0.9606,0.6855,2.8305,3.4057,4.8168,2.2982,0.8233,2.0538,12.0492,2.6116,0.6503,2.2025,6.0961,2.7051,5.8817,0,5.1427,2.7697,2.264,6.26,5.3685,1.3857,1.1475,1.3466,3.3397,3.195,6.8485,1.2132,2.2428,1.627,2.9151,2.6384,1.9551,1.4809,2.8747,6.5663,3.1044,1.0457,1.4682,1.0882,1.434,1.553,2.298,0,1.3712,0.8486,2.0295,1.4356,6.0366,1.577,1.5138,4.7717,1.6368,5.1954,1.0927,2.2288,1.8886,9.0716,5.5377,1.1368,8.3376,0,2.4994,2.0794,0,9.9635,0.9574,3.6176,4.4451,6.4259,2.1323,0.8974,3.5704,0.3372,3.263,4.8343,0,1.9149,5.6034,4.1495,1.0428,7.5569,4.5755,10.478,3.002,9.6665,1.4283,1.7003,1.0146,4.6866,2.9052,4.0884,0,1.2059,0,2.7436,4.5346,1.6838,7.7812,5.4027,7.6772,7.905,9.8154,9.8086,7.6403,5.2813,8.8727,7.2519,10.1072,6.6571,8.4705,8.0187,10.2206,9.5809,8.4315,10.0048,8.3328,9.5178,9.7801,7.3482,9.5333,8.3797,9.7825,8.4424,8.3572,9.8963,9.2868,7.183,8.5317,7.4532,4.441,9.2909,8.4739,9.617,6.5207,10.4752,9.5184,7.65,5.3561,9.7586,5.9827,9.5036,8.0647,10.7973,10.9267,10.0004,7.8082,9.6195
"LOC100131726",6.3845,5.4975,0.9606,8.829,5.6411,1.3084,8.1224,6.2224,9.2625,0.4792,8.4923,5.1325,3.9824,11.7585,0,12.3555,5.2238,5.0037,0,0,8.5628,0.3461,1.2019,0,4.5157,0,9.4548,0,3.3771,6.9651,4.7865,0,9.2942,5.4962,9.9666,11.0717,2.8747,1.5525,2.0899,1.0457,0,2.3049,1.094,0,3.6728,5.507,8.8835,12.6629,0,10.6602,0.4895,0.482,0,9.0425,5.3605,0.7531,7.7182,0.797,0,0,3.0811,4.1033,1.7824,0.4062,0,3.4875,0.9587,2.6235,4.0884,1.4513,3.1613,0.8808,6.4892,3.2671,3.9547,0.3372,3.539,0,6.5045,0.9438,9.7178,0,7.7669,6.3409,1.2288,1.3645,0.7114,4.7983,1.0892,2.4593,0,0.868,4.6705,1.4954,8.4718,1.6681,1.0562,9.9497,8.4024,3.5016,4.9191,8.4713,6.9542,5.3024,7.0334,3.2064,8.6468,5.8814,8.3982,6.166,7.4581,6.199,7.2295,8.0187,6.8701,2.9484,7.4303,6.8504,7.5288,5.8251,4.7651,7.6062,9.0105,4.6303,8.5496,7.1252,3.2687,8.1546,5.9265,5.917,7.4691,5.7711,3.4476,6.124,10.6958,1.1286,7.4893,5.529,6.8573,7.0328,7.5957,8.6594,8.113,10.5345,5.5777,5.9974,11.1292,2.8992,5.6724,7.0502
"TGM3",5.8081,8.4943,9.9369,9.2292,10.1658,7.4951,2.2879,2.0478,10.5601,6.648,8.2434,12.4722,10.5948,9.6873,2.862,7.7007,6.9775,12.0284,0,4.5428,6.0915,6.5995,8.64,1.9346,8.0215,6.6626,1.902,5.6423,9.6827,10.7824,4.2976,1.627,8.8341,2.4972,1.1049,8.0752,9.6588,5.9742,11.6718,6.3463,7.392,10.0706,4.9834,7.9292,4.3638,0.9533,9.5734,6.4639,2.547,11.402,5.5688,11.373,5.2754,9.6758,6.2053,5.2484,9.979,7.9588,2.4126,2.7109,11.4337,9.281,6.4397,4.5904,2.167,10.7786,8.2475,4.9989,10.7955,1.2023,11.1845,4.9676,4.936,7.1058,9.4771,8.1486,3.8737,0.6226,2.025,1.9149,11.7183,4.544,3.7784,11.157,4.1535,10.0648,5.6461,4.2776,5.3183,7.0992,9.8947,6.5708,9.6155,7.4326,10.3463,7.1643,8.4274,9.5167,9.7502,11.1822,1.8717,2.0839,1.3771,2.4659,2.7472,2.5363,3.6131,2.4483,2.7624,1.063,0,2.0183,2.2338,1.2066,6.256,4.5482,1.1919,4.4684,3.0255,1.7971,2.3484,2.7887,3.9075,4.6683,3.7035,1.2505,2.3181,4.1163,0.6455,1.4318,2.7877,1.9922,1.8886,3.2505,2.5052,3.123,1.5726,1.4707,0,3.7989,2.3802,3.0563,1.4234,1.0109,2.6584,3.5327,3.2725,4.6382,2.6378,4.1057
"TAT",13.5698,9.1278,11.7474,14.7583,5.4186,15.1052,14.5784,15.7589,13.7843,8.7953,13.8032,15.6322,10.5352,13.6747,4.0138,15.2648,14.9929,12.5688,1.8443,9.5183,15.2689,4.0639,6.524,3.4165,15.0098,11.0768,15.269,12.3212,10.1412,15.1967,14.3328,3.9164,10.8866,13.6877,15.4473,16.8015,12.4352,14.8132,9.0581,9.5318,5.8684,15.3429,14.0719,11.174,14.4049,15.0936,14.4806,11.7827,15.0511,15.1766,9.4353,13.0381,10.423,14.3535,8.8582,8.5007,8.1218,6.2521,8.4828,6.901,11.9722,15.396,11.3596,11.1004,10.2986,13.8997,15.4988,12.6361,9.0352,8.382,7.9855,11.9026,13.8122,15.5699,5.99,13.1594,10.2553,3.6864,14.1216,15.4114,13.6571,7.1673,13.0497,10.9519,7.6086,14.3339,8.5804,15.0745,15.6626,15.8226,15.3401,8.4546,15.133,10.6143,13.7042,12.6573,12.1274,12.702,7.9403,13.3544,15.8202,15.8115,16.0508,13.9031,14.1929,14.9136,14.7669,15.3184,16.2214,14.873,15.2797,15.6645,14.9965,14.707,15.8343,15.2333,15.723,15.8454,14.756,15.8011,15.4067,15.9973,15.8946,15.7153,15.4736,15.7468,15.616,14.6235,14.9086,15.0357,16.5357,15.1652,14.3948,14.3984,16.9383,14.9948,15.6543,15.3412,14.371,15.763,16.1198,16.3419,16.4659,14.9309,15.9229,15.5401,14.2096,14.4241,13.9383,16.8104
"DKK1",0,5.3588,1.9404,0.6855,4.1128,3.1892,3.8017,0.8349,4.164,11.4111,10.216,0.8891,5.6916,5.9599,10.6602,2.4857,2.1406,4.7184,3.0223,5.5418,0.7083,6.4554,6.1542,2.0792,9.3031,3.561,7.0386,2.0919,5.7395,2.0274,2.3784,13.8279,1.207,1.7324,0.6558,1.7606,5.0909,1.2928,1.0606,6.1762,1.868,0,0.6483,14.2319,3.1433,0.554,0.8427,6.2067,0.9113,1.4356,6.7931,0,7.6584,10.7866,4.321,8.4897,11.55,10.0658,10.8698,10.814,0,0.6776,10.0173,11.0802,0.6616,9.7585,3.8289,4.0433,8.5684,8.5094,5.4116,10.7678,4.936,2.1541,4.1879,0,1.5962,9.2587,0,5.4728,2.7428,10.3602,7.9938,1.6796,1.8826,3.0155,5.5707,2.4851,1.0892,3.7413,6.1371,10.2227,1.9985,1.0647,1.3857,3.9425,8.8448,1.7132,7.9599,0.7971,1.4714,2.3361,2.3201,2.9611,0,6.4039,3.8185,0,0.869,2.4215,0,1.7173,0.9455,0,1.7795,3.6086,3.8567,5.1625,2.0219,1.7971,4.3677,0,1.1158,1.8642,3.7035,1.6176,1.2196,0,2.4633,0,1.5697,1.9922,5.3764,6.0464,2.2454,2.5225,0,1.4707,2.3519,0,3.6515,4.1097,1.4234,2.0164,1.0445,1.9193,0,2.0807,2.4535,2.4606
"FAM3B",1.4434,7.5813,0.9606,0.6855,9.6887,5.4041,8.7311,2.8619,0,8.5213,10.823,0.8891,9.9973,6.9301,6.4379,1.506,8.8933,2.4866,5.5739,7.1262,1.1812,10.298,11.7058,2.2107,8.514,4.7674,1.902,10.7821,1.3589,9.8802,1.5193,9.5793,6.2149,1.112,0,2.1962,11.5522,4.5969,0,0.6156,11.7797,0.6444,10.8164,11.882,2.4086,0.9533,0,4.0886,11.0236,8.1015,9.2553,8.93,8.6789,7.1235,10.7209,10.3898,10.8443,10.6889,10.3873,9.223,10.1541,10.1149,4.9008,8.0731,9.0637,10.4063,0,8.7603,5.6157,2.0128,9.2406,8.8573,0,6.9685,0,11.3578,3.9226,5.1947,0,1.9149,6.7289,10.5999,8.4613,9.1063,7.9556,10.3375,10.0008,8.5972,0,0,7.4212,9.789,10.5564,7.5853,0.8532,11.8004,7.9107,1.0972,3.9805,2.229,6.4131,6.5316,5.5887,5.1726,5.8965,4.9939,5.8839,3.918,5.1583,5.8216,6.0129,4.5311,4.8469,3.5191,7.7705,8.4711,6.0831,7.4467,4.4201,6.4636,5.982,3.6804,6.8059,5.0596,5.9541,4.6516,6.4271,5.0741,4.209,2.9618,5.8844,4.8354,4.1793,9.0222,4.0792,4.2324,3.5679,5.6356,5.0807,3.1041,4.3167,6.6929,1.8168,5.4476,5.4075,6.2183,6.0027,6.5549,6.6259,5.4377
"MT1E",9.2399,9.832,6.7473,8.9687,7.589,6.2537,7.5649,11.1227,7.8568,5.1081,7.8176,5.3288,7.2579,7.3361,6.9457,12.9505,8.5829,5.1036,8.0757,10.8689,10.8299,9.4131,9.309,10.155,4.2189,12.1071,12.6874,12.1427,8.7838,9.0916,10.4063,11.7076,11.5546,6.6731,13.6526,6.8234,7.2709,11.7081,6.7025,10.6047,5.5795,6.8909,9.384,12.9871,10.0562,6.8128,7.152,13.1368,9.8607,12.9239,4.1011,7.8548,8.5396,11.6531,10.5598,6.5787,7.0974,6.714,4.4647,5.7536,4.3216,11.2827,10.8252,4.8237,6.2924,12.0703,6.775,11.2962,7.9363,11.911,7.1641,10.7837,12.5116,10.4431,8.4847,12.4492,11.6304,13.3143,4.0973,3.8002,10.6951,7.6636,10.9191,9.2817,6.0334,11.7217,6.6223,13.3832,5.6124,15.2929,6.1371,12.6832,8.7794,9.8549,7.5615,9.9163,7.7391,9.2794,11.277,4.8956,14.613,14.8407,13.3897,14.3836,15.741,13.7985,15.6998,15.6285,14.4583,14.0457,13.8309,13.0146,12.5508,15.0273,14.2899,12.0286,13.7982,13.0089,14.5889,14.4802,13.7367,14.9184,14.273,13.1551,15.5251,15.0747,13.6125,15.0037,13.7315,12.7639,15.3052,13.6582,14.4506,11.7462,15.2727,13.8272,15.238,14.4354,13.7265,13.5136,15.2944,15.0789,15.9974,14.9059,13.559,13.3692,15.9248,12.6031,14.1487,15.0959
"SLC10A1",13.8541,10.3656,7.7148,12.2562,4.5493,12.6469,13.869,12.348,11.9993,8.1472,8.9728,12.7803,10.3405,10.6647,6.7212,12.75,13.9671,12.5702,1.1987,7.8869,13.4285,1.535,6.7147,1.3857,13.1644,3.561,11.4733,12.5228,9.2353,10.4005,12.2877,4.0129,12.7375,12.1435,13.5523,11.9191,11.98,12.9125,6.5604,11.1323,3.642,13.5514,10.4347,7.2282,11.3871,12.3319,12.0363,12.149,12.021,13.5264,8.2072,8.8578,9.865,4.4326,4.5973,8.5674,11.2785,6.0095,6.0176,3.0108,9.7972,12.4228,9.7274,2.7068,11.4047,12.0037,12.4241,11.4839,10.5709,7.7983,9.4044,9.1285,13.1405,12.0992,3.3314,9.6615,7.775,0,11.2385,13.1099,12.0987,3.2886,10.3463,4.4059,9.3293,11.6524,10.5267,13.6059,10.9238,15.2724,13.4431,6.9725,12.6525,7.6805,13.9233,8.9473,11.0498,9.8561,6.5914,13.2107,13.7457,13.3917,13.9747,13.5496,14.0794,12.9829,14.037,13.2315,13.0978,14.0005,13.4248,13.3929,13.9004,11.3429,13.9574,13.8216,12.753,12.8829,13.6047,13.9307,13.915,13.533,13.223,13.3364,13.5515,13.7702,13.3254,13.8487,13.1544,13.469,13.7854,14.1385,13.4923,13.1977,13.7193,12.259,13.6214,14.0375,13.2654,14.0599,13.449,13.2592,13.3263,12.5793,13.672,12.2968,12.2166,13.1643,12.9987,13.7118
"DPT",6.9234,7.2946,4.7303,6.5178,0.594,7.9214,2.9016,8.688,7.3033,0,4.8984,2.7999,4.0335,7.1236,2.6381,7.412,9.4227,1.1051,10.526,2.5484,8.5507,5.3136,5.7974,10.6728,4.171,1.3466,7.9715,0,8.0482,2.1751,2.6166,0.6062,7.4623,3.7841,3.3515,4.2413,9.3158,8.1086,6.2871,0.6156,3.162,0.6444,1.434,4.9075,1.5651,3.1633,5.2885,0.8486,6.2029,1.8309,7.5858,0,0,4.5071,0,6.6592,3.1586,1.9818,3.6266,6.2883,1.6018,0.6776,9.3958,0.4062,0.6616,3.9559,3.8289,11.579,4.9606,5.4572,2.0201,6.5987,1.4287,0.5174,3.7753,0.3372,8.7966,7.7282,3.5539,7.1054,8.6608,4.8535,3.8331,3.9376,1.8826,11.8665,5.5114,10.9931,6.5636,4.1597,0,4.2594,7.9109,8.9874,5.5032,4.022,0,3.4925,8.411,0.7971,9.352,8.9131,9.3486,8.4948,9.1392,10.8788,10.1061,7.2948,8.1647,8.9655,10.5032,9.8741,8.7472,8.7723,10.003,10.1757,11.0427,9.7115,8.3374,8.599,9.4257,6.8537,8.5032,8.8093,8.4433,8.0163,9.9881,9.1391,8.7364,7.9691,7.9772,8.0476,7.763,9.5898,8.3006,8.7115,7.3302,9.329,8.3383,10.1966,10.0738,9.9628,8.4444,9.7867,9.0932,9.7504,10.148,11.1159,7.6185,7.3422
"FGF19",0,0,4.678,0,6.5344,3.4057,0.72,8.0419,5.3026,0.8383,6.5466,0.8891,3.9295,3.2853,0,0,7.6553,0,0,0,2.0598,0.3461,6.6225,2.0792,0.6849,9.8754,0,0.6265,5.9366,0,8.6183,3.4491,3.8162,7.3844,1.447,7.4492,8.2396,9.7641,2.6846,7.2083,0,11.1229,0,0,0,0.9533,0,4.9739,0.5265,0,6.0277,0,11.2805,1.1004,7.9471,0.7531,0,0,2.7962,2.7109,2.5233,0,3.8901,0,0,0,17.2401,10.3321,0.9574,2.16,1.7845,10.3574,6.0659,7.0692,4.6712,0,1.0085,0,1.3419,12.3438,1.3521,7.9368,0,3.1231,4.3564,0,4.6565,9.1087,7.6193,1.0874,7.7568,6.1013,1.806,1.2961,4.1647,0,1.0562,2.7436,4.9654,0.7971,3.0165,7.4321,0.847,0,1.2801,5.9391,5.4921,1.691,0.869,6.0757,6.0709,2.0183,3.0717,4.8961,0,5.9418,2.2791,6.819,0,2.8456,2.9161,1.1257,0,0,5.1789,1.2505,4.6392,9.0446,4.5591,2.1361,4.5017,0.8029,5.5529,9.6258,0,0,1.5726,0.9151,2.7543,0,2.6456,7.4446,1.4234,1.5996,1.0445,3.7271,1.162,3.1296,5.714,0.9267
"GNG4",0,3.3181,4.2461,8.4816,0,5.8905,9.6791,0.8349,2.277,0.8383,8.0673,4.9053,4.5716,7.2941,9.9787,2.4857,1.4355,1.7235,0,4.5428,4.3681,8.7713,4.358,5.8644,0,6.9595,1.902,0,3.4818,2.0274,6.1591,5.8689,1.207,2.7671,0,1.4809,9.5205,0.5688,2.0899,8.0526,6.0525,0,0,5.0193,3.2659,4.04,0,6.0759,5.6405,0.8895,1.1454,0,11.2958,10.5897,11.5976,7.0208,1.0927,7.8103,8.3998,5.455,1.6018,10.3074,2.2203,6.2442,8.3778,6.3797,1.5297,8.9303,10.8347,4.3277,11.1906,10.6359,0,7.3039,2.2099,1.3673,3.4748,9.471,2.8359,4.1396,2.8502,11.864,10.8541,2.3334,8.1524,4.575,3.3108,1.7222,6.419,0,7.1684,9.045,5.6563,0.7889,1.3857,1.4554,4.2743,10.7566,7.3661,9.2723,0.9157,1.3895,3.0336,0,3.0255,3.7383,1.5224,0.8015,4.062,0,2.6549,0.8179,0.9455,0.726,2.0855,0,1.1919,2.0386,3.1959,0,2.3484,1.7502,1.1158,0.7314,3.1263,0,0,1.6054,2.1329,0,1.5697,1.6932,2.4606,4.3117,7.2707,0.6719,0,0,4.9717,0,0,2.0884,2.38,0,1.0445,3.136,3.9865,0,0.8043,1.8886
"PRSS3",8.6561,6.1992,9.3135,8.1796,1.0135,1.6847,10.9435,9.6318,9.1082,3.1506,1.1382,1.435,2.143,9.912,9.9553,9.7334,1.0952,1.1051,0,8.7634,6.8227,6.9583,8.8209,3.361,0,0,5.5429,0.6265,0.8339,1.4636,9.0038,8.1177,11.1798,9.5732,8.9639,8.8215,8.1351,2.5443,2.0899,0.6156,8.3095,0.6444,0,1.553,11.1728,9.0651,0,9.0807,0.5265,9.0299,9.1225,3.0252,12.0163,6.6517,8.9224,6.5787,1.0927,7.767,0.6234,6.6121,1.2369,0.6776,2.341,5.6186,0,0,9.3962,6.8467,0.9574,4.0913,9.8002,5.5885,3.3655,9.0126,14.3971,8.8403,2.9215,12.5147,5.3811,8.8543,6.9743,1.3757,5.1693,10.3496,2.1241,5.982,0.7114,7.8984,0,1.0874,0,0,7.7088,1.0647,0.8532,0.5217,10.4809,7.9884,9.3492,6.6521,6.0954,5.7669,5.8507,6.1294,4.8147,6.4945,8.2046,5.8446,7.3115,6.565,7.8212,5.0789,5.351,5.4433,6.9946,6.6044,6.4333,4.658,7.6215,5.7441,7.8871,5.965,8.2335,3.3565,6.7601,5.682,6.5852,7.973,5.0269,5.5497,5.3352,6.5557,5.4074,9.1893,8.074,5.1215,5.6822,4.9595,7.7223,6.9465,6.5636,6.55,4.7587,7.3967,7.702,6.3521,9.2169,5.0852,5.5854,5.525
"PCK1",15.1695,11.4126,13.9057,15.9,6.9094,14.0209,13.7644,14.6947,14.264,9.7879,15.7143,16.1175,12.1048,16.2098,8.2704,16.1062,12.048,12.4948,3.0223,5.5716,16.1381,2.1778,8.372,1.5927,13.5397,9.5645,14.7868,13.8347,10.8087,15.2706,10.9438,7.7766,13.9923,13.4373,14.6514,14.1232,13.3038,15.2742,12.409,11.7785,10.544,15.5364,14.1934,9.7664,12.4554,14.1479,13.1832,11.2535,10.9821,14.8461,5.753,14.0368,11.5606,16.7011,13.3368,11.7058,13.0947,12.2852,10.4024,7.2411,12.1214,13.439,12.5991,12.2663,9.2364,13.5803,15.2935,15.3252,11.4629,10.6121,9.3953,12.1306,14.1895,14.6037,9.2009,12.8992,10.3223,1.3891,15.5392,14.9081,14.4366,13.1628,15.769,9.5624,13.0388,13.7439,5.1721,16.6749,14.2244,13.4489,14.286,10.0913,15.6654,7.0082,15.4978,14.6819,13.9548,15.9634,14.1766,13.3362,17.272,15.1189,17.8154,14.4336,16.8801,15.7506,16.3639,15.88,16.1537,16.489,16.6873,15.7621,17.0035,15.4758,16.2813,16.3137,15.8986,16.4008,16.613,17.0604,17.0376,15.6611,16.9271,15.9858,16.9667,16.7291,16.9428,16.8676,16.2386,16.3081,16.7833,16.9938,15.798,14.4638,17.6885,14.3861,17.0408,16.5874,16.2883,16.2023,15.0621,16.6712,16.4536,17.2446,16.1943,16.044,16.2653,15.5999,15.8585,16.8297
"THBS4",9.4407,3.5051,6.8514,10.7588,1.3382,6.3085,4.1561,8.7653,4.2246,9.0362,2.1073,7.1013,8.1441,5.2105,7.8181,6.9144,1.4355,10.064,6.4237,6.5704,8.2981,3.1477,6.503,5.1732,10.3804,1.3466,9.451,5.6579,4.7026,8.5113,7.4708,2.5109,7.9712,6.7055,7.657,10.0396,3.0069,8.8745,2.6846,4.7304,8.6062,7.6217,7.9093,7.6385,10.0903,9.226,7.8865,5.3013,8.3525,8.3815,5.192,6.24,7.1807,10.8042,5.5348,9.665,8.9607,6.9125,10.6718,7.4003,2.6842,10.5864,12.1532,12.28,1.1134,7.0636,7.2114,6.866,4.441,2.7306,4.6345,15.082,10.1852,7.5595,4.5084,6.3546,1.332,8.8632,10.9284,9.1334,7.9745,8.8738,7.8455,5.9187,7.1021,5.5199,3.4006,3.6435,7.227,10.977,8.1427,4.2594,5.5526,3.1709,7.4856,9.1796,9.903,7.4772,7.6238,4.5316,0,2.0839,1.3771,2.1354,0,3.5818,1.5224,1.691,1.7988,1.063,1.2169,2.8283,1.5119,0,2.5524,1.6958,2.0743,1.1657,2.6093,3.2725,1.3989,1.7502,0,0,3.2617,0,1.5818,2.023,2.1329,0,4.3705,2.2397,2.4606,3.0232,0.9527,3.218,2.5694,0,2.5671,2.8235,0,3.7222,2.38,1.5996,1.644,2.2914,3.7416,3.019,1.9946,0.9267
"CYorf15A",5.8731,6.0267,7.1732,7.9108,6.2745,0,7.54,6.2224,6.6363,0,0,0,7.642,0,8.3349,6.6091,5.4088,8.1152,7.6333,7.3571,7.1788,7.0586,0,4.4306,3.7824,6.4242,7.1166,0,0,8.2923,2.9999,8.8795,6.7934,0,0,7.3096,7.9789,5.3273,2.0899,6.2386,3.833,0,7.0387,5.1429,0,7.9306,0,8.0727,7.5008,7.6657,7.3309,7.5288,0,0,2.0582,8.0751,6.5354,5.2431,0,0,6.9753,8.2609,7.5108,0,0,7.0348,0,0,7.6821,0,3.1613,4.2862,0,0.5174,5.4466,8.1325,8.028,8.6761,6.0661,0,6.6192,4.5925,7.9878,6.825,0,0,2.2703,6.9136,7.4529,7.256,7.4718,8.7062,0,4.4664,6.852,7.7208,0,7.6009,5.2465,7.4699,7.2949,6.7318,0,7.0713,2.4021,7.0444,7.0956,0,6.6102,6.9928,6.9408,6.9871,0,7.6188,7.5067,6.6044,7.5189,7.2248,0,0,0,0,7.1872,0,7.4115,0,6.7634,0,0,7.0782,0,0,0.9267,7.1511,0,7.3324,0,7.0646,0,7.0577,7.1909,7.3757,0,7.5531,6.2565,7.4664,6.1608,0,0,0
"DCN",10.0255,12.7692,8.3591,11.3691,4.452,12.4965,8.691,11.2461,10.2004,3.6803,4.3374,4.1033,8.8365,10.4118,7.4164,11.1752,12.7229,5.8139,12.9692,4.7125,11.3991,10.1537,10.4488,13.2181,8.4019,3.3589,11.4405,4.4374,9.5743,6.6166,6.9886,4.7327,10.1307,9.8258,8.0692,10.2049,12.9794,12.3945,7.0247,3.5415,7.4659,5.577,7.2253,8.3865,7.9208,7.5921,10.5829,0,10.7539,7.3025,10.5197,6.0884,4.7864,6.4774,4.6589,13.3052,2.4676,7.6814,8.4741,13.9378,4.6681,7.2487,12.4288,6.1548,0,7.9531,7.6915,14.2081,8.3317,11.7331,5.035,11.2765,8.1732,5.5984,7.0195,5.7876,10.8486,9.6619,7.6805,9.7727,11.7892,9.0272,10.8329,9.336,7.6283,12.8579,8.902,13.8454,10.1631,9.8838,3.3481,9.1325,8.9317,12.0946,11.4703,7.9413,5.693,7.7187,11.658,4.8956,12.9863,13.218,13.3456,13.3592,10.9268,14.1945,13.3229,12.8373,13.0816,13.1789,13.2949,13.4678,13.0859,13.264,13.3225,13.4137,13.7383,13.1758,12.4217,13.1943,13.3331,12.7714,13.1078,12.9612,12.755,12.7346,13.3404,12.4821,13.3718,12.9589,13.0856,12.5485,12.8858,13.5784,13.8807,13.9938,12.0175,12.927,13.2779,13.1424,14.1228,13.2904,12.6274,13.1302,12.692,13.686,13.0036,14.0575,13.1565,12.5228
"COLEC10",6.9028,3.5051,3.8324,2.3945,1.0135,7.3195,6.0665,6.6958,5.8754,0.4792,1.4862,0.8891,2.6148,4.2489,1.8531,6.7758,8.0512,0,7.0425,2.5484,6.6694,5.1021,3.5114,3.7549,3.9045,2.0308,6.2956,2.2651,4.6586,2.4316,1.5193,2.5109,2.6402,5.6206,4.7181,3.1313,6.5958,8.3284,2.0899,1.8722,2.8447,0,2.1387,2.6597,3.9538,3.4982,3.3952,3.0367,6.0955,3.4893,4.4334,2.3124,1.7966,2.1481,2.0582,3.2055,1.7073,1.3074,2.6793,4.0991,2.829,2.6771,7.1956,0.7229,0,4.5922,4.6744,9.2531,4.7746,6.4479,0.6881,7.1954,5.2564,1.1979,4.3247,1.6352,5.7847,3.8026,2.9831,5.4728,4.0913,4.2736,7.8321,2.3334,2.9483,8.4666,0.7114,9.2352,6.5463,5.2525,0,4.2594,4.6128,6.7203,7.7731,3.7221,1.0562,2.8613,4.9961,2.4398,9.9244,9.6165,10.1033,10.2398,8.5297,9.9118,9.2495,9.7126,10.5596,9.6429,9.2439,9.9825,9.744,10.5769,9.8313,9.4038,9.7606,9.5876,8.9148,10.2066,9.5009,9.7468,9.6904,9.703,9.6235,9.7692,10.0893,9.5204,10.2216,10.0082,10.1192,9.8312,9.5775,9.274,10.5877,10.813,8.921,9.68,10.8346,9.7591,10.4311,10.0395,9.2203,9.6871,9.3212,10.1244,9.487,9.6579,9.7569,8.9738
"KNDC1",6.8174,9.9044,7.1397,7.7892,10.9506,10.7676,6.455,5.609,7.1555,3.724,7.8328,0.8891,9.0531,9.3782,5.1278,0,9.3455,3.6452,1.5573,0,7.0467,6.8301,5.4987,0,0,4.1679,8.8764,0.6265,8.3579,1.8628,0.5525,2.5109,4.5389,4.4145,0.6558,6.1347,7.5346,4.239,9.1241,2.0681,1.4682,5.1204,0,0,1.3601,3.3734,2.3124,12.2746,0,2.1408,5.7851,0,0.6947,10.9991,10.109,4.3357,0,1.3074,1.0573,6.9251,7.3074,0.6776,8.3538,1.2022,0.6616,0.6208,3.5084,3.4342,6.3069,6.1103,2.0201,4.2862,8.9216,0,8.0636,0.8399,8.3068,1.0562,0,6.2962,9.4917,3.5068,10.8454,5.5741,1.2288,7.2195,9.2699,5.6005,9.3824,0,1.0146,7.1673,6.583,9.5981,0.8532,0.904,0,11.1995,9.9979,5.3516,4.7864,2.5507,2.5341,8.9523,6.0905,6.8608,5.2295,6.7347,9.5645,4.2868,8.9895,5.9547,3.9832,10.5099,5.6574,2.9484,9.0364,7.2604,8.5951,5.7607,3.8986,4.8762,9.5173,7.6887,7.0678,6.2379,4.2434,8.24,6.8595,8.4473,5.5923,2.9451,6.3107,7.3199,9.9373,6.4234,7.4077,5.4725,10.6618,5.4447,6.3754,3.7222,9.3071,9.1172,6.8284,4.8492,9.8386,6.4308,8.8453,7.0003
"MFSD2A",10.2832,7.0758,4.4155,8.2846,7.7445,7.501,7.3413,12.3706,5.7156,6.1841,6.1791,11.3637,6.6696,6.8993,3.0558,12.8087,8.0104,4.3624,4.7499,0,7.5497,5.3331,6.6033,8.6416,8.0549,4.1679,10.1027,8.0277,5.0134,8.7598,9.1567,4.7327,9.7733,13.0627,12.8263,4.2862,4.467,10.5482,6.2871,5.4455,3.4219,11.63,5.6541,2.5449,10.9229,11.8996,7.7812,10.5606,5.4646,7.3103,2.8198,3.8568,9.5907,10.3426,5.9584,5.2995,4.3404,2.7865,2.5521,4.7932,3.6477,7.5457,7.4749,3.29,8.9946,5.5784,10.1391,8.5794,8.6142,8.56,5.2119,9.2826,12.4642,6.544,6.0894,7.9309,8.6055,5.3363,8.208,5.4115,9.6054,3.2886,10.325,6.5977,9.3035,9.375,2.4493,12.3421,9.0692,12.1538,9.5047,6.3695,10.0822,7.6856,10.0573,3.901,4.1915,12.3486,10.4795,6.9985,12.0668,9.2623,10.44,9.8712,12.8059,12.4823,12.1821,11.29,13.4048,11.4621,12.992,9.8216,12.0652,12.8764,13.0844,12.7272,11.2159,13.2241,13.2952,12.3817,12.2085,12.6498,13.137,12.9073,13.0226,13.5248,12.2143,13.0851,11.7111,13.2945,12.5522,12.7101,10.4099,13.9695,13.3534,9.2616,13.1543,12.2224,12.7433,10.359,11.3694,11.3541,12.5104,13.3817,11.9496,11.5114,12.6269,12.2745,11.7225,12.6843
"CYP17A1",8.2542,9.9859,15.9606,7.3835,1.603,10.9582,2.7709,3.3473,7.1727,9.3993,9.9998,11.3323,11.6287,6.0626,3.159,8.7929,5.9386,6.8986,0.7205,3.0605,11.3602,7.4622,5.5636,1.2794,6.2666,2.0308,14.0523,12.0641,2.6583,7.2395,7.6619,7.3286,10.8876,13.2148,6.3524,10.7363,8.6199,12.454,12.442,1.0457,5.9504,9.2596,2.8907,5.1981,13.2549,12.8928,12.9427,14.1241,5.8272,6.7587,4.3524,7.633,8.4955,5.7721,4.5258,4.2858,13.8104,7.4013,2.7962,2.4695,9.1558,9.8054,7.4904,5.4442,13.7402,8.1306,7.9167,3.715,8.0888,2.8219,6.841,5.4286,12.9388,12.6105,9.8838,8.3843,0,0,2.4867,1.6134,8.8194,0.8459,6.2056,4.5686,14.105,6.1187,4.4595,6.2207,8.6381,12.1082,10.7729,3.6946,10.1128,6.1452,9.4759,5.4625,6.8705,13.4619,2.8173,9.7094,5.7273,5.504,6.5258,4.2555,7.0554,3.9245,5.5584,8.1856,4.4911,5.9623,5.6743,4.3807,5.7992,4.7714,6.5556,5.0034,4.7948,3.9093,6.8724,7.5323,2.3484,5.494,3.7907,6.1403,4.8996,5.6558,5.1951,5.1619,4.4452,5.6061,6.8791,6.5972,5.2911,3.784,4.0696,4.7508,6.8783,6.6619,5.182,5.1163,5.4788,5.5087,8.3755,6.0505,6.0832,5.6008,5.9909,6.441,4.6678,6.856
"NAT2",8.3412,4.5291,0.5588,6.4491,3.9321,6.1375,3.1321,6.2817,6.8534,3.6353,5.7826,8.2892,8.9084,7.1655,5.1492,7.6487,7.1139,9.3802,1.1987,0.9781,3.5578,4.6198,4.6841,1.1439,7.6677,0,6.9349,9.5453,6.2795,9.6729,7.9008,2.6374,6.7589,7.2312,8.1416,8.1739,3.4402,8.0933,4.1995,8.4626,0,5.4893,8.0111,4.5084,6.8158,6.6609,0,8.0554,3.7836,10.4928,1.3875,5.6943,2.2361,5.3988,5.0288,5.2221,7.1786,2.7865,0.6234,0,7.2378,9.8772,6.5751,3.6303,8.1807,7.3943,6.2393,7.9529,6.0023,5.6439,3.3461,7.3069,10.5188,4.5503,0,10.0132,6.1664,0,5.3811,3.2192,8.3467,1.3757,10.8278,1.8362,4.9016,6.2591,0.7114,10.4612,6.2476,10.8332,7.2187,5.4563,5.4243,5.1962,7.9148,6.5778,1.0562,7.1469,6.6014,0.7971,10.942,9.7622,10.7414,9.5175,11.3201,9.9322,10.6979,10.4717,10.6625,10.7627,10.9199,9.6946,11.0298,9.1729,11.4723,10.2332,9.5155,9.629,11.0376,11.0341,10.6383,10.9851,10.0589,10.8693,10.9465,10.234,10.6454,11.5003,10.8474,11.1895,9.7699,10.9751,10.3414,9.7785,11.499,9.9476,11.351,10.8756,10.6486,10.8341,8.4901,10.0985,9.5187,10.4333,9.9534,10.6168,9.7687,10.4428,9.8379,10.2016
"SLC3A1",5.1207,4.8561,2.3046,7.4069,7.8086,4.9388,5.6594,8.9622,5.2828,4.6413,3.8222,1.435,7.3041,3.3988,2.048,3.1898,10.6886,1.1051,2.9932,2.7697,4.8059,3.0509,3.6176,2.3312,4.6284,1.3466,13.65,2.4198,7.9346,1.8628,8.8489,7.4036,1.8548,12.8762,7.6419,4.4226,7.2236,5.916,4.643,3.0745,3.0121,4.3128,1.3752,6.129,12.1938,10.9122,12.0971,4.4984,2.5129,3.4893,6.3612,3.8811,11.2963,2.1481,0,7.5514,2.9629,5.6223,7.5412,3.2189,7.4886,1.1368,8.3958,4.6733,7.6074,3.9443,10.9978,9.9869,1.5279,8.0397,9.8645,4.6451,7.1414,6.1921,1.4922,11.1609,9.3227,3.8308,0.8217,5.0606,4.7841,4.5901,2.9056,9.1521,8.5411,4.7477,1.5421,7.7347,3.6084,1.0874,2.3452,2.6066,1.7471,6.6752,9.0082,2.4211,2.6775,2.1821,5.1686,1.3075,7.5294,8.5036,11.222,9.8199,11.2181,7.4452,9.587,12.2406,2.991,8.3452,10.4432,8.8355,10.8057,5.5436,8.2906,7.577,6.9325,7.0125,10.8568,10.8309,4.6569,10.0676,5.9237,11.49,5.0002,6.3159,8.3518,10.9409,10.2437,8.1588,9.3733,8.9899,11.6107,10.4652,5.7292,9.2252,11.1387,6.8156,8.943,8.9759,7.8906,9.0653,9.9308,9.4267,12.036,11.1435,6.2057,9.8619,8.7416,10.6551
"SLC6A19",0.8951,8.8412,6.7536,0.6855,1.0135,12.4806,4.2076,8.1963,0,0,5.9177,0,0.6503,0,9.692,0,1.0952,0,0,1.5558,2.0598,0.3461,8.6115,0,0,9.1442,2.2171,0,2.8599,0,0,2.0473,7.1127,8.5772,0.6558,0.6755,10.6087,0.9758,0,1.3766,1.868,1.0882,0,0.5691,0.477,0,0,0,0,0,2.8198,3.8568,2.845,0,0,4.9615,0,1.3074,3.8593,6.7333,0,0,5.4893,1.5614,0,0,0,7.0626,0,3.7161,1.5027,6.7188,0,0.5174,11.3807,0,0,8.2418,0.8217,5.3144,2.8502,9.8832,0,1.6796,9.1853,4.2563,1.5421,7.8703,1.0892,0,0,0.868,0,3.6605,0,0,0,0,1.5927,1.3075,6.9773,7.1324,5.9658,6.7611,8.1048,3.5818,7.5566,5.0742,6.3719,7.5406,5.4825,6.943,5.8908,4.0038,6.4289,6.876,6.1757,5.9669,4.1975,7.7736,6.2536,5.76,4.7376,7.091,6.6032,6.877,6.8323,7.1597,6.7877,5.6506,6.5165,6.9953,6.0014,8.0988,4.9068,4.9383,5.5965,7.1299,5.8286,6.5961,6.5636,7.8061,2.9502,5.7493,7.1094,6.941,7.7817,6.2467,5.5399,6.9591
"SLC22A12",0,4.8384,0.5588,9.1664,5.5499,2.4409,5.9353,0,6.4201,5.3222,0.6785,0,8.2531,7.3498,0,0,3.0682,9.4,0.7205,0,0,0.3461,0,2.642,4.4768,0,1.902,8.1923,8.8635,12.6514,0,2.7536,8.0728,2.4972,0,3.1313,4.1034,2.8646,8.5064,0,0,0,10.1862,5.8833,1.1212,2.2465,0,0,6.9629,7.7016,0,10.6639,4.0944,8.8804,7.6002,0,9.1739,4.7448,0,0,7.5771,7.792,0,3.0277,9.7102,8.5246,10.2506,5.1534,7.3979,1.2023,3.1613,0,0,0,3.6765,14.2974,8.3522,0,0.8217,0,6.0715,1.7623,8.6463,2.5296,3.0687,3.2722,0,4.3335,2.7307,2.4593,8.7501,3.3328,0,1.2961,8.1542,9.513,4.6292,5.5764,5.9733,6.7641,3.3023,0,0,0,4.2907,0,3.0859,2.6324,1.7988,0,0,1.3366,1.5119,2.6397,1.3907,3.3159,0.7157,5.9379,3.3482,0,2.3484,1.7502,4.0156,3.0465,5.6917,1.6176,2.9344,5.7305,0.6455,2.1361,0.9886,0,2.6793,3.9635,0,0,1.5726,2.1836,0,0,0,1.393,0.8805,2.8261,3.7816,3.8435,5.2052,6.7054,1.3176,1.8886
"GSTA2",13.255,8.4178,12.8878,12.6181,12.0382,13.9045,9.7106,15.3972,11.6819,13.9435,7.8666,11.0104,11.4183,12.1138,6.4116,11.2756,9.7197,14.3496,0,9.4796,9.4568,6.9802,3.1379,3.47,11.6277,8.8288,12.8534,9.8702,11.604,9.8275,10.9799,6.9387,9.7969,14.3812,12.909,7.8659,13.8086,9.8299,12.7309,2.777,9.9259,9.0506,9.4765,12.9572,16.124,12.7701,9.5369,7.3321,8.5788,13.5882,5.2696,8.4999,7.4648,1.7173,4.9814,7.9286,10.7449,10.7648,7.7879,4.4041,6.0472,8.9373,9.2817,7.7173,8.8328,12.9235,13.8441,10.5279,12.3707,6.4692,10.1957,9.5407,12.865,13.9941,11.5047,13.3136,13.2986,0.6226,10.3766,6.6008,11.5663,6.4184,7.3126,10.7875,15.3762,14.0495,1.1857,12.0278,12.0812,13.4786,13.5078,9.3414,11.4106,9.1852,15.1713,6.8794,12.5478,5.4876,10.8468,7.0794,12.7354,13.8861,13.5768,13.0757,15.1504,7.1457,14.4658,11.6881,10.0438,14.2998,10.8981,14.1517,15.0351,7.5749,14.66,11.9989,12.3612,12.3671,13.151,13.0149,13.647,14.7316,10.2508,13.9238,12.8219,14.1609,13.4064,15.3842,9.7038,11.2237,12.5175,15.0688,13.2735,13.1421,13.8595,12.1504,14.3034,14.8948,10.656,14.8122,11.9635,11.9311,11.5868,13.9198,14.3529,10.9737,11.4489,12.9062,14.0663,14.7692
"CLRN3",0,1.6186,10.8296,7.3577,8.6599,11.4246,7.6323,9.0391,8.6886,9.1745,11.0695,2.9664,7.4766,9.0969,2.373,8.2554,0.6492,0,0.7205,0.9781,6.4146,6.8024,8.5275,0.8532,0.6849,2.0308,4.1966,1.0619,8.9042,2.1751,8.0905,4.452,8.5667,9.9239,4.8678,10.2544,7.8918,9.1471,8.8866,0,0.9133,2.9555,8.3837,2.1325,9.2942,7.8913,1.7571,8.0247,7.5793,1.4356,8.1282,8.3933,10.5863,10.4024,4.321,8.283,6.2435,7.4084,8.6239,3.1809,9.6479,1.7647,6.3127,4.7207,1.457,7.0407,8.8143,6.6896,1.9356,7.7955,6.6876,4.9283,6.619,9.0198,9.0852,8.5278,8.4514,1.3891,7.6966,4.8434,2.0376,4.0831,5.386,9.4787,8.1727,9.2463,0.7114,9.779,10.5999,9.8855,2.6092,3.0748,8.5157,7.1256,1.7737,1.2059,3.2684,8.2804,2.1244,1.3075,9.9244,10.058,9.7529,9.5152,10.2145,9.5677,10.9753,9.6659,9.8533,10.3156,10.2816,9.6919,8.6934,9.6918,10.519,9.5272,9.6679,9.3581,9.351,9.5031,8.9923,9.7086,9.1325,9.4087,10.168,8.4135,10.1309,9.9209,9.231,9.7225,8.8258,10.1923,9.0296,8.988,10.1362,8.8754,10.556,10.1848,9.2628,10.151,10.1318,9.9885,9.7062,9.9976,10.6297,10.3849,9.6268,8.9945,9.4971,9.7246
"CYP26A1",7.684,5.624,1.2745,0,1.3382,2.6248,5.2923,0,4.8036,0,0.6785,1.435,2.318,4.1268,0,6.2565,4.1276,8.8283,3.9306,5.3833,3.6334,3.5327,3.1379,2.2107,8.6203,3.561,7.6299,8.6756,2.6954,6.0739,4.3968,3.3041,1.207,6.9282,8.4261,7.7264,1.2677,6.7524,2.4177,0.6156,1.868,3.6808,4.0283,1.553,6.588,1.2657,0.8427,2.8886,0,3.6932,5.0585,1.131,0.6947,1.1004,2.0582,2.5355,1.7073,1.6837,2.0852,1.8161,1.2369,5.5224,4.82,2.7068,0,1.883,0.9587,8.2432,0.9574,2.9888,6.0795,6.0212,7.3748,3.0589,4.1879,6.778,3.539,1.3891,3.2391,3.595,6.2972,5.3246,1.3731,1.9775,0,4.575,4.1865,8.7385,1.7027,8.1635,1.0146,5.5095,2.1684,2.6912,8.1419,1.6681,5.3554,2.3185,3.9177,3.0663,8.6308,12.6738,12.5923,10.5517,10.4683,6.217,10.407,9.6176,10.7336,8.619,10.7021,10.2847,10.2466,8.1239,11.0757,10.0335,8.4607,7.7884,6.158,8.5451,7.7402,10.453,7.0917,6.7275,6.4415,8.1236,8.1399,9.3389,5.4371,8.2602,9.0646,10.6123,9.9879,6.9948,9.8754,5.262,10.608,6.0753,8.4167,5.313,11.2635,7.6973,5.5102,8.1562,8.781,7.3133,6.626,7.4547,8.7734,7.9375
"PTH2R",8.5476,6.8441,0.9606,8.6418,3.0236,9.2959,8.7045,9.6945,0,0.4792,0,0.8891,8.0007,0,8.4918,5.0534,9.4916,8.1092,1.1987,0.9781,10.3185,1.664,0,7.9505,9.4101,8.0152,0,0,0,0.5256,9.1014,1.0317,1.207,0,0,9.2626,1.6377,7.4552,9.6421,0.6156,0,9.9656,7.1292,0.9761,8.4628,0,0,4.2184,0,9.8694,2.3335,0.482,7.1625,6.7774,7.0537,0,7.0974,0.797,0,7.9252,0.7471,1.1368,7.8247,0,0.6616,6.1587,0,2.206,6.6149,2.0128,8.0502,1.4237,9.2963,0.8974,0.931,8.2076,2.0127,4.427,0,0.9438,0.6018,9.4086,0,0.4513,0,0.8379,8.6575,0.8208,0,7.2238,6.9595,0.868,10.2625,1.0647,3.7973,5.5465,0,8.0173,6.6697,9.6072,4.294,2.5507,2.3201,2.7347,4.3923,2.3548,2.2465,1.3138,2.7624,5.2493,0,6.0901,2.2338,2.0943,1.3907,1.0839,4.197,0.6975,1.0146,2.573,0,2.1846,1.1158,1.8642,5.5133,0.7567,1.5818,3.4873,3.1539,4.1682,0,1.9922,2.4606,3.0531,2.9161,1.1286,0.9907,2.1836,0.8647,1.7135,2.3802,3.5325,5.6129,2.6031,2.0663,2.4468,3.0748,2.2857,1.3176,2.2028
"SYT9",0,0,0,4.4783,0,0,0,1.3603,0.8233,4.1653,0,4.1731,0,0,1.0322,6.0516,2.3155,0,1.5573,0,0.7083,0,0,3.7111,3.0516,0,8.8047,3.3569,1.3589,0,6.3362,0,1.8548,6.6894,8.6576,1.9948,1.6377,3.415,0,0,0,0,2.6102,0,3.4322,0,0.8427,0,2.434,0,0,6.4574,0,0,0,0,1.0927,0,0,1.0062,0,1.1368,2.9843,0,0,0.6208,0,4.9026,0,2.2936,0,2.7845,5.1573,6.8919,0.931,0.3372,2.8218,7.7319,0,0,0,0,1.3731,0.7945,0,3.6793,0,7.2766,0,1.7003,4.5513,2.9261,7.3379,1.9676,0,0,0,2.9702,0,0,7.3586,7.8568,7.6884,6.7611,8.1919,6.332,6.7763,6.2903,8.3032,7.1225,8.0257,7.4816,7.9006,6.4376,7.0219,5.4813,6.2748,2.8514,7.614,7.5394,6.329,8.3226,8.0165,7.5225,7.6948,8.5445,7.5162,7.7516,6.3721,8.0453,7.8841,8.2268,7.6446,4.5173,8.6454,4.852,8.1564,7.4697,7.9549,7.6983,6.3935,8.011,8.9723,7.2115,6.6718,6.8809,6.7639,7.6058,6.5703,8.5009
"SPP2",14.8738,6.5991,5.297,11.0245,1.603,11.4745,10.5991,8.5103,10.5769,0,9.2931,11.776,5.9259,8.947,10.3043,12.0462,11.0425,10.4779,0,12.7223,10.9152,1.0597,7.2951,0,10.8796,2.8425,9.5118,10.766,7.9783,8.3517,11.7765,10.0384,13.7603,7.6027,10.317,10.8281,12.198,9.3054,3.5678,10.6209,11.0464,11.9662,11.1461,8.5481,10.6412,7.524,6.9994,4.4474,8.4172,10.3577,9.2591,6.1298,11.7252,0,6.584,9.8628,8.9576,11.719,12.7159,6.7604,7.0658,9.4611,10.2154,9.7105,9.0336,11.327,11.6799,11.4624,7.6487,9.3224,9.1534,9.3896,10.8523,12.4258,2.2099,7.9402,6.7915,1.0562,10.995,13.2082,7.7878,8.6685,12.1656,4.3807,10.4364,13.3505,9.9727,12.7923,12.8708,13.9515,10.4812,7.8734,10.7695,7.7184,11.7535,9.1655,13.7297,4.2654,7.7994,12.8016,12.68,12.9819,13.1491,12.2198,13.5173,12.9554,12.6577,13.106,11.8181,12.4976,12.656,12.844,12.9903,10.047,12.9231,13.3173,12.1547,12.9266,13.4271,13.4089,13.2053,13.2519,12.4026,12.6289,11.8934,13.0361,12.8929,12.7423,12.3733,12.3099,13.0363,13.4318,12.6418,14.0716,11.9475,11.324,13.2362,12.7918,11.8577,13.4293,13.5197,12.9044,12.8095,12.2985,12.7116,12.1703,12.5569,12.0304,12.3462,12.8405
"NOTUM",6.0889,6.8614,6.6757,4.3551,5.4858,4.0447,6.8116,4.1891,2.8389,2.0538,1.4862,6.3714,12.4362,5.3626,5.1278,7.2383,7.8946,12.2607,0,6.5711,7.4381,2.0886,5.0094,9.3783,14.1729,3.1237,5.8242,13.1466,5.0479,14.7024,6.8899,13.8101,3.3448,8.2151,10.47,7.8435,7.133,9.9476,0,5.8698,6.109,2.9555,14.318,14.306,5.6202,8.1769,8.4871,6.9484,15.0351,0.8895,10.3828,12.2231,7.3216,12.6563,11.1343,2.5355,12.0815,13.6487,10.5117,9.2303,9.5944,13.6139,6.7865,12.4734,12.2039,13.5771,7.2387,12.726,14.4757,8.1528,5.0878,8.4275,8.2025,3.4491,5.2197,11.1846,5.3563,2.5503,3.2391,4.534,6.9564,8.5415,15.0364,2.5296,6.5502,10.0691,4.7619,9.1829,10.3329,11.2716,11.969,12.5046,6.4327,4.3425,8.5546,14.4812,4.6292,2.6153,6.3513,6.3469,9.8763,8.688,8.03,7.7544,9.2517,9.3711,8.6899,11.0243,8.2994,9.018,9.7018,8.6214,9.5275,7.5194,9.0647,9.7003,6.9504,9.48,9.1032,8.9864,9.724,8.9237,8.5844,9.7502,9.197,7.6706,9.9333,7.4651,8.7554,9.2007,9.9658,9.8002,9.205,10.296,4.9511,9.6115,9.6107,9.8709,8.3816,7.8721,5.9539,8.1742,7.1527,9.3837,10.1279,10.3198,10.3734,10.1934,4.5477,8.5606
"GCK",5.6192,4.3453,0,0.6855,1.603,1.983,0,1.3603,1.3441,11.1061,1.1382,9.8632,2.318,1.021,3.0558,4.0568,8.4579,0,1.1987,1.9671,2.4428,0.8586,1.8483,2.5456,10.0157,1.3466,10.4348,2.8037,5.5597,0.5256,9.7175,0,0,11.1421,10.3428,1.7606,1.2677,11.7248,2.6846,0,3.162,0,0.6483,0.9761,11.0317,13.0126,3.5978,0,1.6789,0,1.5946,0,0.6947,0,1.6368,2.1463,0,0.797,1.8886,3.5348,0.7471,0,2.6523,0.4062,11.2765,2.4065,10.958,3.3635,0,2.2936,6.6961,0,10.343,4.7941,3.5704,8.1999,1.332,5.3169,1.7235,0,8.0721,0,1.3731,0.7945,2.1241,4.2563,2.2703,7.1185,5.6453,5.4135,2.8323,1.4061,5.998,1.8267,1.3857,0.5217,1.0562,0,2.8173,0,6.6352,4.3531,5.1434,3.9732,5.7123,3.4063,3.8185,6.2202,4.7785,6.9553,7.6886,2.2672,3.4835,1.2066,5.0636,8.3426,2.4583,6.568,4.9824,10.0943,6.8832,6.1919,2.1704,6.8398,4.5967,4.97,6.6246,6.9373,6.1145,8.6681,9.5564,8.3862,5.6337,2.5526,3.0847,6.3093,6.9123,6.8598,3.9799,8.3993,3.8748,3.4274,4.8029,6.1712,8.2969,6.2608,3.7416,4.8789,2.6378,6.2436
"GPR88",5.8301,10.6937,12.3673,9.174,3.4167,8.3931,0.72,10.6365,6.2112,9.6246,10.5775,12.7156,0.6503,10.8231,6.2125,1.506,5.2455,6.2878,4.4837,11.7508,7.0328,0.625,1.8483,3.666,3.9045,5.415,5.2972,6.6823,4.6132,5.8614,12.2545,1.627,1.8548,7.2256,9.5446,3.6259,1.9318,3.8125,1.6652,9.0072,0,9.1498,0,3.2786,14.1539,12.9122,8.624,2.3229,5.7742,13.0497,0.8545,2.1923,5.916,2.4794,0,2.6967,9.0344,4.4362,1.0573,5.5198,0.7471,3.3209,5.3948,3.4272,4.1597,7.4618,10.6357,5.6452,6.1046,2.4159,9.7692,4.1561,8.7251,13.7242,4.0367,7.1537,8.78,3.8026,10.3866,3.2192,11.205,0.8459,2.7721,2.7024,9.5406,10.1994,4.2362,9.3997,1.4283,8.1291,5.4878,9.6477,12.6319,8.3405,6.4477,3.9828,7.0636,9.4537,10.9287,6.4109,6.4428,10.8071,8.7506,9.6934,8.0973,5.8562,7.6403,8.2236,5.1245,7.1449,4.9136,7.1353,8.817,7.1525,6.3594,5.9679,7.7516,7.272,8.8994,8.2923,10.1025,6.304,8.0035,7.8543,6.4697,8.9804,6.262,8.2104,9.6111,7.4584,6.2628,9.6717,5.4377,4.2205,8.6655,9.3363,5.3741,7.1023,10.9492,10.6034,9.7054,8.2875,6.8917,4.3426,5.0851,5.852,7.853,2.4652,9.4222,5.4074
"COX7B2",0,0,0,0,2.8305,0,0,3.2661,1.726,9.8514,0,9.8039,8.605,0,0,8.7475,0,8.5334,0,8.3739,0,6.3587,0,0,8.742,8.5307,0,0,0,1.2132,8.5336,0,0,0,4.9235,5.1059,0,2.7655,0,3.9911,0,4.4852,0,8.1168,1.1212,0,6.5999,1.3792,8.2707,2.6124,0,0,5.6219,0,0,0,7.2661,9.029,0,0,0.7471,0,0,8.8745,0.6616,1.0534,7.5962,5.9158,8.891,0,9.7479,0,0,8.6686,0,9.5186,5.0825,6.1311,0,0.9438,5.2185,0,0,0,0,9.6068,0,1.3408,0,5.2093,0,0,9.5867,4.5584,0,7.9541,8.9866,0,0.7416,0,0,0,0,0,0,0,0,0,0,0,0,0,0,0,0,0,0,0,0,0,0,0,0,0,0,0,0,0,0,0,0,0,0,0,0,0,0,0,0,0,0,0,0,0,0,0,0,2.7685,0,0
"IP6K3",1.4434,7.9346,1.2745,0,7.5621,5.2163,1.1982,1.3603,3.2423,9.4649,7.8777,1.8302,7.081,6.6412,6.1395,1.506,8.0199,1.7235,6.9473,8.2644,2.7452,7.2936,3.9359,2.5456,8.9636,7.096,10.5225,1.0619,9.2391,0.5256,4.9036,4.6749,5.5484,9.571,10.9559,1.1337,3.3434,10.1508,0,1.8722,6.4669,2.3049,0.6483,0,10.1895,11.4462,5.5792,10.4369,0,2.1408,5.3143,0.8427,3.9859,6.5319,0,5.9858,8.1849,4.8954,1.0573,5.1205,3.2956,4.4583,8.1375,4.6663,4.7646,0.6208,9.1476,4.7994,1.5279,4.3586,8.413,5.5372,10.9817,7.268,0.931,5.8149,10.9324,0,0,0.9438,5.0256,2.8835,0,1.504,7.8292,3.9235,6.8305,3.3501,0.6451,1.0874,3.7273,0.868,1.3207,6.5117,0,0,9.5696,10.5419,8.335,0.7971,5.1164,3.422,1.7639,7.9845,5.8965,6.1765,6.1352,4.755,10.0894,3.5721,7.9505,2.6643,6.4294,9.2243,3.8863,6.5537,5.1309,7.5839,8.3098,9.5867,8.4088,6.2823,8.7382,8.2131,7.5302,10.6195,3.3649,8.6416,6.6404,7.5657,10.4324,8.0517,5.5804,6.5835,9.9966,5.5809,9.0529,5.9362,8.4339,3.1041,4.7135,7.0256,10.4681,9.808,10.6278,7.3383,6.391,3.6585,6.1376,9.3771
"HPD",16.1688,12.7421,11.8996,14.8468,5.216,15.174,15.5497,12.392,15.5422,3.9245,8.5466,13.7154,15.3393,15.7608,8.1561,16.8809,14.5475,15.6498,2.4682,12.2367,15.1442,6.0693,9.523,5.0022,16.465,10.6875,13.1725,16.5774,9.3728,16.835,13.7516,10.1679,13.7374,12.7898,15.3415,14.3726,14.0345,14.9526,13.4298,11.7162,12.5345,12.9976,15.508,10.8229,15.3463,12.2866,14.2852,15.1668,15.8695,15.7784,11.4369,16.1357,14.9771,18.4384,17.6411,8.8654,15.5176,10.0718,5.0632,2.9176,17.0636,16.9507,11.9353,11.3005,16.3015,15.8907,13.5472,13.9463,11.8487,11.6042,11.6761,12.7399,14.2592,14.4358,8.5594,15.6093,11.1057,1.887,11.3109,5.2103,15.7133,12.6497,16.4604,10.1713,13.9665,14.1692,8.1817,15.4989,15.3176,16.7562,16.1491,9.1825,8.6437,9.7239,16.5887,15.0686,13.7001,12.2999,10.841,15.0848,16.3001,15.782,15.9608,15.3979,16.4787,15.3299,16.0185,15.6204,16.2487,15.6884,15.8412,15.0527,15.777,14.871,17.0394,15.5242,14.6061,15.3865,15.6392,15.5049,15.7074,15.9486,15.4586,15.5098,16.1084,15.4245,16.1461,15.5229,14.9842,15.5554,16.0518,16.1623,15.2687,15.3033,15.9834,15.2796,15.8101,15.9538,15.0172,16.1682,15.5181,15.4735,15.6605,15.2519,16.3125,16.2416,16.0705,15.9674,14.8814,16.2217
"TINAG",0,2.7053,0.5588,7.4856,7.4062,0,1.5567,5.1806,9.797,2.614,10.278,1.8302,8.0071,0,0,0.9413,0,0,0,0,0,5.9792,0,0.4887,0,10.8723,0,0,8.9977,0.91,1.5193,0,7.829,1.7324,0,1.9948,9.4583,0.5688,8.8566,7.708,0,5.9498,0,7.5181,0.477,0,2.7123,0,0,9.2418,0,7.9665,0.6947,0,4.2428,0.7531,0,1.3074,1.8886,0.5891,8.4189,0,1.6009,0.7229,0,1.0534,10.9317,0.6006,0,3.1384,9.2921,9.3211,0,7.3389,9.5276,9.8772,8.6928,0,1.3419,0,7.7327,8.724,0.6136,7.0456,0,5.8305,0,0.8208,0,0,0,0.868,0.5843,2.2138,6.461,0,4.5649,2.3185,0.7416,7.3706,0,0,0,1.0917,0,0,0.9533,0,0,0,1.2169,0,0,0,0,0,0,1.1657,0,0,0,0,0,0,0,0,0,1.0154,0,0,1.5697,0,0,1.1484,0.9527,0,0,0,0,0,0,0.8585,0,1.0109,0,1.4165,0,4.5613,0,0
"CXCL6",3.2628,9.8961,0,7.0552,11.4935,0.7977,1.1982,5.9572,5.4622,0.8383,0,0,4.2214,5.5486,4.1474,5.0534,6.477,2.4866,0,0,8.2747,12.8152,6.3509,6.1693,0,0,4.8721,1.6669,9.3745,0.5256,6.9401,0.6062,1.207,4.9086,0,0.6755,3.0069,6.9904,0,7.1662,2.4375,2.1304,0,0,2.6072,5.3168,5.2287,5.9129,0,8.7069,5.467,0.8427,0,0,1.0391,7.9725,7.9138,0.797,0,4.6265,1.2369,3.5597,9.4036,0,0,3.2635,0,9.2845,5.375,9.127,10.1444,8.3252,4.1635,0,5.5054,3.1957,6.9115,6.986,7.8388,0,6.3712,5.8879,2.0637,5.9619,0,7.8414,4.9521,8.2173,0,0,1.0146,5.9555,4.2076,10.6396,5.0556,0,1.0562,8.8172,6.8145,2.4398,6.9974,9.0626,6.0552,7.2852,6.8311,10.6181,8.5164,4.5415,7.2024,5.5469,8.7924,6.9341,6.1942,7.8367,6.0769,7.1844,8.589,7.6479,6.9596,7.6502,7.6665,7.6912,8.8772,6.0232,8.1259,7.3613,6.9456,8.2593,6.9676,6.2423,7.1371,4.7179,7.9215,6.8037,7.5263,6.4134,5.8397,6.5546,6.162,5.5883,5.8526,9.1284,5.8627,7.4893,6.479,7.7903,8.2665,8.3254,10.4946,7.4502
"PITX1",0,7.3867,9.0913,2.8243,9.0255,7.5754,5.9951,6.38,5.1855,4.776,9.5654,0.8891,2.143,8.214,9.5033,2.4857,0,0,6.025,2.2868,5.98,7.5675,9.0399,9.8005,0,8.2158,1.902,3.3569,8.151,3.6354,2.2428,8.8504,6.827,6.3526,0,4.8612,7.297,0.9758,7.762,2.3944,0,1.0882,4.76,7.4196,4.4177,1.5224,0,4.9366,0.5265,4.9062,5.3288,7.2266,0,3.9886,4.4658,8.7252,2.137,6.1952,2.7962,5.7263,2.3422,3.6994,4.6435,3.3372,0.6616,7.7944,0,0.6006,9.0038,7.1134,8.5274,1.8173,0.8844,0,9.7459,0,9.6634,9.7818,3.5539,0,3.5692,7.3263,0,10.4881,6.3745,2.5171,9.1275,1.3408,0.6451,0,0,5.156,0.5843,8.2101,0.8532,8.1146,4.7499,6.9214,8.8706,4.4365,0,3.9614,0,1.7059,1.2801,0.7535,2.5063,0.8015,0,0,0,1.7173,1.5119,0,4.5674,1.0839,0,0,1.0146,1.162,0,0,1.7374,3.7595,1.4427,1.2505,0,0,1.9342,0,3.4386,0.8029,0,0,4.7651,0,0,0,0,0,0,1.7822,0,0,0,1.0793,0,1.1966,0,0
"KRT7",7.2098,9.6531,6.111,8.0298,8.7204,6.1069,4.4828,9.2581,9.4661,3.7664,7.9426,2.7999,5.2046,8.4318,3.5817,8.9301,11.6483,1.7235,1.1987,0,9.0661,10.5178,12.3957,5.205,3.0516,2.0308,2.6948,4.8984,10.2048,2.1751,10.0496,0.6062,9.5969,10.1865,4.1909,6.11,9.8883,8.3349,8.0311,7.549,3.9198,1.4272,11.2749,1.553,9.0205,5.8256,9.3068,3.171,7.3686,2.8007,8.5135,4.4869,1.5138,14.4484,6.0983,11.2084,1.0927,6.3203,3.1872,9.1984,6.0619,2.3776,8.1038,0.9824,2.7694,8.0114,11.3587,12.2959,4.0063,15.3584,6.7297,10.8918,7.3822,12.5986,7.2603,2.9227,7.4472,9.4667,5.0208,5.6689,7.2394,7.5268,2.9802,6.3733,7.2173,12.6041,11.2353,10.9767,5.4728,4.5544,10.6647,8.4444,13.2629,12.5874,3.7973,1.4554,4.1915,6.741,8.3499,9.3461,9.3868,10.994,9.2212,10.2599,10.4741,13.488,11.2146,7.5733,9.2213,9.4631,11.1229,9.3138,7.8494,8.6247,9.6096,9.9346,10.5252,10.023,9.2434,9.8199,9.1832,8.0921,10.4003,9.2904,10.5149,10.1277,9.22,9.366,8.761,8.0637,9.6389,8.9196,10.0095,11.2867,8.6421,9.1057,9.0203,9.4158,8.3957,8.9488,9.5501,12.2399,9.5121,9.0358,9.9749,10.1244,10.5277,10.4374,12.9234,10.8239
"NQO1",7.9174,13.8064,6.5791,14.3787,15.6505,7.5586,6.6811,7.7893,15.0364,5.4577,7.9105,6.1469,10.0633,14.2843,9.2754,7.3483,11.9782,14.3929,8.3407,6.5563,7.5448,13.1841,12.4256,13.7775,6.7045,15.8606,6.9022,5.2053,13.4578,6.467,6.1778,8.5583,14.3926,6.9555,7.0715,10.8761,7.6196,7.3045,15.3089,12.9945,11.26,6.2671,4.5663,7.0289,7.3047,6.8484,5.8999,12.1485,7.2316,9.5998,12.2067,13.2269,5.4074,11.889,13.885,10.8346,6.5873,5.9068,7.4912,7.0066,15.0695,6.7985,7.3935,3.6303,5.2347,7.3185,6.8942,10.4771,15.8822,8.7139,13.287,14.0049,7.2115,6.5238,15.5224,5.8744,15.4069,5.678,13.078,13.6861,8.0241,12.784,5.3301,14.4598,6.1055,8.1954,11.6441,8.645,10.1082,8.1057,13.9719,6.3108,12.0195,10.7208,11.8659,7.4674,14.3514,12.0291,13.6159,5.8529,8.3813,5.6321,5.1434,5.6335,6.0599,5.9229,8.3972,6.8873,5.3749,5.1642,6.6487,6.3684,6.8324,2.7837,6.86,5.0159,6.7237,9.5759,8.5408,5.8093,6.7579,4.9879,7.5793,6.8564,7.266,4.4839,5.7766,9.2832,7.0981,4.7261,6.7587,5.1993,6.3747,11.4054,7.3719,7.2893,5.5053,7.2607,4.9717,5.8194,6.3384,8.2724,3.8537,6.4478,7.2571,7.1476,10.0804,7.8435,6.8663,6.2264
"LGR5",0,5.178,0,2.8243,0.594,4.2822,0,1.3603,2.0277,0,1.4862,0.8891,8.56,2.8432,4.9923,0,3.4142,9.5843,0,9.1532,0,2.4162,6.0161,1.3857,9.8393,3.3589,0,10.3915,4.0574,10.5614,1.263,10.0668,3.5196,1.112,0,6.7372,6.3811,6.1416,1.6652,1.6456,4.8271,1.9318,11.8028,10.3479,2.8616,0,0,3.0367,11.1075,0,9.1939,11.218,1.7966,9.6494,8.7911,2.354,9.0093,8.3724,10.5533,7.52,7.6176,11.7611,5.0321,10.7486,10.501,9.7112,0,10.1748,6.8212,3.2078,6.0264,9.0664,0,0.5174,1.4922,10.104,3.1849,6.7747,0,0,4.4399,8.4752,10.2422,3.9376,1.2288,3.1496,4.1865,3.8871,4.5228,5.1647,9.8823,10.3703,0.999,2.6912,6.0514,11.2544,7.395,0.6505,5.721,0.7971,6.2878,4.9526,5.9094,5.6335,5.6314,5.9065,5.2295,7.6285,6.8461,5.2074,5.3482,6.0901,6.9666,6.767,6.6313,5.2462,3.0117,5.3934,4.3496,5.0522,6.7469,6.3466,5.3872,6.2653,6.243,5.6227,5.7766,5.4222,6.6073,5.9959,6.5773,6.1646,5.6851,5.0811,8.6622,4.6623,6.4734,6.3028,6.0232,4.4274,2.6456,4.2395,2.9502,4.8284,4.5433,6.6204,4.9973,7.8354,1.6955,5.6596
"SLC34A2",0,7.0078,0,2.3945,0,2.9344,2.7709,3.673,0.8233,1.5705,1.1382,0,10.895,2.3554,3.45,1.506,5.484,1.1051,0.7205,0,0,9.6632,10.4832,0,0,0,3.3397,0.6265,7.2406,4.7975,0,0,0,3.0958,0,0,2.1761,4.2016,0,0,0,2.3049,2.3136,0,0,0,0.8427,9.3521,0,1.8309,9.6125,0,0,10.8816,6.7201,9.6675,3.9751,1.6837,0,7.6122,0,3.5597,6.6295,0,0.6616,0,0,8.8143,2.5133,8.6654,3.7252,6.9911,2.3868,0,3.1953,2.2284,3.716,5.4296,1.3419,0,5.7632,3.0316,4.2089,1.6796,5.7569,5.9998,5.1721,7.3798,0,0,0,3.9094,0.5843,9.2548,1.3857,0,0,11.877,4.3568,0,6.9671,7.7195,6.0377,7.762,7.3309,8.1956,6.9719,4.8323,7.4338,6.7516,7.6793,6.4078,5.5351,5.4648,6.7005,7.4384,7.4779,6.7623,6.4038,7.4245,6.442,5.3222,7.0541,6.3259,6.5644,5.9628,7.9629,7.2003,5.3599,5.9959,5.8601,6.6007,6.6453,6.6978,5.8595,6.2203,5.3741,6.3661,7.0121,6.1785,4.977,8.2609,5.7319,6.4309,7.9202,6.579,6.9487,6.3869,9.376,6.3431
"CHI3L1",6.5258,13.9794,4.2096,10.4569,15.0038,11.6207,2.0828,5.0156,12.0723,12.4937,5.4672,9.6835,16.3573,15.8289,6.5058,7.7134,14.4479,16.484,6.3454,9.4874,5.3327,7.9478,11.1269,7.5491,17.4357,7.096,15.1678,9.9269,11.0088,14.9223,10.0136,7.9173,3.8162,10.3091,5.079,13.9131,8.998,14.525,14.4119,4.2948,7.6293,6.4361,7.62,10.2057,9.255,6.0254,12.9983,11.7764,14.4709,7.279,12.1297,12.6307,8.7112,16.5948,16.2842,12.7386,14.0476,11.2337,13.3541,12.937,6.0021,13.1165,7.6633,11.1326,12.7603,11.5405,13.2047,12.3953,12.9537,9.0884,11.5829,11.6031,12.0457,13.3096,7.1724,14.166,16.2578,4.0577,9.7427,3.9799,14.8995,6.5346,15.9244,7.412,14.1471,10.6248,13.4167,12.6631,10.161,11.9254,15.81,9.847,5.9169,13.5118,4.0288,12.5147,14.5362,11.9558,12.7406,3.3003,11.3885,11.0861,9.3344,12.2212,9.9652,12.2957,13.2565,12.9962,12.767,6.8227,14.5692,8.1536,10.9511,12.3528,12.7103,14.9792,12.5572,14.2195,12.9989,12.0038,10.3659,9.8956,14.4731,11.547,12.8908,11.2669,8.5814,12.4908,12.4799,10.5095,13.8502,8.4855,12.6491,12.8252,12.088,9.6267,12.2572,11.7947,10.4359,10.5749,8.3011,12.0262,14.1535,13.6208,13.2575,13.5452,13.1708,11.4443,12.728,12.1812
"CTNNA2",0,0,0,4.2667,0,2.4409,5.8569,0,0,0,0,4.8208,9.176,1.021,4.4181,0,6.0396,10.4269,0.7205,4.6016,4.3681,0.3461,0,0.8532,10.2817,0,0.9354,0.6265,0,8.2197,1.5193,4.5835,1.207,0,0,1.1337,3.0069,4.1238,2.6846,1.3766,1.868,3.8023,8.5567,8.7398,0,2.6205,0,8.6601,9.8958,1.8309,1.9367,0.482,0.6947,8.3736,3.7717,0,9.6735,5.1563,1.6609,0.5891,2.5233,11.9529,2.8278,3.29,10.5188,8.8155,0,5.5687,11.3878,0,0.6881,5.2165,0,0.5174,0,0.3372,0,5.3363,0.8217,5.5602,8.0441,0,11.7129,0,0,3.2722,0,2.6702,5.6774,10.0056,4.42,6.7693,1.3207,2.2138,0,9.3597,0,10.7461,2.8173,0,2.8491,0,0,1.0917,2.4021,4.6832,1.5224,0,0,0,0,0,0,0,0.8568,4.4775,0.7157,3.0807,0,0,1.7889,1.1257,1.7374,0.7314,0.8946,0,0,0,0,0,0,2.2397,0,3.7189,0,1.1286,0,0,0.8647,1.3333,2.3802,0,0,1.0109,0,4.7924,1.162,4.8789,0,0
"GABRB3",0,3.6706,0,0.6855,8.5582,2.23,1.5567,8.3218,0.8233,5.6511,1.4862,2.395,2.318,2.4936,1.0322,0,2.4715,2.4866,4.2581,0,8.4679,7.0108,7.4533,0.4887,3.5774,0,9.9299,0,1.3589,0.91,4.4896,1.8524,1.207,1.112,1.1049,1.7606,1.9318,3.9542,0,0,1.4682,3.2397,0,1.7731,0.8347,1.2657,2.3124,2.537,0.5265,7.9456,9.015,0.482,0,0,0,6.6592,0,6.7341,10.8851,1.5932,0,0,5.8152,2.3863,0,3.6814,1.5297,7.5928,4.441,9.9716,6.6704,1.8173,0,0.5174,0,1.0379,1.5962,2.4109,1.3419,11.4168,4.3694,0.8459,0,1.6796,0,5.218,1.1857,7.6292,0,0,0,2.7603,5.3018,4.119,0,0,0,0.6505,1.5927,0,8.8124,7.8568,5.7686,7.7316,5.7511,6.3197,8.791,4.941,7.5208,7.9994,9.1359,7.4878,5.1773,7.9781,6.3876,6.5537,6.6049,9.0381,6.8744,5.9746,8.6246,6.4863,8.3098,6.8969,7.7185,7.0891,8.5017,6.1799,5.0017,6.4803,2.98,5.4897,6.7577,8.1084,8.5039,4.8221,4.5671,7.6267,6.0232,8.616,8.1437,7.9835,4.6176,8.9346,4.8395,6.0346,7.1253,7.6667,6.5928,5.8742
"PDZK1IP1",10.4635,10.748,4.1339,7.2976,13.924,4.7855,13.3537,12.4594,11.9985,6.9068,4.0543,2.1401,9.9819,11.376,2.048,10.8123,11.4268,13.0019,2.9024,0,11.5289,13.7082,6.3042,1.5927,7.6591,4.1679,10.4118,10.6501,7.625,8.7657,12.5772,1.3599,9.1049,9.672,11.5824,2.1962,12.2256,7.0858,11.3245,2.5335,1.868,4.521,8.0269,3.2786,12.3456,11.9065,10.1093,12.0388,2.547,13.2368,7.268,9.1764,4.9103,6.5671,5.63,6.6494,12.6009,2.6234,1.8886,3.0983,7.5302,8.2238,5.1021,2.969,3.5201,7.0524,11.777,9.8503,5.6701,11.6368,9.9847,8.2435,8.3668,13.4436,7.3432,10.194,11.246,5.3555,11.5255,2.9002,8.105,4.931,4.7249,10.9658,3.4696,11.4964,4.6565,8.7282,4.334,0,11.1018,6.4803,9.8645,11.2267,9.5324,6.8027,2.9024,12.9085,5.7025,10.075,6.5828,8.2124,6.4206,5.7594,7.0016,11.3619,7.6335,5.6448,5.774,6.0041,8.6851,6.3002,5.3834,5.1025,6.7983,6.5537,7.5975,6.0369,6.1373,4.9691,4.4777,5.0916,8.2279,5.948,6.5111,5.3329,5.5702,6.1595,6.0545,3.2463,5.4371,5.2283,6.4949,10.7535,7.2263,6.2431,5.6256,5.4138,5.0807,5.7999,7.4384,7.6337,4.4611,5.8794,7.7167,10.1766,8.7744,9.5675,8.7832,5.5529
"SLC22A11",0,7.1337,3.681,9.9602,9.4761,6.1069,4.1561,0,7.4628,3.3309,7.9033,0.8891,10.1634,7.0414,3.3793,1.9109,4.9331,8.6864,0.7205,1.5558,3.5578,2.5558,2.6326,1.7737,7.7556,6.6405,0,10.3023,8.6069,12.0419,0,9.5644,8.5416,4.0089,1.447,8.0099,5.3115,3.5989,8.6883,0,3.7407,0,10.5717,10.4876,2.8616,3.9554,3.0251,2.3229,9.6704,6.9613,0.4895,12.3401,6.7957,12.8854,11.0529,3.8097,9.296,7.8569,2.6793,3.5348,10.9198,11.6635,5.5656,7.9552,11.4979,11.1662,7.7993,8.1121,8.0737,6.0359,6.9165,5.0059,3.2419,0,7.3432,11.8404,8.1227,1.3891,3.1168,0.9438,7.7979,5.5864,11.1218,6.2394,4.403,6.3868,2.2703,5.1801,8.0613,7.1572,9.705,8.0811,1.9985,1.2961,8.3235,12.045,6.1531,6.3558,6.1199,7.6608,4.7864,0.8559,1.7639,2.9611,6.5303,3.095,4.0805,4.0533,4.3225,2.4215,2.9303,3.3439,0.9455,4.9581,3.053,5.2462,0.7157,7.1256,3.486,4.095,4.4777,1.7502,5.6445,3.8282,6.9822,3.9524,6.299,5.1997,2.1329,3.2463,4.1483,3.8483,4.7129,6.1856,0,1.9877,2.5694,3.0154,2.099,2.2629,1.6337,2.9079,2.1257,4.8284,3.5394,4.7631,5.7933,7.0876,2.8012,4.1793
"SLC5A1",1.4434,3.6706,0.9606,0,0.594,1.6847,2.6271,1.3603,1.3441,0,1.7664,0,0.6503,0,2.2196,1.506,4.7006,0,2.2887,0,3.208,1.2361,7.4955,1.1439,0.6849,0,0,1.0619,5.9181,0.5256,3.2326,1.8524,3.1459,2.1649,0.6558,0,7.4901,6.3004,0,3.1672,0.9133,0,0.6483,0,0.477,3.8185,2.0613,0,0.9113,1.4356,6.9428,0,0.6947,5.1886,1.0391,9.551,0,1.6837,0,5.455,1.2369,0,6.6176,0,0.6616,0,1.5297,8.8192,0,3.9767,2.4002,4.8463,1.823,0,6.0504,1.0379,1.5962,2.5503,1.3419,9.9231,4.0009,2.0669,0,1.0716,0,7.173,4.7954,7.8984,0,1.0874,0,3.9094,0.999,8.433,2.8976,0.904,0,1.0972,3.3797,0.7971,7.5953,7.6455,6.7659,7.5256,7.9299,6.1628,8.3648,6.0846,7.319,7.0998,8.0761,7.3729,6.0605,6.5015,7.1092,8.4342,7.8948,7.7092,7.1888,8.4203,6.6909,6.9396,7.6813,7.3465,7.6399,7.8233,7.9782,7.6304,6.928,6.6846,8.3866,7.3905,8.0398,8.5109,8.079,6.501,6.8642,7.4034,6.9843,7.5186,6.5474,10.0057,7.7286,7.629,7.1424,7.685,6.8592,6.4734,8.6448,8.5258
"TERT",4.3769,2.5439,3.3869,2.5524,7.5106,0.7977,0.72,10.1284,9.1692,9.08,3.4865,10.0429,1.4374,1.6129,2.6381,8.7195,0.6492,2.1549,0,2.2868,0,7.4269,6.524,0.4887,8.3054,7.3075,1.4981,3.4315,5.955,7.9127,11.2232,4.9675,4.5389,3.1906,11.4048,1.7606,3.7729,0.9758,6.4749,6.1762,2.1807,4.0675,1.434,6.9179,0,0,3.5978,4.4474,0.9113,8.4708,0.8545,1.3712,12.0283,1.7173,3.0676,2.1463,2.7364,5.9929,2.4126,2.7109,3.8648,0,3.8087,5.7377,10.9917,2.6729,3.2468,1.8405,4.6717,2.0128,5.8233,3.6758,0.8844,7.2229,7.2941,3.6231,4.338,9.1896,7.0045,0.9438,2.9502,6.1853,0,3.4484,6.8055,6.5891,7.5279,7.393,3.8039,11.0025,4.1974,6.6078,6.9405,3.283,2.0792,7.306,2.9024,3.3385,4.2074,8.6493,0,0,0,0,0,0,0,0,0,0,0,0,0,0,0,0,0,0,0,0,0,0,0,0,0,0,0,0,0,0,0,0,0,0.6856,1.5215,1.1286,0.9907,0,0,0,1.6337,1.393,0,0,0,0,1.162,0.719,0,0
"CLDN10",0,6.6594,0,2.5328,2.2601,0,0.72,3.0808,0.8233,0.4792,1.5229,0,4.5563,1.1835,2.4537,0,4.3729,1.1051,0.776,0,0,0.6943,5.9065,1.0288,0,0,8.0039,0.9965,3.8397,4.5143,1.881,0.6062,0,1.1274,0.6558,0.6755,2.216,3.4802,0,6.1439,0,0,3.9647,0,0,0,0,0.8486,0,0,5.7784,3.7558,0,1.2327,1.6368,4.7584,6.4203,0,0,1.9294,0,6.6213,6.4934,1.5013,1.0255,0,0,9.3368,2.8111,8.2403,0.8139,6.702,0,0,0,3.4837,3.6004,5.3271,0,12.0076,4.9662,3.2383,8.0286,2.0212,0.8259,7.7858,3.4282,8.164,0,0,0,4.5622,0,4.801,2.8353,0,1.0562,0,4.2349,0,7.1044,8.079,7.8861,7.6177,7.7235,6.5741,8.0594,6.4594,7.1906,7.1164,7.6142,7.006,6.2661,5.3566,7.5128,8.1598,7.7849,7.1387,7.0071,8.0794,6.8262,6.837,7.2434,7.4343,7.3033,6.6072,7.7333,7.6035,6.7234,5.6834,6.5,7.0301,7.3583,7.4133,6.7927,6.5527,6.6899,7.6509,7.0035,6.8154,6.7535,8.2076,5.8537,7.5655,7.0938,7.9482,7.7394,7.5796,9.3019,6.8833
"CYP2C9",14.4199,11.0555,7.6853,14.9772,7.0928,13.9358,14.8745,13.4235,12.9269,10.7148,12.0375,10.2182,10.5218,12.4854,7.1184,15.1606,13.7564,12.8198,1.1987,14.6854,13.2474,6.3539,7.4533,3.4165,14.5608,5.971,11.7258,16.5206,8.217,12.1418,10.1406,13.8905,11.7047,11.64,14.5385,14.8891,14.1876,12.5853,7.1402,8.0641,13.1089,13.4304,14.7282,11.8983,13.8364,11.6209,11.9816,11.7951,14.144,13.1098,7.8127,13.5256,4.1457,7.7402,13.5379,10.372,13.7246,12.5483,6.8863,3.5348,12.4463,15.7437,12.7344,8.0521,13.6251,14.2082,12.3297,14.2379,12.6491,9.7842,8.5511,12.6232,13.4481,14.6227,10.0959,13.8806,9.4639,2.4109,14.2779,7.5933,10.801,8.3988,14.2196,7.0008,9.5917,12.4654,6.7474,15.5991,11.2698,14.5929,14.6333,8.05,13.1641,9.7051,13.8785,13.6182,14.6974,12.1083,12.5573,7.7818,15.5608,15.0716,15.2922,15.5355,14.7559,14.2811,15.3105,15.2999,14.9466,15.64,15.1872,15.6397,15.4761,15.0392,15.6502,14.3843,14.3702,16.0218,14.9732,15.669,15.8668,15.183,15.5437,15.1537,14.5824,15.5218,15.6447,15.9847,14.9865,15.6619,15.5695,15.524,15.153,16.1199,15.2527,14.4859,15.0583,15.1566,14.9961,15.2353,15.7099,15.0899,14.1348,14.9109,15.4188,15.4088,14.5503,15.4812,14.8077,15.4963
"CYP7A1",9.9232,8.3523,9.8375,13.2784,1.3382,8.9184,10.493,12.5806,11.9398,11.9746,4.9554,12.4814,10.5296,11.7437,7.4119,10.6898,11.7408,8.1853,2.2887,11.3488,10.4687,1.0597,4.1623,2.4424,11.4169,2.493,13.0716,11.2874,11.2946,10.0697,13.3041,9.7552,8.4582,13.6179,12.46,5.9658,10.9008,11.5902,3.9179,4.2143,10.5095,1.0882,13.5036,10.2418,12.7095,13.3243,10.2672,8.3771,11.1218,9.2499,8.5215,9.6826,8.148,5.046,11.2318,9.5733,9.0344,10.3439,8.4763,5.3339,3.8648,10.6422,7.2849,1.3929,11.6643,10.0326,8.8648,11.8623,6.0441,0.901,11.0421,0,12.0402,11.3291,4.6712,4.2406,4.8989,0.6226,11.1097,1.9149,10.9148,3.5068,10.0686,7.6202,11.5427,9.1851,10.3506,12.2199,11.9859,12.4854,10.8128,11.2096,10.5127,5.4929,12.9708,9.8402,10.9635,4.5722,5.7393,8.3402,7.2949,8.6419,11.5068,10.0341,9.7642,2.3548,4.6093,6.0846,8.533,11.4515,10.7759,10.4504,10.309,1.2066,10.0611,8.9044,7.9103,8.8604,5.386,9.3865,9.9521,8.0347,6.0775,6.7453,9.993,5.6625,11.0557,8.7275,9.5418,6.5075,8.6065,9.575,10.0578,6.5464,9.3572,9.2755,7.5739,8.6895,8.6819,9.6555,5.1579,5.2008,5.149,8.8672,11.4891,9.3165,8.7662,9.4283,8.443,8.4792
"FAM99A",3.8834,10.0307,1.9404,8.5558,0.594,2.4409,0,5.6546,8.337,3.0165,6.0012,4.2397,3.7579,1.3471,8.0662,6.9684,10.6092,1.7235,0.7205,5.1666,8.2865,0,5.1214,0,8.3082,2.0308,10.6227,0,7.0149,4.522,9.2658,5.2705,10.4211,5.0917,9.4879,8.4985,9.0197,10.4044,1.6652,3.3288,4.079,3.9672,3.412,2.6597,9.1515,8.9123,3.8567,9.3732,2.547,2.6124,3.1828,0.8427,4.9684,2.1481,2.3839,3.4054,3.3309,6.1207,3.8046,1.3294,3.0811,3.5597,5.7404,4.4036,6.7321,5.7175,10.2506,8.9959,0,5.864,4.404,5.7994,10.8081,3.6106,3.5704,10.1425,5.5557,3.3471,6.4923,4.4141,7.5653,3.7823,5.9284,0.7945,9.3782,9.3699,4.8601,9.3447,10.0602,3.1496,7.4801,5.2528,4.0425,5.3586,8.5296,4.537,6.0859,3.2549,6.9926,1.3075,9.3243,9.7003,9.387,8.3965,11.8061,9.0418,10.8158,11.3952,7.0756,9.4316,8.818,8.7975,9.8792,8.646,9.2945,8.6426,9.3162,9.7307,10.5828,10.0016,9.6829,9.7065,9.7246,9.9072,9.034,10.2447,8.4201,9.2832,9.0917,10.2202,10.6146,9.8157,9.1761,10.8335,8.5187,9.4483,10.3145,10.2419,9.4691,8.0398,7.4384,9.4915,10.0914,9.8259,9.1909,9.3551,9.9529,9.5748,9.5455,9.0494
"FAM133A",0,0.7573,0,0,8.7377,0.7977,0,8.4598,8.0534,10.2813,0,8.8934,9.1503,0,0,8.4502,1.4355,8.9741,1.1987,4.4815,0,9.5436,1.2019,9.478,1.7784,0,0,0.6265,0,4.2157,3.7151,0.6062,0,0.6606,4.4784,3.881,1.9318,3.5402,9.6519,9.9252,0,4.5901,0,8.6541,0.477,0,8.3847,6.8111,8.5755,7.7016,1.1454,3.0252,7.3327,0,0,1.9037,6.9332,8.0934,0,0,3.0811,4.6427,1.3933,7.1447,0,7.6931,8.7806,3.7977,9.4797,1.2023,8.314,0,0,8.6868,0.931,4.3748,6.7849,4.2744,0,0,6.8374,0.8459,0,8.3873,0,8.6246,0.7114,1.3408,0,1.7003,0,6.5455,10.1566,8.3275,0.8532,7.2117,1.0562,2.1435,1.8829,0,0.9157,1.778,2.0686,2.9611,1.2801,3.4063,0,1.691,1.4076,0,1.2169,2.4794,0,1.2066,0.8568,1.0839,0.7157,1.5186,1.6045,2.2366,2.3484,0,0,2.7953,0.8946,2.3611,0.7351,2.023,1.09,0,0.9886,2.4509,1.8886,0,2.5052,1.7539,0,1.8707,0.8647,0,1.6337,2.7425,1.8168,1.0109,0,1.0793,1.162,3.4182,1.3176,1.4864
"SLC6A11",0,0,5.297,1.1483,0,9.9387,0,0.8349,0,0,7.8021,4.7311,0,7.8807,6.7841,0,7.3229,0,0,5.8874,7.7067,0.3461,7.6988,0,0,0,0,4.7312,4.2477,0,0,0,1.8548,0,0,0,8.5471,0,2.4177,7.5032,5.7784,0.6444,8.5081,7.2048,0,0,0.8427,0,7.9365,0,8.624,0,7.7689,6.2791,6.7768,8.3391,0,7.0948,9.5302,7.1312,6.9985,1.4847,3.5826,9.6233,0,0.6208,0,1.3498,0,0,0,9.011,0,0,0,3.7696,0,0.6226,0,9.5773,0,7.6693,0,7.6256,8.3195,3.5878,6.65,6.7892,6.6792,0,0,6.9438,6.6705,0,0,0,1.0562,3.2549,0,0,1.8717,0.8559,1.7639,1.0917,0,0,2.9173,0,4.1317,1.6684,4.0784,0,0,7.8033,4.8367,7.2707,0.7157,6.8504,1.6045,1.162,2.9161,0,6.4297,1.2143,2.8102,1.6176,4.7503,0,1.4292,0,0,1.3157,0.9267,4.2668,0,2.1888,0,0,0,5.1983,0,0.8585,0,0,0,4.9304,0,6.8896,1.9946,0
"ADAM6",8.6201,15.3793,13.6174,5.9957,4.471,11.5921,8.6738,9.7726,10.5896,7.3225,11.9642,14.5273,15.192,8.7734,7.9537,14.1476,11.9429,7.1893,14.0868,8.6528,12.4566,13.3592,11.6627,11.6856,9.8027,15.2279,14.1045,6.5514,11.431,11.0541,7.6575,15.751,13.6782,7.8984,6.4106,12.4786,12.996,11.1488,11.0954,5.4756,11.8997,5.3275,8.3923,13.5569,8.3001,1.5503,12.8348,6.7861,7.0695,11.9368,12.7874,7.3868,5.2113,8.0227,8.8062,13.7023,7.124,16.8876,8.1669,17.2683,7.2171,8.7115,11.3373,9.6593,7.0239,6.2661,6.4453,14.7485,12.1524,11.3336,10.6485,12.7966,11.6449,4.7005,9.8411,6.4219,12.5551,8.7254,5.522,6.4908,13.3335,13.2192,10.1942,8.1963,15.0208,14.5941,8.1346,14.6029,10.0847,6.8013,6.94,11.1418,12.4906,13.4647,13.3697,10.556,10.0315,4.7431,13.6302,4.8736,14.2257,12.6681,13.7755,14.0635,12.1499,15.2786,14.3405,12.3723,13.588,14.2549,14.8897,13.6369,12.9093,12.713,14.3309,14.0321,16.958,14.6382,13.0411,12.68,13.7953,11.9899,15.1121,13.7758,13.5958,13.3495,12.7604,12.8758,13.1601,14.664,11.6196,12.0993,13.3269,15.0496,15.1086,14.3257,11.5419,13.3806,13.9007,13.9316,14.642,14.6378,13.1431,13.2608,15.1866,13.3798,15.9786,15.3818,12.7807,10.5755
"HAL",10.7603,8.0742,10.5027,12.5058,4.2735,12.3451,12.3879,13.3126,11.2952,12.5625,12.75,12.0348,6.5074,11.4516,10.5388,12.2323,12.5679,2.7561,0,12.2376,11.993,5.9854,7.4533,0.8532,4.7937,11.4314,12.6856,2.6867,9.8151,2.0274,12.0266,6.1386,11.1149,11.485,9.8554,12.7192,11.4715,9.5923,10.1214,10.7293,10.886,13.5981,2.4695,3.8619,12.1505,11.3679,11.3623,10.3052,3.0083,11.9652,10.8807,1.9172,11.672,10.9532,6.9344,10.6611,2.4676,3.9772,13.1638,11.3884,5.0977,4.1033,11.3804,11.3705,3.5201,8.383,12.0202,9.4048,4.7746,4.5308,8.8341,12.1219,9.9806,13.9853,7.7721,9.8017,7.1867,4.6293,12.3025,12.2868,10.9583,11.909,1.3731,10.6312,12.9191,10.3305,10.1882,11.6184,9.6045,7.5438,7.2383,5.0876,11.1623,7.8102,10.6814,3.8583,12.8284,10.6332,10.2943,10.5341,10.5745,12.6738,12.5945,12.0524,10.0078,11.9713,12.7368,10.5603,12.6631,11.4237,10.9855,11.6995,11.9975,12.5939,12.394,12.6792,11.6205,12.2545,11.6494,12.215,12.3089,12.3546,13.3906,11.7342,11.7632,12.2682,11.1392,12.0422,11.3788,11.0693,12.0212,10.966,11.9858,11.5616,12.8607,9.0421,11.8613,11.5289,11.9771,11.6208,13.3092,12.6921,12.9908,12.4449,10.6249,11.4704,11.0673,9.3188,12.3733,13.152
"IGJ",3.2628,10.7589,9.8641,1.4981,1.3382,6.5662,5.219,5.6988,5.5358,3.8476,8.2463,8.4348,11.2044,4.0391,4.7336,8.0403,8.1868,4.6539,10.9915,5.7117,8.1643,10.0934,6.75,7.6394,6.4274,10.2906,10.2407,1.3959,7.7717,7.3109,5.093,12.1992,10.2975,4.2481,3.577,7.54,10.1385,6.4192,2.0899,1.8722,7.206,1.0882,5.5531,10.6682,4.726,0,8.4775,4.1549,4.075,8.6651,9.0886,1.577,2.033,4.5071,4.8817,9.0888,4.0755,11.6706,4.567,13.5897,2.9606,6.0389,7.3546,4.8237,3.5201,2.4065,3.5084,9.1946,7.143,6.3968,7.0423,8.628,8.0634,1.1979,2.877,3.0195,7.7138,3.9101,2.025,3.0685,9.6682,8.526,6.5912,4.4307,9.6818,8.798,5.1721,11.084,5.9647,2.1292,1.6044,7.1673,6.7794,9.7829,10.5702,7.3644,5.8632,1.9443,9.3931,2.6237,10.5449,9.247,10.0918,10.8475,7.3688,10.84,10.693,8.7841,10.3463,10.6894,11.6341,10.0823,8.9171,9.3783,11.439,11.2808,12.9509,11.1709,8.5798,9.7439,10.2121,10.2936,11.5942,10.4767,9.1714,10.1099,9.161,9.7223,9.728,11.0874,8.3081,8.8161,8.6953,11.1674,12.1915,10.6139,6.776,10.6532,10.5238,11.0329,11.3665,11.6157,9.1936,9.9242,9.7984,10.7393,11.6072,12.6052,8.269,6.2607
"CCL19",4.1856,10.2087,6.9541,9.1387,0,10.5268,3.1321,7.2354,8.8513,1.5705,6.6189,5.234,8.0604,7.0582,3.7592,9.4328,8.2036,2.9831,2.4682,3.6598,8.7486,5.3234,6.3737,3.243,1.1475,7.096,7.2695,0.6265,8.878,5.1938,1.5193,5.2107,9.4152,0,0,6.9681,8.9289,5.6245,4.573,2.5335,9.6303,0.6444,1.094,7.5219,1.5651,0.554,7.7602,1.3792,3.3573,2.6124,8.4549,0.8427,1.5138,3.4979,3.6557,10.6889,1.7073,6.4354,4.3923,14.8257,3.0811,1.9991,9.7616,2.2936,0.6616,4.9342,1.5297,7.6533,7.1903,5.175,2.5583,7.7235,2.6031,0,5.4163,1.0379,6.3386,1.0562,2.025,3.0685,9.7615,6.1853,0,1.9775,4.5343,11.0615,2.4493,10.3091,4.4869,2.4593,1.0146,5.8767,6.5058,8.1614,7.2839,3.343,3.8025,0,9.5821,3.5926,9.0213,8.0411,5.7257,5.7892,7.7879,10.6449,9.7238,5.1057,6.8769,5.6755,8.9782,8.2615,8.7627,8.5334,8.7806,8.8633,11.8211,9.7422,7.1164,8.3177,9.6273,5.7282,9.3154,7.6513,7.5829,6.6581,9.6694,7.4228,7.0249,6.3662,7.1472,5.2566,9.937,11.1451,6.5341,9.2476,3.8895,8.4253,6.5637,8.3497,6.3754,6.486,7.4098,8.8483,8.3066,7.1476,10.2788,11.3939,6.5125,6.2436
"MAGEC1",0,0,0,0,7.8212,0,0,8.7498,1.3441,11.4012,0,4.1033,9.2014,0,0,2.2267,0,6.4861,0,3.6598,0,10.0747,0,0,8.4199,0,0.9354,0,0,5.9563,6.1963,0,0,0,2.6274,0,2.8747,9.2888,0,1.0457,0,4.0182,0,10.6483,0.8347,1.5224,1.7571,2.0713,9.1769,6.0584,0,4.4082,1.1616,0,0,0,8.4786,8.7164,0,0.5891,0.7471,6.9177,0,8.8664,0.6616,5.272,7.4403,1.8405,6.4843,0,9.0591,0,0,7.8102,0,8.3622,1.5962,0.6226,0,0,7.0153,0,0,0.4513,0,7.2865,1.1857,0.8208,0,6.8406,3.1958,0,10.7508,10.4134,0,4.9967,0,0,0,0,0,0,0,0,0,0.7535,0,0,0,0,0,0,0,0,0,0,0,0,0,0,0,0,0,0,1.4427,0,0,0,0,2.1361,0,0,0,0,1.5215,0,0,0,0.8647,0,0,0,0,1.0109,0,0.6383,0,1.8416,0,0
"CYP2B7P1",8.7015,7.061,6.7787,11.3879,2.8305,11.4898,9.072,12.4762,10.4823,12.1221,3.2338,11.1144,5.2485,9.1449,3.45,10.7854,12.444,2.4866,1.8443,6.8267,12.8619,5.0321,3.8078,2.642,6.8331,7.9537,9.838,7.6085,11.7193,1.4636,10.3537,3.3784,11.3765,7.5093,14.7522,12.2778,9.4698,13.1041,4.1995,8.4072,6.1273,11.748,3.5581,6.5069,10.1797,7.5313,10.6095,6.4241,5.313,13.2818,6.0277,6.7243,6.0832,2.1481,3.6557,5.6141,7.2339,2.2288,8.0309,5.2018,5.2598,5.7484,9.4413,8.1676,5.722,7.371,13.1083,9.7017,2.7336,2.7306,4.5617,6.1464,12.4551,14.4576,7.887,8.0096,7.2789,4.2336,6.162,9.7864,9.956,6.201,2.6555,8.1204,12.6226,9.7337,6.139,11.4595,10.3094,12.4741,8.0788,5.2212,10.0553,3.6605,9.0889,4.3647,5.8362,8.6245,5.0845,7.5963,9.9231,12.8923,10.8957,12.4601,10.9531,10.4549,13.2924,9.1903,8.9782,11.4408,10.7417,12.3517,10.698,7.3562,9.858,11.4704,12.2776,12.4146,11.0404,10.0232,11.8854,9.8938,12.9263,11.0076,9.6314,11.4929,8.8334,13.5282,11.4103,9.4311,12.5036,10.0384,14.2627,13.1847,10.2167,9.8638,10.4951,11.0436,9.3195,10.1404,11.064,10.7297,10.807,10.8975,10.4039,9.9274,9.4994,8.2231,12.473,11.5099
"SFN",4.8336,9.6231,6.0124,5.2997,11.9129,3.0366,9.521,9.2581,9.2679,6.0702,11.6464,6.4656,11.1473,10.4172,9.1103,11.4532,8.9612,5.3269,1.5573,0,10.4844,9.9872,8.1305,5.5613,6.8785,12.1513,5.2287,8.9362,11.2354,10.2672,5.7224,8.6929,11.6034,10.3715,4.6546,7.6602,8.7963,4.0832,9.975,13.2263,10.4146,11.3291,9.5899,6.7599,9.0878,10.5179,10.7795,5.5132,2.7381,6.4282,6.8872,8.8134,11.0744,11.6305,11.9123,9.8237,5.668,5.9873,4.939,8.7214,11.3523,10.2318,4.2705,4.312,2.583,7.6191,11.2058,8.2902,7.2087,9.137,7.6236,5.8434,7.7163,8.6251,14.6141,7.9728,11.4958,5.7607,8.9359,9.2016,3.1594,8.8162,7.0217,10.8045,3.9148,10.6701,10.9591,6.5387,8.8344,4.4092,7.3162,9.0223,11.2851,9.7953,7.0337,6.1256,1.0562,9.2489,9.0649,8.5614,3.6518,3.7921,0.847,5.3828,1.9475,7.9398,7.2535,4.1164,0,7.7882,1.2169,4.3269,3.2423,3.1802,8.4277,2.7869,2.9638,1.5186,4.2756,3.9529,4.185,2.7887,3.2043,7.7793,6.6898,4.97,3.1657,4.6143,6.9509,3.191,5.5772,1.9594,8.1947,5.4026,7.3004,2.7709,2.5766,3.3892,1.4016,0,5.0244,7.1524,7.5524,2.0557,2.8829,4.3162,5.156,3.7984,5.8937,5.2455
"BPIL1",2.6227,4.0769,0.9606,5.1811,2.6074,6.295,0,0,3.4597,0.4792,14.0099,1.8302,3.9295,11.2902,9.7038,0,6.2154,0,0,7.5031,0,0,8.8456,0,0,3.7383,0.9354,0,8.2837,1.2132,0,11.486,6.2401,0.6606,0,1.4809,2.8747,0,4.018,2.0681,10.6366,2.3049,3.5581,0,0,0.554,0,7.0302,0.5265,0.8895,7.9345,0.8427,6.6163,4.7717,7.6002,11.0055,0,8.8856,0.6234,3.0983,8.8904,0,10.3455,6.5796,0,0,2.2553,0,7.8623,0,2.4002,4.6668,0.8844,0,11.6297,1.3673,0,1.6595,0.8217,4.1396,6.5006,2.7185,3.2451,0.4513,11.2601,4.8359,9.2519,0,1.9332,6.1672,0,8.3993,4.1274,6.1691,0,0,4.4269,4.8251,7.8465,4.9309,3.1665,0,1.3771,2.1354,1.9475,0.7535,2.2465,3.1973,3.5538,1.063,2.6549,0,3.2224,2.6397,3.053,2.9484,0.7157,3.4525,3.0255,4.3787,2.7505,1.7502,1.7374,2.3106,1.8389,5.6023,2.3181,6.4897,0,3.2463,4.8848,4.8354,3.562,2.6949,1.5215,0.6719,4.4416,0,4.1227,1.3333,0,3.1909,5.3106,6.0876,1.644,3.0416,4.6866,4.2049,0,4.0282
"CTNND2",0,5.8822,9.5042,1.1483,6.4942,7.99,3.4207,1.3603,0,10.4513,10.1896,0,0,6.201,10.7177,0,4.4234,0,0.7205,9.131,1.8219,5.5983,9.9672,1.5927,0,1.3466,3.5788,0.6265,8.6098,0.5256,4.5768,4.4172,7.3853,7.2588,0.6558,0.6755,4.9665,2.5443,0,2.0681,8.0744,0,0,1.7731,4.7045,8.0035,0,0,0.5265,0,9.2939,0,9.0205,1.1004,1.0391,8.7914,1.7073,3.4042,9.2064,9.0824,0,0,4.0042,0,0,0,0,7.5094,0,11.1064,8.1652,5.7774,3.5848,0.8974,8.7567,0,1.0085,9.1976,8.4457,6.2962,2.2089,3.1658,0,9.1564,8.2981,5.0222,9.5095,5.6673,6.6059,0,0,10.0001,1.3207,11.7019,0,0,8.3626,0,4.1539,0,4.9191,5.7234,4.8154,5.3432,4.4873,6.1765,5.6882,2.4483,4.8213,4.6418,5.3944,5.046,3.7045,4.6553,3.1875,5.7748,6.3787,5.717,3.0255,6.1608,4.5298,4.1333,5.7103,5.0013,5.035,4.9379,5.3052,6.2397,3.8053,4.8158,4.5017,4.5446,5.6337,4.7634,4.3008,3.5457,3.4425,4.7851,4.2527,4.0838,3.3873,7.3254,4.0857,4.928,5.2553,5.3599,3.8693,5.3365,7.7191,5.4965
"BMPER",2.1504,3.4146,0,0,1.0135,1.3084,4.4404,2.5115,2.8389,0.8383,1.7664,0,0,2.3554,1.6277,4.5288,4.4611,1.1051,7.0066,0.9781,3.4779,4.359,2.9073,4.5093,2.9418,0,2.2171,0,2.6954,1.8628,2.2428,1.627,0,1.4553,1.9551,2.1962,3.5308,7.2506,1.6652,1.0457,0,1.4272,0.6483,0.9761,1.5651,0,0,1.3792,1.2148,2.3958,1.5946,0.8427,1.1616,2.4794,1.6368,2.5355,0,0.797,2.0852,1.3294,0.7471,2.3776,5.8048,0.7229,1.7344,2.0794,2.2553,7.8725,0.9574,5.0293,4.8938,5.0432,0.8844,0,0,1.7526,4.9232,2.5503,2.2742,2.7097,2.0376,0.8459,6.0372,1.0716,1.5924,5.4173,2.4493,7.353,2.8483,3.4756,0,2.573,2.8057,3.7014,4.5093,1.8534,3.6864,1.9443,2.512,0,8.0795,8.1019,8.6249,8.4948,5.3064,7.6726,7.8421,7.9948,9.1327,8.0537,7.13,9.0299,8.8405,8.7723,7.6358,7.7918,8.3286,8.1896,6.7838,8.7351,8.8765,8.5443,8.188,8.1272,7.8479,8.4679,8.2479,7.7787,9.1197,8.2279,8.2012,7.9336,8.5946,7.534,8.4814,10.0824,7.0583,8.2006,8.4097,8.19,8.9519,8.2339,8.3132,8.0985,7.6495,8.8905,8.7662,8.156,8.0909,7.5781
"PTGDS",6.4284,13.412,7.909,9.8089,6.7271,12.6835,11.8956,9.4054,8.9645,10.7689,5.7016,5.2663,8.1383,7.6818,10.9705,10.2595,12.6785,3.1792,15.1436,4.1284,12.9372,7.0556,11.5481,7.8228,4.6956,9.2504,8.926,2.6867,14.5993,6.4598,10.0432,9.0211,9.6448,3.589,0,9.1397,11.7661,9.2014,5.2028,5.8566,10.0307,3.3232,4.6338,7.649,14.233,3.2368,13.1562,4.7345,5.5619,5.0243,8.6918,1.7571,10.19,3.764,14.1458,12.2745,3.4848,8.1089,5.4497,13.151,5.4731,4.2005,11.1167,7.2127,2.3428,3.7975,3.0958,10.6405,8.0119,6.6607,12.9463,8.4345,4.6744,0.5174,6.9365,1.0379,9.6571,5.5001,2.6718,4.534,11.1659,8.6313,3.074,5.8096,7.13,12.8214,5.8351,11.3845,6.9399,2.4593,2.0218,7.1167,8.3512,13.3107,7.9576,4.3023,7.3857,1.9443,10.1473,1.6838,9.4058,10.7183,8.3977,8.102,9.033,11.5706,11.0517,7.8256,7.743,8.6069,11.3529,9.1018,9.4909,8.5461,9.808,10.7197,11.6954,9.4026,8.8808,8.651,10.3342,7.8475,9.676,8.2605,8.7558,7.5323,9.5606,9.295,7.8391,7.9395,8.646,7.805,10.1624,9.877,8.8552,9.8902,8.9729,9.6785,7.193,9.3759,9.9288,9.0509,9.3014,10.5096,10.2027,9.8581,11.9004,11.8805,7.5105,7.8101
"SULT1C2",0,9.7125,7.9864,9.4535,11.4797,6.7054,2.6271,4.2498,7.1398,7.4229,11.9616,5.2979,8.6008,10.6299,8.8836,3.9748,7.9815,6.9428,8.5792,10.5,0.7083,7.586,7.6622,6.5129,3.0516,10.2196,11.904,5.4037,9.5669,6.9952,8.8836,7.3477,4.4553,1.9648,3.7098,2.8014,8.9057,8.1187,6.5097,10.4017,9.1045,8.8166,1.094,7.9321,9.1081,1.5224,5.9563,9.585,0,8.7099,3.6687,8.2237,10.404,5.8345,8.054,9.0009,10.1826,9.5212,7.9129,7.0837,11.3895,1.7647,8.6983,9.4723,0.6616,7.5264,5.6992,3.9974,4.1662,6.1283,10.7755,6.8614,9.5453,5.1847,9.499,9.6326,10.219,8.1461,4.0311,1.9149,10.8609,8.9077,3.7784,10.195,7.5373,8.1441,6.7388,5.7922,0,3.8578,1.0146,9.1618,5.7794,8.8371,2.0792,2.165,7.8513,10.0492,10.392,2.4398,3.1665,4.0345,1.3771,3.3291,0,3.2064,5.8609,1.3138,4.437,3.1086,6.1804,3.2312,3.8035,4.2218,5.4321,3.8518,5.862,7.6434,1.6045,4.8809,1.7889,1.1257,4.1161,2.1046,3.2617,3.2133,2.1118,8.0804,4.209,2.1361,4.0659,0,4.6102,5.9217,6.6326,0,2.9837,0,2.099,3.5408,2.0547,2.0884,6.3077,4.7214,7.4623,2.2914,4.3787,6.4734,5.4687,3.6681
"CCL21",8.1003,11.1779,7.2515,5.5983,0.594,10.9897,7.7883,9.9352,10.6968,1.1257,4.8691,3.2509,8.4279,9.4047,4.3824,11.9027,10.0221,4.5864,6.8615,5.0447,11.7768,8.9449,7.9163,5.6378,4.5157,5.6549,9.8119,1.3959,8.6748,6.8379,6.1963,4.6146,10.2794,4.2481,2.4864,6.6542,10.7085,8.9083,8.3131,1.0457,10.491,1.4272,6.2565,7.9177,1.1212,6.3325,8.7194,0,5.8086,3.7853,8.2934,4.325,2.7152,2.7486,4.2428,11.2999,1.0927,6.956,6.9381,16.2206,4.2203,6.2238,10.2965,0.4062,0,5.8172,6.7372,10.6395,7.245,9.0547,2.7007,8.7737,3.3655,0,7.0593,2.2284,6.5713,5.5837,4.441,7.4933,9.0763,7.6233,3.8858,7.4759,5.8097,12.6924,8.0281,10.7826,8.6281,6.9885,1.0146,8.0136,5.3379,9.5817,11.5686,4.3647,2.0835,4.3484,10.1516,6.3338,10.1002,9.2021,8.0432,7.7991,9.8671,11.8452,10.9665,7.9737,10.0233,6.9679,9.6119,8.6923,9.4127,9.494,10.0435,10.8258,11.7921,10.3707,9.9239,9.6234,10.6813,7.6912,10.297,7.5121,9.9548,7.2546,10.4834,9.3881,9.1516,8.4612,8.6914,8.7021,10.7972,11.8334,9.0663,12.2815,6.7095,10.2545,9.7872,9.1221,9.7676,7.769,8.8749,9.5897,9.1803,8.998,11.6841,11.8869,8.0589,8.8859
"NEU4",10.4983,10.0627,9.5685,8.5697,8.3099,9.4846,8.4979,3.4839,3.3551,6.9625,12.0937,1.435,9.4946,10.9101,8.7145,10.4735,7.9151,10.3412,2.7717,0,10.0275,1.535,3.9359,2.8173,4.9436,3.561,1.902,11.2601,11.1796,10.3484,6.7278,10.706,8.7445,9.3345,10.4753,9.3271,9.4217,7.2322,2.6846,2.3944,2.4375,0,11.2883,4.2023,10.2177,7.8333,2.5261,3.5121,11.5045,0,0.8545,8.8726,11.4873,7.2153,10.1214,8.2735,10.8353,10.889,10.0982,2.3318,9.1707,10.2902,10.6711,8.9989,10.6305,10.1167,10.6762,10.156,9.0986,6.0549,7.2302,7.7003,10.7999,9.6797,11.6297,3.0195,9.6214,0,11.0592,0,10.2135,10.8982,9.6588,8.107,10.7405,9.4172,11.7726,9.9796,9.2604,2.1292,9.9238,4.6866,9.621,3.228,10.6948,10.018,5.3554,10.5654,10.47,2.9333,10.2755,10.5296,10.9215,8.5437,11.4613,9.3317,9.4249,10.8248,9.9396,9.8478,10.5254,9.8106,10.7982,6.5825,9.8542,9.1055,6.7583,5.2826,9.4926,10.0754,8.2197,10.7793,7.4885,10.9927,9.5998,10.1026,10.7103,10.93,10.5309,11.004,10.3058,11.4898,10.8891,7.1073,10.0875,11.358,11.1945,10.5453,9.9518,10.7689,6.8133,9.3955,10.1211,9.7514,11.1798,9.3341,10.8032,10.0399,9.9907,10.7986
"ODAM",0,0.7573,0,0,2.6074,0,0.72,0,0.8233,0,0,0,11.3049,2.7358,0,0,0,7.6198,0,0,0,4.6513,2.2931,0.4887,9.524,1.3466,0,10.4571,0.8339,10.407,0,10.6105,0,0,0,0.6755,0,0,0,0,0,0,7.4002,10.2453,0,2.825,0,10.3297,11.2974,0,0,6.94,0,1.1004,0,0.7531,10.3295,1.6837,0,1.0062,1.8929,9.3369,0,0.4062,10.1943,8.958,0,4.4015,9.9784,0.5197,5.5308,0,0,0,0,5.5569,0,2.2565,0,0,0,1.3757,7.8751,0,0,0,0,0,3.4787,7.051,7.305,0.868,0,6.4042,0,6.1873,2.6775,0.6505,0.7416,0,0.9157,0,0,0,1.2801,0,0,0,0,1.063,0,0,0,0,0,0,0,0.6975,0,0,1.3989,0,0,0,0,0,0,1.6054,0,0,0,0.8029,0,1.1484,0,0.6719,0.9907,0,0,0,0,0.8585,0,0,0,1.0793,0,0,0,0
"SLC6A2",0,4.2439,0,1.4981,0,0,0,0,0.8233,0,0,1.435,8.9801,3.4974,0,0,5.0114,12.6999,0,0,0,0,0,1.5927,11.7061,0,1.902,10.1401,1.3589,2.0274,0.9511,2.9613,0,0,0,1.1337,0.7688,1.2928,2.0899,0.6156,0,1.0882,4.0283,4.2397,0,0,0,0,7.9999,0,0.8545,9.4256,0,6.122,7.4164,0,10.5085,2.933,0,0,0,9.4137,1.1506,1.7122,9.5693,9.313,0,9.7317,7.9853,0.5197,2.5583,2.5966,0,0,0,7.6385,0,0,0,0,1.6184,1.3757,10.6517,1.0716,0,5.3352,0,3.1151,1.0892,4.5544,11.6205,7.678,0,0,5.4773,9.7044,2.4108,0,5.6838,0,1.8717,3.6251,6.6329,3.3291,5.0192,0,3.4982,5.6871,2.7624,4.5101,4.3832,5.5707,4.0653,4.0615,5.7254,2.9484,1.1919,1.8019,3.9341,3.2725,5.6704,4.3156,3.3698,5.7321,6.5904,6.0253,2.1118,3.4873,5.4371,2.6072,5.0222,3.4168,6.421,2.015,0.9527,4.9931,4.2303,2.848,3.0685,5.8194,0,0.8585,0,4.6059,6.0864,5.9974,4.462,4.5213,1.3176,3.4476
"F9",14.029,12.0297,9.5275,13.1127,3.7798,13.4578,15.1497,10.8792,12.0976,4.1653,9.4549,13.3293,12.6899,11.8559,9.101,12.1614,12.9408,13.3006,0,11.2835,13.2593,1.8918,7.2465,0,12.5487,9.9739,14.7744,7.0976,10.5689,12.7879,13.0516,8.2621,12.4196,10.9753,12.6669,12.724,12.8456,14.6548,9.9065,12.8885,11.5517,14.2369,10.518,8.3824,11.5907,11.7635,12.4271,13.5058,9.2402,13.3981,10.8689,8.0809,1.7966,10.17,10.4969,10.293,13.4003,10.1356,10.1992,7.5161,11.7567,13.6939,12.617,11.8044,9.0808,10.7728,12.8936,11.0209,12.4549,8.7936,10.4782,9.9931,14.4953,12.3604,4.0367,12.6707,8.3589,0,12.4623,12.9742,14.1335,8.3713,13.6712,5.9619,8.4276,11.67,11.0224,13.8824,11.0446,13.1332,12.4846,8.9277,11.325,8.0686,14.1188,8.2834,11.8677,14.169,12.0183,12.1692,14.4134,13.6868,14.5283,14.5343,14.1869,12.9622,14.4887,14.1781,14.7117,14.6026,14.317,13.5639,14.4283,14.625,14.4821,13.939,13.5407,14.032,14.4297,14.9445,14.3357,14.2685,14.492,14.6678,14.1229,14.6741,14.3861,14.7552,14.7836,14.6454,14.6053,14.4006,14.1192,13.5558,15.3775,13.2781,14.464,14.3819,14.83,14.6667,13.7105,14.4964,14.429,14.6447,14.4923,14.2889,13.9375,13.7613,13.5358,14.5301
"NPC1L1",9.2783,11.1002,11.6545,11.831,10.6762,7.2926,3.2348,3.9171,9.6638,7.7662,10.674,4.533,10.8009,2.4936,9.0206,11.9458,11.8334,3.5059,1.1987,10.9894,11.1316,8.9265,10.6961,1.1439,4.9436,9.1043,11.513,13.2584,11.3936,10.5711,2.9132,9.8659,12.4323,11.8781,4.8097,10.9283,10.8848,11.5988,4.758,5.6273,13.0967,4.4852,12.1443,11.464,7.3118,11.8745,11.9957,1.7664,0.9113,0.8895,9.8079,12.4077,0,7.6527,11.6834,7.4002,9.7926,10.5332,10.7276,9.3206,11.8319,10.1812,9.5064,11.9351,3.6595,5.6877,5.5619,10.2415,6.8332,8.029,10.4757,9.8945,11.5921,11.7348,11.7374,12.467,5.3563,8.5024,1.3419,1.5096,6.2191,9.9775,11.0526,3.1231,5.4813,8.6418,11.8526,9.6854,3.8039,2.1292,10.6317,6.9438,8.6256,4.3425,11.0241,11.0804,11.398,9.6547,3.7111,7.7672,10.6843,10.5893,10.9648,11.0217,10.4105,9.7852,11.0819,11.3912,9.2933,12.3952,10.8336,11.0638,11.5985,9.398,11.0817,10.213,9.982,9.6279,10.0291,11.2094,10.2773,10.628,9.9371,11.1886,11.6067,11.2519,10.9477,11.617,11.4094,11.8389,11.7395,10.8694,11.3652,7.6781,10.2712,10.2757,10.9151,11.0025,10.639,11.2192,9.5215,10.1365,10.7804,10.4781,11.2285,10.8148,10.862,11.3431,10.982,11.0473
"TM4SF20",0,1.9111,3.2502,7.2638,11.5502,10.6232,6.8924,9.1666,10.7736,8.9732,4.0012,0.8891,1.0969,4.6839,1.0322,0,3.3352,0,0,0.9781,0,8.7731,1.2019,0,0,2.0308,0.9354,0.6265,10.5004,0,4.076,1.0317,11.1233,11.1129,0.6558,4.6021,1.9318,1.7726,7.2159,0,0,0,4.2595,0,4.4949,8.1604,0,0,0,1.4356,0.4895,7.2605,2.9642,0,1.0391,1.6117,1.0927,4.6205,0,0,0.7471,0.6776,4.9773,1.9735,0.6616,0,5.1665,0,0,2.16,6.9165,0,0.8844,0.8974,0,7.3666,7.808,0.6226,8.8573,0,0.6018,0,3.074,14.3257,3.3793,0,0,0.8208,10.0904,5.4135,0,0,0.5843,0.4477,0,0.904,1.6594,0.6505,5.6838,0,1.8717,0.8559,0,1.7059,0,1.9044,0.9533,0.8015,0,0,1.8675,0,0,0.726,0,0,2.4583,0,1.6045,0,0,0,2.1704,0,3.1263,0,0,0,0,1.4318,0,1.3157,0.9267,0,0,0,0,0,0,0,0,0.8585,1.4234,1.5996,0,1.4165,0,2.4652,0,0
"HHIP",3.5006,2.9823,1.9404,2.0149,0,7.1041,1.8436,3.1436,2.4896,0,1.7664,0,0,0.599,0.6064,4.4701,7.1776,0,2.4682,0,3.7053,0,3.1379,9.889,1.1475,0,0.9354,0,3.0076,0,0,1.627,0,2.7671,0.6558,1.1337,6.1996,5.46,0,0,1.868,0,0,0,0.8347,1.7402,0.8427,0,0.9113,0,2.3335,0.482,0,1.1004,0,4.9615,0,0,0,3.7663,0.7471,0,5.4629,0,0,1.0534,0,8.0684,2.2532,5.0671,0.6881,4.6668,0.8844,0,2.2099,0,4.3736,9.6791,0,2.4901,3.6308,1.3757,3.7784,1.504,0.7415,6.6916,0,6.7069,2.7307,1.7003,0,2.9261,0.999,5.1673,3.3032,1.2059,0,0.6505,2.512,0,7.6912,7.1489,7.2551,7.5167,5.1983,8.2158,7.1818,7.5845,8.2572,7.3611,7.2096,7.7351,8.0031,7.9363,7.4609,6.3706,6.5267,6.5961,5.4208,7.659,6.8323,6.8239,6.7907,7.4206,7.1487,7.1604,8.3746,7.2688,6.9805,7.7247,8.3126,7.4033,6.6322,7.1877,7.5767,8.7754,6.391,7.1748,8.0474,7.2355,7.6795,7.5423,6.5209,6.3966,7.0983,8.2413,6.5519,7.3557,7.3873,6.0216
"DEFB1",10.1244,10.6578,6.898,8.089,11.2473,11.898,12.5748,6.3664,9.7016,2.8687,9.5836,4.0299,12.8916,10.2253,12.04,12.0879,12.072,12.2254,0,8.0542,12.019,9.1502,14.6305,0.8532,12.6971,4.0384,13.2285,8.2732,10.5881,13.5808,12.0335,0,12.3333,10.4166,12.8024,8.2151,13.9775,10.5873,3.9179,8.3565,12.8252,9.3806,0,2.4201,10.8843,9.4958,7.7336,8.6487,11.3055,0.8895,13.9214,7.5595,3.1765,14.2517,12.5704,11.3617,9.0029,2.6234,13.5747,10.9482,12.8537,11.9718,10.9488,10.2887,1.1134,9.5673,6.6313,10.6245,10.8678,14.7642,10.6031,10.8706,11.1736,5.7096,11.6684,11.6813,8.2999,8.3048,9.6887,13.6739,10.1603,6.6536,12.2893,4.9595,5.5028,12.8885,12.4747,11.5861,10.779,11.9196,7.9773,10.6631,8.5849,11.6837,4.7873,3.343,14.509,6.5699,11.1041,11.8432,11.0339,9.7822,10.4417,10.6636,10.6966,12.9413,11.5682,10.2209,10.5244,10.6011,12.2022,9.0362,9.2943,7.5798,11.5185,12.0754,9.9965,12.619,9.8683,11.4094,11.3858,10.6226,10.7871,10.3313,11.2501,11.0114,11.1507,10.3914,9.9484,10.7771,11.3538,11.2095,10.4988,13.3302,10.6974,9.3163,10.0244,11.6857,8.5041,10.5871,8.3851,11.6003,10.4994,11.1836,12.8279,12.1972,10.5229,11.4114,10.8897,10.3049
"LECT2",13.4814,10.6398,1.7507,10.7588,3.0236,12.1729,11.9019,10.2061,9.846,0.8383,9.0413,10.8377,9.7041,7.4591,6.6689,11.1427,10.104,3.5059,0.7205,13.0334,10.7327,0,7.2752,1.5927,11.5148,2.0308,9.5172,12.546,6.5437,10.2735,10.5352,12.7301,11.5401,6.8577,11.1208,10.8422,11.2299,10.8733,2.0899,8.2838,12.1472,9.0023,12.3371,12.5698,9.788,9.6682,9.0264,10.9968,12.6332,11.3215,10.3955,10.7978,1.7966,5.3988,12.4009,9.9563,9.1424,13.9095,11.2486,9.5358,10.3882,12.536,10.3195,11.5551,12.1708,13.7418,8.3344,10.8271,12.5349,8.7723,9.7992,11.6742,10.7282,9.6583,0.931,12.7454,7.4388,2.0836,7.2203,10.1961,12.8179,10.6897,12.5789,4.2194,4.098,11.4391,7.9105,12.0621,10.6888,13.5766,10.327,12.2092,9.2195,5.6369,11.3997,11.6745,12.6504,7.0445,8.2825,11.9041,12.9305,10.8589,13.13,11.767,13.3945,12.0465,12.0964,12.8975,12.1552,12.3966,12.2046,11.9288,12.1097,11.3242,12.9099,11.7482,11.8817,12.7187,13.0534,12.66,12.1731,12.5727,11.1132,12.5501,12.7501,12.554,12.746,12.1427,11.9582,12.6994,12.6085,12.4728,11.6035,11.4054,12.6521,10.0689,12.7108,12.7501,11.0737,11.4797,11.4206,12.3058,12.4818,12.3605,11.7557,12.5604,12.3926,13.1004,8.9557,12.2833
"USH1C",0,4.1903,8.7324,0,9.4203,0,1.8436,0.8349,0,6.4607,1.7664,0,8.7703,3.9933,9.2595,0,4.4611,9.1714,0,0,0,7.5819,10.8381,1.7737,9.9525,1.3466,3.053,1.6669,6.8872,5.1587,1.263,9.5403,1.207,0.6606,0.6558,5.7902,8.5113,0.9758,0,7.8938,0.9133,0.6444,8.7363,2.7661,5.6876,0.9533,2.7123,0,7.8063,0,0,6.7457,5.8556,10.0396,9.7208,8.3842,3.4848,4.7448,2.5521,6.241,0.7471,11.229,4.5464,2.8439,9.9101,6.5467,0,8.8192,9.9757,12.5385,8.7709,5.5885,0,2.4097,7.711,1.3673,7.5006,3.1853,2.2742,9.5668,3.8012,7.9226,4.8361,10.2465,7.558,6.9245,8.0422,6.9852,0,0,2.0218,4.3203,9.228,9.0873,0,11.6548,0,8.8389,8.0021,0.7971,5.3538,6.6527,5.2381,4.7559,6.1497,6.4039,6.5499,3.6879,4.5934,5.3682,5.5246,5.2332,4.7004,3.5991,4.1725,6.5364,5.3959,5.4964,4.3496,6.1732,4.0489,3.8076,5.5398,4.6683,5.2457,4.5702,6.3351,5.4894,4.4516,2.9618,4.7328,4.7973,5.1753,6.967,6.4897,4.8814,3.9825,5.0394,3.6432,3.8756,3.9746,7.1547,3.6752,4.4131,5.2146,6.2291,5.7607,5.6279,7.7343,5.0238
"FAM151A",4.4117,4.5415,3.1407,6.8704,1.2666,4.9826,7.0404,8.4133,2.6072,6.5582,1.809,3.8668,10.1971,4.2237,6.5519,9.8583,4.6803,4.9797,7.3498,2.7344,12.5069,9.0403,4.357,0,3.502,0,10.4818,6.7913,2.392,1.28,7.8986,3.8269,10.1017,9.5866,4.2679,0,2.7076,0.9105,2.3791,3.2348,5.0947,1.1518,6.5354,2.4987,9.4357,3.8223,7.3022,1.7664,5.1499,9.465,1.4865,0,6.0628,0,2.126,1.8416,4.1693,6.8407,2.8458,6.7513,1.7253,5.6136,6.3085,9.5963,9.2627,7.9858,5.607,5.3312,5.4922,4.8115,11.8472,8.4251,6.7495,7.1319,1.9905,0.7274,1.2331,2.9785,3.6523,3.3307,5.7207,6.1267,4.1708,2.5854,8.7403,2.9771,0,7.1484,0.9016,6.4744,5.5308,0,4.2319,3.0185,6.7843,9.2816,5.4165,10.8454,2.3059,2.6237,10.8821,7.9357,8.2271,8.2202,10.1207,7.0279,9.6336,10.1153,11.5778,8.6144,8.4223,8.5788,9.0461,4.746,8.2372,6.3119,9.0599,5.1334,6.1888,8.0803,7.4663,8.1595,5.3456,8.365,5.8714,8.3531,9.7078,8.5418,8.0454,11.2738,9.0775,10.6195,8.8888,4.382,9.1689,8.5326,9.4832,9.369,6.9321,9.1924,9.0271,10.1028,9.0008,9.1687,9.4712,7.0865,9.5285,9.1751,5.7853,10.4737
